d_in	d_out	before	after	key1	key2	desin1	desin2	stress change
a	@	n	r	abandonare|=|Ncfsrn|3	abandonări|abandonare|Ncfp-n|3	e	i_0	FALSE
a	@	k	r	abdicare|=|Ncfsrn|2	abdicări|abdicare|Ncfp-n|2	e	i_0	FALSE
a	@	t	r	abilitare|=|Ncfsrn|3	abilitări|abilitare|Ncfp-n|3	e	i_0	FALSE
a	@	t	t	abilitate|=|Ncfsrn|3	abilități|abilitate|Ncfp-n|3	e	i_0	FALSE
a	@	d	r	abordare|=|Ncfsrn|2	abordări|abordare|Ncfp-n|2	e	i_0	FALSE
a	@	g	r	abrogare|=|Ncfsrn|2	abrogări|abrogare|Ncfp-n|2	e	i_0	FALSE
a	e	i	n	academician|=|Ncms-n|5	academicieni|academician|Ncmp-n|5		i_0	FALSE
a	@	r	r	accelerare|=|Ncfsrn|3	accelerări|accelerare|Ncfp-n|3	e	i_0	FALSE
a	@	u	r	accentuare|=|Ncfsrn|3	accentuări|accentuare|Ncfp-n|3	e	i_0	FALSE
a	@	t	r	acceptare|=|Ncfsrn|2	acceptări|acceptare|Ncfp-n|2	e	i_0	FALSE
a	@	s	r	accesare|=|Ncfsrn|2	accesări|accesare|Ncfp-n|2	e	i_0	FALSE
a	@	t	t	accesibilitate|=|Ncfsrn|5	accesibilități|accesibilitate|Ncfp-n|5	e	i_0	FALSE
a	@	t	r	accidentare|=|Ncfsrn|3	accidentări|accidentare|Ncfp-n|3	e	i_0	FALSE
a	@	z	r	accizare|=|Ncfsrn|2	accizări|accizare|Ncfp-n|2	e	i_0	FALSE
a	@	t	r	achitare|=|Ncfsrn|2	achitări|achitare|Ncfp-n|2	e	i_0	FALSE
a	@	t	r	achitare|=|Ncfsrn|2	architări|achitare|Ncfp-n|2	e	i_0	FALSE
a	@	n	r	achiziționare|=|Ncfsrn|5	achiziționări|achiziționare|Ncfp-n|5	e	i_0	FALSE
a	@	z	r	aclimatizare|=|Ncfsrn|4	aclimatizări|aclimatizare|Ncfp-n|4	e	i_0	FALSE
a	@	d	r	acomodare|=|Ncfsrn|3	acomodări|acomodare|Ncfp-n|3	e	i_0	FALSE
a	@	d	r	acordare|=|Ncfsrn|2	acordări|acordare|Ncfp-n|2	e	i_0	FALSE
a	@	t	r	acostare|=|Ncfsrn|2	acostări|acostare|Ncfp-n|2	e	i_0	FALSE
a	@	t	r	acreditare|=|Ncfsrn|3	acreditări|acreditare|Ncfp-n|3	e	i_0	FALSE
a	e	i	n	actinopterigian|=|Ncms-n|6	actinopterigieni|actinopterigian|Ncmp-n|6		i_0	FALSE
a	@	v	r	activare|=|Ncfsrn|2	activări|activare|Ncfp-n|2	e	i_0	FALSE
a	@	t	t	activitate|=|Ncfsrn|3	activități|activitate|Ncfp-n|3	e	i_0	FALSE
a	@	t	t	actualitate|=|Ncfsrn|4	actualități|actualitate|Ncfp-n|4	e	i_0	FALSE
a	@	z	r	actualizare|=|Ncfsrn|4	actualizări|actualizare|Ncfp-n|4	e	i_0	FALSE
a	@	l	r	acumulare|=|Ncfsrn|3	acumulări|acumulare|Ncfp-n|3	e	i_0	FALSE
a	@	z	r	acuzare|=|Ncfsrn|2	acuzări|acuzare|Ncfp-n|2	e	i_0	FALSE
a	@	n	r	acționare|=|Ncfsrn|3	acționări|acționare|Ncfp-n|3	e	i_0	FALSE
a	@	t	t	adaptabilitate|=|Ncfsrn|5	adaptabilități|adaptabilitate|Ncfp-n|5	e	i_0	FALSE
a	@	t	r	adaptare|=|Ncfsrn|2	adaptări|adaptare|Ncfp-n|2	e	i_0	FALSE
a	@	v	r	adecvare|=|Ncfsrn|2	adecvări|adecvare|Ncfp-n|2	e	i_0	FALSE
a	@	r	r	aderare|=|Ncfsrn|2	aderări|aderare|Ncfp-n|2	e	i_0	FALSE
a	@	k	r	adjudecare|=|Ncfsrn|3	adjudecări|adjudecare|Ncfp-n|3	e	i_0	FALSE
a	@	r	r	administrare|=|Ncfsrn|3	administrări|administrare|Ncfp-n|3	e	i_0	FALSE
a	@	t	r	adoptare|=|Ncfsrn|2	adoptări|adoptare|Ncfp-n|2	e	i_0	FALSE
a	@	t	t	adresabilitate|=|Ncfsrn|5	adresabilități|adresabilitate|Ncfp-n|5	e	i_0	FALSE
a	@	n	r	adunare|=|Ncfsrn|2	adunări|adunare|Ncfp-n|2	e	i_0	FALSE
a	@	t	t	adversitate|=|Ncfsrn|3	adversități|adversitate|Ncfp-n|3	e	i_0	FALSE
a	@	g	r	adăugare|=|Ncfsrn|3	adăugări|adăugare|Ncfp-n|3	e	i_0	FALSE
a	@	t	r	afectare|=|Ncfsrn|2	afectări|afectare|Ncfp-n|2	e	i_0	FALSE
a	@	t	t	afinitate|=|Ncfsrn|3	afinități|afinitate|Ncfp-n|3	e	i_0	FALSE
a	@	m	r	afirmare|=|Ncfsrn|2	afirmări|afirmare|Ncfp-n|2	e	i_0	FALSE
a	@	S	r	afișare|=|Ncfsrn|2	afișări|afișare|Ncfp-n|2	e	i_0	FALSE
a	@	l	r	aflare|=|Ncfsrn|1	aflări|aflare|Ncfp-n|1	e	i_0	FALSE
a	e	g_j	s	agheasmă|=|Ncfsrn|1	aghesme|agheasmă|Ncfp-n|1	ă	e	FALSE
a	@	r	r	aglomerare|=|Ncfsrn|3	aglomerări|aglomerare|Ncfp-n|3	e	i_0	FALSE
a	@	v	r	agravare|=|Ncfsrn|2	agravări|agravare|Ncfp-n|2	e	i_0	FALSE
a	@	s	r	agresare|=|Ncfsrn|2	agresări|agresare|Ncfp-n|2	e	i_0	FALSE
a	@	t	t	agresivitate|=|Ncfsrn|4	agresivități|agresivitate|Ncfp-n|4	e	i_0	FALSE
a	@	t	r	agroalimentare|=|Ncfsrn|5	agroalimentări|agroalimentare|Ncfp-n|5	e	i_0	FALSE
a	@	t	r	ajustare|=|Ncfsrn|2	ajustări|ajustare|Ncfp-n|2	e	i_0	FALSE
a	@	t	r	ajutare|=|Ncfsrn|2	ajutări|ajutare|Ncfp-n|2	e	i_0	FALSE
a	@	r	r	ajutorare|=|Ncfsrn|3	ajutorări|ajutorare|Ncfp-n|3	e	i_0	FALSE
a	@	m	r	alarmare|=|Ncfsrn|2	alarmări|alarmare|Ncfp-n|2	e	i_0	FALSE
a	@	l	r	alchilare|=|Ncfsrn|2	alchilări|alchilare|Ncfp-n|2	e	i_0	FALSE
a	@	g	r	alergare|=|Ncfsrn|2	alergări|alergare|Ncfp-n|2	e	i_0	FALSE
a	@	z	r	alfabetizare|=|Ncfsrn|4	alfabetizări|alfabetizare|Ncfp-n|4	e	i_0	FALSE
a	@	t	r	alimentare|=|Ncfsrn|3	alimentări|alimentare|Ncfp-n|3	e	i_0	FALSE
a	@	n	r	alinare|=|Ncfsrn|2	alinări|alinare|Ncfp-n|2	e	i_0	FALSE
a	@	t	r	alintare|=|Ncfsrn|2	alintări|alintare|Ncfp-n|2	e	i_0	FALSE
a	e	v	n	alivancă|=|Ncfsrn|2	alivenci|alivancă|Ncfp-n|2	ă	tS	FALSE
a	@	k	r	alocare|=|Ncfsrn|2	alocări|alocare|Ncfp-n|2	e	i_0	FALSE
a	@	r	r	alterare|=|Ncfsrn|2	alterări|alterare|Ncfp-n|2	e	i_0	FALSE
a	@	n	r	alternare|=|Ncfsrn|2	alternări|alternare|Ncfp-n|2	e	i_0	FALSE
a	@	k	r	alunecare|=|Ncfsrn|3	alunecări|alunecare|Ncfp-n|3	e	i_0	FALSE
a	@	g	r	alungare|=|Ncfsrn|2	alungări|alungare|Ncfp-n|2	e	i_0	FALSE
a	@	t	r	alăptare|=|Ncfsrn|2	alăptări|alăptare|Ncfp-n|2	e	i_0	FALSE
a	@	r	r	alăturare|=|Ncfsrn|3	alăturări|alăturare|Ncfp-n|3	e	i_0	FALSE
a	@	t	t	amabilitate|=|Ncfsrn|4	amabilități|amabilitate|Ncfp-n|4	e	i_0	FALSE
a	@	l	r	ambalare|=|Ncfsrn|2	ambalări|ambalare|Ncfp-n|2	e	i_0	FALSE
a	@	t	t	ambiguitate|=|Ncfsrn|4	ambiguități|ambiguitate|Ncfp-n|4	e	i_0	FALSE
a	@	r	r	ameliorare|=|Ncfsrn|4	ameliorări|ameliorare|Ncfp-n|4	e	i_0	FALSE
a	@	Z	r	amenajare|=|Ncfsrn|3	amenajări|amenajare|Ncfp-n|3	e	i_0	FALSE
a	@	d	r	amendare|=|Ncfsrn|2	amendări|amendare|Ncfp-n|2	e	i_0	FALSE
a	@	ts	r	amenințare|=|Ncfsrn|3	amenințări|amenințare|Ncfp-n|3	e	i_0	FALSE
a	@	k	r	amestecare|=|Ncfsrn|3	amestecări|amestecare|Ncfp-n|3	e	i_0	FALSE
a	e	j	z	amiază|=|Ncfsrn|1	amiezi|amiază|Ncfp-n|2	ă	i_0	TRUE
a	@	z	r	amortizare|=|Ncfsrn|3	amortizări|amortizare|Ncfp-n|3	e	i_0	FALSE
a	@	s	r	amplasare|=|Ncfsrn|2	amplasări|amplasare|Ncfp-n|2	e	i_0	FALSE
a	@	k	r	amplificare|=|Ncfsrn|3	amplificări|amplificare|Ncfp-n|3	e	i_0	FALSE
a	@	t	r	amputare|=|Ncfsrn|2	amputări|amputare|Ncfp-n|2	e	i_0	FALSE
a	@	n	r	amânare|=|Ncfsrn|2	amânări|amânare|Ncfp-n|2	e	i_0	FALSE
a	@	z	r	analizare|=|Ncfsrn|3	analizări|analizare|Ncfp-n|3	e	i_0	FALSE
a	@	t	r	anchetare|=|Ncfsrn|2	anchetări|anchetare|Ncfp-n|2	e	i_0	FALSE
a	@	r	r	ancorare|=|Ncfsrn|2	ancorări|ancorare|Ncfp-n|2	e	i_0	FALSE
a	@	s	r	anexare|=|Ncfsrn|2	anexări|anexare|Ncfp-n|2	e	i_0	FALSE
a	@	Z	r	angajare|=|Ncfsrn|2	angajări|angajare|Ncfp-n|2	e	i_0	FALSE
a	@	l	r	anihilare|=|Ncfsrn|3	anihilări|anihilare|Ncfp-n|3	e	i_0	FALSE
a	@	t	t	animozitate|=|Ncfsrn|4	animozități|animozitate|Ncfp-n|4	e	i_0	FALSE
a	@	s	r	aniversare|=|Ncfsrn|3	aniversări|aniversare|Ncfp-n|3	e	i_0	FALSE
a	@	t	t	antichitate|=|Ncfsrn|3	antichități|antichitate|Ncfp-n|3	e	i_0	FALSE
a	@	p	r	anticipare|=|Ncfsrn|3	anticipări|anticipare|Ncfp-n|3	e	i_0	FALSE
a	@	n	r	antrenare|=|Ncfsrn|2	antrenări|antrenare|Ncfp-n|2	e	i_0	FALSE
a	@	l	r	anulare|=|Ncfsrn|2	anulări|anulare|Ncfp-n|2	e	i_0	FALSE
a	@	ts	r	anunțare|=|Ncfsrn|2	anunțări|anunțare|Ncfp-n|2	e	i_0	FALSE
a	@	t	t	anxietate|=|Ncfsrn|3	anxietăți|anxietate|Ncfp-n|3	e	i_0	FALSE
a	@	k	r	aplecare|=|Ncfsrn|2	aplecări|aplecare|Ncfp-n|2	e	i_0	FALSE
a	@	t	t	aplicabilitate|=|Ncfsrn|5	aplicabilități|aplicabilitate|Ncfp-n|5	e	i_0	FALSE
a	@	k	r	aplicare|=|Ncfsrn|2	aplicări|aplicare|Ncfp-n|2	e	i_0	FALSE
a	@	b	r	aprobare|=|Ncfsrn|2	aprobări|aprobare|Ncfp-n|2	e	i_0	FALSE
a	@	d	r	aprofundare|=|Ncfsrn|3	aprofundări|aprofundare|Ncfp-n|3	e	i_0	FALSE
a	@	n	r	aprovizionare|=|Ncfsrn|5	aprovizionări|aprovizionare|Ncfp-n|5	e	i_0	FALSE
a	@	r	r	apărare|=|Ncfsrn|2	apărări|apărare|Ncfp-n|2	e	i_0	FALSE
a	@	s	r	apăsare|=|Ncfsrn|2	apăsări|apăsare|Ncfp-n|2	e	i_0	FALSE
a	e	e	n	aramean|=|Ncms-n|3	arameeni|aramean|Ncmp-n|2		i_0	TRUE
a	@	r	m	aramă|=|Ncfsrn|1	arămuri|aramă|Ncfp-n|1	ă	u r i_0	FALSE
a	@	Z	r	aranjare|=|Ncfsrn|2	aranjări|aranjare|Ncfp-n|2	e	i_0	FALSE
a	@	d	r	arendare|=|Ncfsrn|2	arendări|arendare|Ncfp-n|2	e	i_0	FALSE
a	@	t	r	arestare|=|Ncfsrn|2	arestări|arestare|Ncfp-n|2	e	i_0	FALSE
a	e	i	n	argentinian|=|Afpms-n|4	argentinieni|argentinian|Ncmp-n|4		i_0	FALSE
a	@	t	r	argumentare|=|Ncfsrn|3	argumentări|argumentare|Ncfp-n|3	e	i_0	FALSE
a	@	g	r	ariergardă|=|Ncfsrn|3	ariergărzi|ariergardă|Ncfp-n|3	ă	i_0	FALSE
a	@	z	r	armonizare|=|Ncfsrn|3	armonizări|armonizare|Ncfp-n|3	e	i_0	FALSE
a	e	i	n	arteziană|=|Ncfsrn|3	arteziene|arteziană|Ncfp-n|3	ă	e	FALSE
a	@	l	r	articulare|=|Ncfsrn|3	articulări|articulare|Ncfp-n|3	e	i_0	FALSE
a	@	t	t	artificiozitate|=|Ncfsrn|6	artificiozități|artificiozitate|Ncfp-n|6	e	i_0	FALSE
a	@	k	r	aruncare|=|Ncfsrn|2	aruncări|aruncare|Ncfp-n|2	e	i_0	FALSE
a	@	t	r	arătare|=|Ncfsrn|2	arătări|arătare|Ncfp-n|2	e	i_0	FALSE
a	@	l	r	asamblare|=|Ncfsrn|2	asamblări|asamblare|Ncfp-n|2	e	i_0	FALSE
a	@	n	r	asanare|=|Ncfsrn|2	asanări|asanare|Ncfp-n|2	e	i_0	FALSE
a	@	n	r	asasinare|=|Ncfsrn|3	asasinări|asasinare|Ncfp-n|3	e	i_0	FALSE
a	@	t	r	ascultare|=|Ncfsrn|2	ascultări|ascultare|Ncfp-n|2	e	i_0	FALSE
a	@	n	r	asemănare|=|Ncfsrn|3	asemănări|asemănare|Ncfp-n|3	e	i_0	FALSE
a	@	t	r	asfaltare|=|Ncfsrn|2	asfaltări|asfaltare|Ncfp-n|2	e	i_0	FALSE
a	@	r	r	asigurare|=|Ncfsrn|3	asigurări|asigurare|Ncfp-n|3	e	i_0	FALSE
a	@	l	r	asimilare|=|Ncfsrn|3	asimilări|asimilare|Ncfp-n|3	e	i_0	FALSE
a	@	t	r	asistare|=|Ncfsrn|2	asistări|asistare|Ncfp-n|2	e	i_0	FALSE
a	@	t	t	asociativitate|=|Ncfsrn|6	asociativități|asociativitate|Ncfp-n|6	e	i_0	FALSE
a	@	p	r	astupare|=|Ncfsrn|2	astupări|astupare|Ncfp-n|2	e	i_0	FALSE
a	@	m	r	asumare|=|Ncfsrn|2	asumări|asumare|Ncfp-n|2	e	i_0	FALSE
a	@	k	r	atacare|=|Ncfsrn|2	atacări|atacare|Ncfp-n|2	e	i_0	FALSE
a	@	S	r	atașare|=|Ncfsrn|2	atașări|atașare|Ncfp-n|2	e	i_0	FALSE
a	e	i	n	atenian|=|Ncms-n|3	atenieni|atenian|Ncmp-n|3		i_0	FALSE
a	@	u	r	atenuare|=|Ncfsrn|3	atenuări|atenuare|Ncfp-n|3	e	i_0	FALSE
a	@	n	r	atenționare|=|Ncfsrn|3	atenționări|atenționare|Ncfp-n|3	e	i_0	FALSE
a	@	z	r	aterizare|=|Ncfsrn|3	aterizări|aterizare|Ncfp-n|3	e	i_0	FALSE
a	@	t	r	atestare|=|Ncfsrn|2	atestări|atestare|Ncfp-n|2	e	i_0	FALSE
a	@	t	t	atrocitate|=|Ncfsrn|3	atrocități|atrocitate|Ncfp-n|3	e	i_0	FALSE
a	@	t	r	auditare|=|Ncfsrn|3	auditări|auditare|Ncfp-n|3	e	i_0	FALSE
EXCL	EXCL	e	l	aureală|=|Ncfsrn|3	aureli|aureală|Ncfp-n|2	ă	i_0	TRUE
a	@	t	t	austeritate|=|Ncfsrn|4	austerități|austeritate|Ncfp-n|4	e	i_0	FALSE
a	e	i	n	australian|=|Afpms-n|4	australieni|australian|Ncmp-n|4		i_0	FALSE
a	e	i	n	australiancă|=|Ncfsrn|4	australience|australiancă|Ncfp-n|4	ă	e	FALSE
a	e	i	n	australiană|=|Ncfsrn|4	australiene|australiană|Ncfp-n|4	ă	e	FALSE
a	e	i	k	austriac|=|Afpms-n|3	austrieci|austriac|Ncmp-n|3		tS	FALSE
a	e	i	k	austriacă|=|Ncfsrn|3	austriece|austriacă|Ncfp-n|3	ă	e	FALSE
a	e	i	n	austroneziană|=|Ncfsrn|5	austroneziene|austroneziană|Ncfp-n|5	ă	e	FALSE
a	@	t	t	autenticitate|=|Ncfsrn|5	autenticități|autenticitate|Ncfp-n|5	e	i_0	FALSE
a	@	k	r	autentificare|=|Ncfsrn|5	autentificări|autentificare|Ncfp-n|5	e	i_0	FALSE
a	@	t	r	autoaccidentare|=|Ncfsrn|6	autoaccidentări|autoaccidentare|Ncfp-n|6	e	i_0	FALSE
a	@	m	r	autoafirmare|=|Ncfsrn|5	autoafirmări|autoafirmare|Ncfp-n|5	e	i_0	FALSE
a	@	n	r	autoaprovizionare|=|Ncfsrn|7	autoaprovizionări|autoaprovizionare|Ncfp-n|7	e	i_0	FALSE
a	@	v	r	autoconservare|=|Ncfsrn|5	autoconservări|autoconservare|Ncfp-n|5	e	i_0	FALSE
a	@	S	r	autodeclanșare|=|Ncfsrn|5	autodeclanșări|autodeclanșare|Ncfp-n|5	e	i_0	FALSE
a	@	n	r	autodeterminare|=|Ncfsrn|6	autodeterminări|autodeterminare|Ncfp-n|6	e	i_0	FALSE
a	@	t	r	autodezvoltare|=|Ncfsrn|5	autodezvoltări|autodezvoltare|Ncfp-n|5	e	i_0	FALSE
a	@	k	r	autodiagnosticare|=|Ncfsrn|7	autodiagnosticări|autodiagnosticare|Ncfp-n|7	e	i_0	FALSE
a	@	r	r	autoechilibrare|=|Ncfsrn|6	autoechilibrări|autoechilibrare|Ncfp-n|6	e	i_0	FALSE
a	@	d	r	autofecundare|=|Ncfsrn|5	autofecundări|autofecundare|Ncfp-n|5	e	i_0	FALSE
a	@	n	r	autofrânare|=|Ncfsrn|4	autofrânări|autofrânare|Ncfp-n|4	e	i_0	FALSE
a	@	Z	r	autofurajare|=|Ncfsrn|5	autofurajări|autofurajare|Ncfp-n|5	e	i_0	FALSE
a	@	g	r	autogară|=|Ncfsrn|3	autogări|autogară|Ncfp-n|3	ă	i_0	FALSE
a	@	n	r	autoguvernare|=|Ncfsrn|5	autoguvernări|autoguvernare|Ncfp-n|5	e	i_0	FALSE
a	@	z	r	automatizare|=|Ncfsrn|5	automatizări|automatizare|Ncfp-n|5	e	i_0	FALSE
a	@	k	r	automișcare|=|Ncfsrn|4	automișcări|automișcare|Ncfp-n|4	e	i_0	FALSE
a	@	l	r	autopersiflare|=|Ncfsrn|5	autopersiflări|autopersiflare|Ncfp-n|5	e	i_0	FALSE
a	@	l	r	autoreglare|=|Ncfsrn|4	autoreglări|autoreglare|Ncfp-n|4	e	i_0	FALSE
a	@	t	t	autoritate|=|Ncfsrn|4	autorități|autoritate|Ncfp-n|4	e	i_0	FALSE
a	@	z	r	autorizare|=|Ncfsrn|4	autorizări|autorizare|Ncfp-n|4	e	i_0	FALSE
a	@	k	r	autoscară|=|Ncfsrn|3	autoscări|autoscară|Ncfp-n|3	ă	i_0	FALSE
a	@	z	r	autosesizare|=|Ncfsrn|5	autosesizări|autosesizare|Ncfp-n|5	e	i_0	FALSE
a	@	r	d	autostradă|=|Ncfsrn|3	autostrăzi|autostradă|Ncfp-n|3	ă	i_0	FALSE
a	@	t	r	autoîncântare|=|Ncfsrn|5	autoîncântări|autoîncântare|Ncfp-n|5	e	i_0	FALSE
a	@	ts	r	autoînsămânțare|=|Ncfsrn|6	autoînsămânțări|autoînsămânțare|Ncfp-n|6	e	i_0	FALSE
a	@	g	r	avangardă|=|Ncfsrn|2	avangărzi|avangardă|Ncfp-n|2	ă	i_0	FALSE
a	@	s	r	avansare|=|Ncfsrn|2	avansări|avansare|Ncfp-n|2	e	i_0	FALSE
a	@	z	r	avertizare|=|Ncfsrn|3	avertizări|avertizare|Ncfp-n|3	e	i_0	FALSE
a	@	z	r	avizare|=|Ncfsrn|2	avizări|avizare|Ncfp-n|2	e	i_0	FALSE
a	@	s	r	axare|=|Ncfsrn|1	axări|axare|Ncfp-n|1	e	i_0	FALSE
a	e	Z	n	azerbaidjan|=|Afpms-n|3	azerbaidjeni|azerbaidjan|Ncmp-n|3		i_0	FALSE
a	@	z	r	așezare|=|Ncfsrn|2	așezări|așezare|Ncfp-n|2	e	i_0	FALSE
a	@	t	r	așteptare|=|Ncfsrn|2	așteptări|așteptare|Ncfp-n|2	e	i_0	FALSE
a	e	gZ	k	bageacă|=|Ncfsrn|1	bageci|bageacă|Ncfp-n|1	ă	tS	FALSE
a	@	b	j	baie|=|Ncfsrn|0	băi|baie|Ncfp-n|0	e	j	FALSE
a	@	b	l	balangă|=|Ncfsrn|1	bălăngi|balangă|Ncfp-n|1	ă	gZ	FALSE
a	@	l	n	balangă|=|Ncfsrn|1	balăngi|balangă|Ncfp-n|1	ă	gZ	FALSE
a	@	n	r	balonare|=|Ncfsrn|2	balonări|balonare|Ncfp-n|2	e	i_0	FALSE
a	@	b	l	baltă|=|Ncfsrn|0	bălți|baltă|Ncfp-n|0	ă	i_0	FALSE
a	@	t	t	banalitate|=|Ncfsrn|3	banalități|banalitate|Ncfp-n|3	e	i_0	FALSE
a	@	z	r	banalizare|=|Ncfsrn|3	banalizări|banalizare|Ncfp-n|3	e	i_0	FALSE
a	@	b	n	bancă|=|Ncfsrn|0	bănci|bancă|Ncfp-n|0	ă	tS	FALSE
a	e	b	n	bandă|=|Ncfsrn|0	benzi|bandă|Ncfp-n|0	ă	i_0	FALSE
a	@	z	r	bantustanizare|=|Ncfsrn|4	bantustanizări|bantustanizare|Ncfp-n|4	e	i_0	FALSE
a	@	b	r	baracă|=|Ncfsrn|1	bărăci|baracă|Ncfp-n|1	ă	i_0	FALSE
a	@	r	k	baracă|=|Ncfsrn|1	barăci|baracă|Ncfp-n|1	ă	tS	FALSE
a	@	b	r	barbă|=|Ncfsrn|0	bărbi|barbă|Ncfp-n|0	ă	i_0	FALSE
a	@	b	r	barcă|=|Ncfsrn|0	bărci|barcă|Ncfp-n|0	ă	tS	FALSE
a	@	b	r	bardă|=|Ncfsrn|0	bărzi|bardă|Ncfp-n|0	ă	i_0	FALSE
a	e	b	r	barză|=|Ncfsrn|0	berze|barză|Ncfp-n|0	ă	e	FALSE
a	@	b	s	bască|=|Ncfsrn|0	băști|bască|Ncfp-n|0	ă	i_0	FALSE
a	e	i	n	belgian|=|Ncms-n|2	belgieni|belgian|Ncmp-n|2		i_0	FALSE
a	@	t	t	bestialitate|=|Ncfsrn|4	bestialități|bestialitate|Ncfp-n|4	e	i_0	FALSE
a	@	t	r	binecuvântare|=|Ncfsrn|4	binecuvântări|binecuvântare|Ncfp-n|4	e	i_0	FALSE
a	@	r	r	biodeteriorare|=|Ncfsrn|6	biodeteriorări|biodeteriorare|Ncfp-n|6	e	i_0	FALSE
a	@	l	r	biostimulare|=|Ncfsrn|3	biostimulări|biostimulare|Ncfp-n|3	e	i_0	FALSE
a	@	l	g	blagă|=|Ncfsrn|0	blăgi|blagă|Ncfp-n|0	ă	gZ	FALSE
a	@	m	r	blamare|=|Ncfsrn|1	blamări|blamare|Ncfp-n|1	e	i_0	FALSE
a	@	l	n	blană|=|Ncfsrn|0	blăni|blană|Ncfp-n|0	ă	i_0	FALSE
a	@	l	n	blană|=|Ncfsrn|0	blănuri|blană|Ncfp-n|0	ă	u r i_0	FALSE
a	@	k	r	blocare|=|Ncfsrn|1	blocări|blocare|Ncfp-n|1	e	i_0	FALSE
a	@	b	i	bobaică|=|Ncfsrn|1	bobăici|bobaică|Ncfp-n|1	ă	tS	FALSE
a	@	t	r	boicotare|=|Ncfsrn|2	boicotări|boicotare|Ncfp-n|2	e	i_0	FALSE
a	@	d	r	bombardare|=|Ncfsrn|2	bombardări|bombardare|Ncfp-n|2	e	i_0	FALSE
a	@	b	r	bombare|=|Ncfsrn|1	bombări|bombare|Ncfp-n|1	e	i_0	FALSE
a	@	t	t	bonitate|=|Ncfsrn|2	bonități|bonitate|Ncfp-n|2	e	i_0	FALSE
a	e	i	k	bosniac|=|Ncms-n|2	bosnieci|bosniac|Ncmp-n|2		tS	FALSE
a	@	z	r	botezare|=|Ncfsrn|2	botezări|botezare|Ncfp-n|2	e	i_0	FALSE
a	@	r	g	bragă|=|Ncfsrn|0	brăgi|bragă|Ncfp-n|0	ă	gZ	FALSE
a	@	S	r	branșare|=|Ncfsrn|1	branșări|branșare|Ncfp-n|1	e	i_0	FALSE
a	e	i	n	brazilian|=|Ncms-n|3	brazilieni|brazilian|Ncmp-n|3		i_0	FALSE
a	@	t	r	brevetare|=|Ncfsrn|2	brevetări|brevetare|Ncfp-n|2	e	i_0	FALSE
a	@	z	j	brezaie|=|Ncfsrn|1	brezăi|brezaie|Ncfp-n|1	e	j	FALSE
a	e	tS	g	briceag|=|Ncms-n|1	bricege|briceag|Ncfp-n|1		e	FALSE
a	@	g	d	brigadă|=|Ncfsrn|1	brigăzi|brigadă|Ncfp-n|1	ă	i_0	FALSE
a	e	i	n	browniană|=|Ncfsrn|2	browniene|browniană|Ncfp-n|2	ă	e	FALSE
a	@	t	t	brutalitate|=|Ncfsrn|3	brutalități|brutalitate|Ncfp-n|3	e	i_0	FALSE
a	@	ts	r	brățară|=|Ncfsrn|1	brățări|brățară|Ncfp-n|1	ă	i_0	FALSE
a	@	k	t	bucată|=|Ncfsrn|1	bucăți|bucată|Ncfp-n|1	ă	i_0	FALSE
a	@	l	j	bucălaie|=|Ncfsrn|2	bucălăi|bucălaie|Ncfp-n|2	e	j	FALSE
a	@	t	r	bugetare|=|Ncfsrn|2	bugetări|bugetare|Ncfp-n|2	e	i_0	FALSE
a	@	m	S	bumașcă|=|Ncfsrn|1	bumăști|bumașcă|Ncfp-n|1	ă	i_0	FALSE
a	@	t	r	bunăstare|=|Ncfsrn|2	bunăstări|bunăstare|Ncfp-n|2	e	i_0	FALSE
a	@	t	t	bunătate|=|Ncfsrn|2	bunătăți|bunătate|Ncfp-n|2	e	i_0	FALSE
a	e	j	n	buruiană|=|Ncfsrn|2	buruieni|buruiană|Ncfp-n|2	ă	i_0	FALSE
a	@	t	l	butalcă|=|Ncfsrn|1	butălci|butalcă|Ncfp-n|1	ă	tS	FALSE
a	e	j	l	bâlbâială|=|Ncfsrn|2	bâlbâieli|bâlbâială|Ncfp-n|2	ă	i_0	FALSE
a	e	j	t	băiat|=|Ncms-n|1	băieți|băiat|Ncmp-n|1		i_0	FALSE
a	e	j	t	băiată|=|Ncfsrn|1	băiete|băiată|Ncfp-n|1	ă	e	FALSE
a	e	tS	l	bălăceală|=|Ncfsrn|2	bălăceli|bălăceală|Ncfp-n|2	ă	i_0	FALSE
a	e	j	l	bănuială|=|Ncfsrn|2	bănuieli|bănuială|Ncfp-n|2	ă	i_0	FALSE
a	@	t	j	bătaie|=|Ncfsrn|1	bătăi|bătaie|Ncfp-n|1	e	j	FALSE
a	@	r	r	cadrare|=|Ncfsrn|1	cadrări|cadrare|Ncfp-n|1	e	i_0	FALSE
a	@	k	d	cadă|=|Ncfsrn|0	căzi|cadă|Ncfp-n|0	ă	i_0	FALSE
a	@	t	t	calamitate|=|Ncfsrn|3	calamități|calamitate|Ncfp-n|3	e	i_0	FALSE
a	@	l	r	calculare|=|Ncfsrn|2	calculări|calculare|Ncfp-n|2	e	i_0	FALSE
a	@	k	l	cale|=|Ncfsrn|0	căi|cale|Ncfp-n|0	e	j	FALSE
a	@	k	r	calificare|=|Ncfsrn|3	calificări|calificare|Ncfp-n|3	e	i_0	FALSE
a	@	t	t	calitate|=|Ncfsrn|2	calități|calitate|Ncfp-n|2	e	i_0	FALSE
a	@	m	r	calmare|=|Ncfsrn|1	calmări|calmare|Ncfp-n|1	e	i_0	FALSE
a	e	i	n	cambodgian|=|Afpms-n|3	cambodgieni|cambodgian|Ncmp-n|3		i_0	FALSE
a	e	i	n	canadian|=|Afpms-n|3	canadieni|canadian|Ncmp-n|3		i_0	FALSE
a	e	i	n	canadiancă|=|Ncfsrn|3	canadience|canadiancă|Ncfp-n|3	ă	e	FALSE
a	e	i	n	canadiană|=|Ncfsrn|3	canadiene|canadiană|Ncfp-n|3	ă	e	FALSE
a	@	z	r	canalizare|=|Ncfsrn|3	canalizări|canalizare|Ncfp-n|3	e	i_0	FALSE
a	@	d	r	candidare|=|Ncfsrn|2	candidări|candidare|Ncfp-n|2	e	i_0	FALSE
a	@	k	n	cange|=|Ncfsrn|0	căngi|cange|Ncfp-n|0	e	gZ	FALSE
a	@	z	r	canonizare|=|Ncfsrn|3	canonizări|canonizare|Ncfp-n|3	e	i_0	FALSE
a	@	t	t	cantitate|=|Ncfsrn|2	cantități|cantitate|Ncfp-n|2	e	i_0	FALSE
a	@	k	n	cană|=|Ncfsrn|0	căni|cană|Ncfp-n|0	ă	i_0	FALSE
a	@	t	t	capabilitate|=|Ncfsrn|4	capabilități|capabilitate|Ncfp-n|4	e	i_0	FALSE
a	@	t	t	capacitate|=|Ncfsrn|3	capacități|capacitate|Ncfp-n|3	e	i_0	FALSE
a	@	h	j	capichehaie|=|Ncfsrn|3	capichehăi|capichehaie|Ncfp-n|3	e	j	FALSE
a	@	z	r	capitalizare|=|Ncfsrn|4	capitalizări|capitalizare|Ncfp-n|4	e	i_0	FALSE
a	@	l	r	capitulare|=|Ncfsrn|3	capitulări|capitulare|Ncfp-n|3	e	i_0	FALSE
a	@	t	t	captivitate|=|Ncfsrn|3	captivități|captivitate|Ncfp-n|3	e	i_0	FALSE
a	@	r	r	capturare|=|Ncfsrn|2	capturări|capturare|Ncfp-n|2	e	i_0	FALSE
a	@	z	r	caracterizare|=|Ncfsrn|4	caracterizări|caracterizare|Ncfp-n|4	e	i_0	FALSE
a	@	k	r	carne|=|Ncfsrn|0	cărnuri|carne|Ncfp-n|0	e	u r i_0	FALSE
a	@	k	r	carte|=|Ncfsrn|0	cărți|carte|Ncfp-n|0	e	i_0	FALSE
a	e	i	n	cartezian|=|Ncms-n|3	cartezieni|cartezian|Ncmp-n|3		i_0	FALSE
a	@	s	r	casare|=|Ncfsrn|1	casări|casare|Ncfp-n|1	e	i_0	FALSE
a	@	k	s	cască|=|Ncfsrn|0	căști|cască|Ncfp-n|0	ă	i_0	FALSE
a	@	t	t	castitate|=|Ncfsrn|2	castități|castitate|Ncfp-n|2	e	i_0	FALSE
a	@	r	r	castrare|=|Ncfsrn|1	castrări|castrare|Ncfp-n|1	e	i_0	FALSE
a	@	t	t	cauzalitate|=|Ncfsrn|4	cauzalități|cauzalitate|Ncfp-n|4	e	i_0	FALSE
a	@	t	t	cavitate|=|Ncfsrn|2	cavități|cavitate|Ncfp-n|2	e	i_0	FALSE
a	@	z	r	cazare|=|Ncfsrn|1	cazări|cazare|Ncfp-n|1	e	i_0	FALSE
a	@	z	r	cazarmă|=|Ncfsrn|1	cazărmi|cazarmă|Ncfp-n|1	ă	i_0	FALSE
a	e	tS	f	ceafă|=|Ncfsrn|0	cefe|ceafă|Ncfp-n|0	ă	e	FALSE
a	e	tS	p	ceapcă|=|Ncfsrn|0	cepce|ceapcă|Ncfp-n|0	ă	e	FALSE
a	e	tS	p	ceapcă|=|Ncfsrn|0	cepci|ceapcă|Ncfp-n|0	ă	tS	FALSE
a	e	tS	p	ceapă|=|Ncfsrn|0	cepe|ceapă|Ncfp-n|0	ă	e	FALSE
a	e	tS	r	ceartă|=|Ncfsrn|0	certuri|ceartă|Ncfp-n|0	ă	u r i_0	FALSE
a	e	tS	t	ceată|=|Ncfsrn|0	cete|ceată|Ncfp-n|0	ă	e	FALSE
a	e	tS	S	ceașcă|=|Ncfsrn|0	cești|ceașcă|Ncfp-n|0	ă	i_0	FALSE
a	e	tS	ts	ceață|=|Ncfsrn|0	cețuri|ceață|Ncfp-n|0	ă	u r i_0	FALSE
a	@	d	r	cedare|=|Ncfsrn|1	cedări|cedare|Ncfp-n|1	e	i_0	FALSE
a	@	r	r	celebrare|=|Ncfsrn|2	celebrări|celebrare|Ncfp-n|2	e	i_0	FALSE
a	@	t	t	celebritate|=|Ncfsrn|3	celebrități|celebritate|Ncfp-n|3	e	i_0	FALSE
a	@	t	t	celeritate|=|Ncfsrn|3	celerități|celeritate|Ncfp-n|3	e	i_0	FALSE
a	@	t	t	centralitate|=|Ncfsrn|3	centralități|centralitate|Ncfp-n|3	e	i_0	FALSE
a	@	z	r	centralizare|=|Ncfsrn|3	centralizări|centralizare|Ncfp-n|3	e	i_0	FALSE
a	@	r	r	centrare|=|Ncfsrn|1	centrări|centrare|Ncfp-n|1	e	i_0	FALSE
a	@	t	r	cercetare|=|Ncfsrn|2	cercetări|cercetare|Ncfp-n|2	e	i_0	FALSE
a	@	k	r	certificare|=|Ncfsrn|3	certificări|certificare|Ncfp-n|3	e	i_0	FALSE
a	@	t	t	cetate|=|Ncfsrn|1	cetăți|cetate|Ncfp-n|1	e	i_0	FALSE
a	e	i	n	cezariană|=|Ncfsrn|3	cezariene|cezariană|Ncfp-n|3	ă	e	FALSE
a	e	j	l	cheltuială|=|Ncfsrn|2	cheltuieli|cheltuială|Ncfp-n|2	ă	i_0	FALSE
a	@	m	r	chemare|=|Ncfsrn|1	chemări|chemare|Ncfp-n|1	e	i_0	FALSE
a	@	n	r	chestionare|=|Ncfsrn|3	chestionări|chestionare|Ncfp-n|3	e	i_0	FALSE
a	e	j	l	chibzuială|=|Ncfsrn|2	chibzuieli|chibzuială|Ncfp-n|2	ă	i_0	FALSE
a	@	z	r	cicatrizare|=|Ncfsrn|3	cicatrizări|cicatrizare|Ncfp-n|3	e	i_0	FALSE
a	@	p	t	ciopată|=|Ncfsrn|1	ciopăți|ciopată|Ncfp-n|1	ă	i_0	FALSE
a	@	t	r	citare|=|Ncfsrn|1	citări|citare|Ncfp-n|1	e	i_0	FALSE
a	@	f	j	ciumăfaie|=|Ncfsrn|2	ciumăfăi|ciumăfaie|Ncfp-n|2	e	i	FALSE
a	@	l	k	clacă|=|Ncfsrn|0	clăci|clacă|Ncfp-n|0	ă	tS	FALSE
a	@	l	j	claie|=|Ncfsrn|0	clăi|claie|Ncfp-n|0	e	j	FALSE
a	@	t	t	clandestinitate|=|Ncfsrn|4	clandestinități|clandestinitate|Ncfp-n|4	e	i_0	FALSE
a	@	l	p	clapcă|=|Ncfsrn|0	clăpci|clapcă|Ncfp-n|0	ă	tS	FALSE
a	@	k	r	clarificare|=|Ncfsrn|3	clarificări|clarificare|Ncfp-n|3	e	i_0	FALSE
a	@	t	t	claritate|=|Ncfsrn|2	clarități|claritate|Ncfp-n|2	e	i_0	FALSE
a	@	s	r	clasare|=|Ncfsrn|1	clasări|clasare|Ncfp-n|1	e	i_0	FALSE
a	@	k	r	clasificare|=|Ncfsrn|3	clasificări|clasificare|Ncfp-n|3	e	i_0	FALSE
a	@	r	r	claustrare|=|Ncfsrn|2	claustrări|claustrare|Ncfp-n|2	e	i_0	FALSE
a	@	z	r	climatizare|=|Ncfsrn|3	climatizări|climatizare|Ncfp-n|3	e	i_0	FALSE
a	e	i	n	clinician|=|Ncms-n|3	clinicieni|clinician|Ncmp-n|3		i_0	FALSE
a	@	n	r	clonare|=|Ncfsrn|1	clonări|clonare|Ncfp-n|1	e	i_0	FALSE
a	@	r	j	clădăraie|=|Ncfsrn|2	clădărăi|clădăraie|Ncfp-n|2	e	j	FALSE
a	@	t	r	coabitare|=|Ncfsrn|3	coabitări|coabitare|Ncfp-n|3	e	i_0	FALSE
a	@	l	r	coagulare|=|Ncfsrn|3	coagulări|coagulare|Ncfp-n|3	e	i_0	FALSE
a	e	tS	n	cocean|=|Ncms-n|1	coceni|cocean|Ncmp-n|1		i_0	FALSE
a	@	d	r	codare|=|Ncfsrn|1	codări|codare|Ncfp-n|1	e	i_0	FALSE
a	@	ts	r	cofinanțare|=|Ncfsrn|3	cofinanțări|cofinanțare|Ncfp-n|3	e	i_0	FALSE
a	@	r	r	cofrare|=|Ncfsrn|1	cofrări|cofrare|Ncfp-n|1	e	i_0	FALSE
a	@	r	r	colaborare|=|Ncfsrn|3	colaborări|colaborare|Ncfp-n|3	e	i_0	FALSE
a	e	tS	g	colceag|=|Ncms-n|1	colcegi|colceag|Ncmp-n|1		gZ	FALSE
a	@	t	r	colectare|=|Ncfsrn|2	colectări|colectare|Ncfp-n|2	e	i_0	FALSE
a	@	t	t	colectivitate|=|Ncfsrn|4	colectivități|colectivitate|Ncfp-n|4	e	i_0	FALSE
a	@	z	r	colonizare|=|Ncfsrn|3	colonizări|colonizare|Ncfp-n|3	e	i_0	FALSE
a	@	r	r	colorare|=|Ncfsrn|2	colorări|colorare|Ncfp-n|2	e	i_0	FALSE
a	e	i	n	columbian|=|Afpms-n|3	columbieni|columbian|Ncmp-n|3		i_0	FALSE
a	e	m	n	comandă|=|Ncfsrn|1	comenzi|comandă|Ncfp-n|1	ă	i_0	FALSE
a	@	s	r	comasare|=|Ncfsrn|2	comasări|comasare|Ncfp-n|2	e	i_0	FALSE
a	@	t	t	combativitate|=|Ncfsrn|4	combativități|combativitate|Ncfp-n|4	e	i_0	FALSE
a	@	n	r	combinare|=|Ncfsrn|2	combinări|combinare|Ncfp-n|2	e	i_0	FALSE
a	@	r	r	comemorare|=|Ncfsrn|3	comemorări|comemorare|Ncfp-n|3	e	i_0	FALSE
a	@	t	r	comentare|=|Ncfsrn|2	comentări|comentare|Ncfp-n|2	e	i_0	FALSE
a	@	z	r	comercializare|=|Ncfsrn|5	comercializări|comercializare|Ncfp-n|5	e	i_0	FALSE
a	@	t	t	comoditate|=|Ncfsrn|3	comodități|comoditate|Ncfp-n|3	e	i_0	FALSE
a	@	t	r	compactare|=|Ncfsrn|2	compactări|compactare|Ncfp-n|2	e	i_0	FALSE
a	@	t	t	compatibilitate|=|Ncfsrn|5	compatibilități|compatibilitate|Ncfp-n|5	e	i_0	FALSE
a	@	s	r	compensare|=|Ncfsrn|2	compensări|compensare|Ncfp-n|2	e	i_0	FALSE
a	@	t	t	competitivitate|=|Ncfsrn|5	competitivități|competitivitate|Ncfp-n|5	e	i_0	FALSE
a	@	t	r	completare|=|Ncfsrn|2	completări|completare|Ncfp-n|2	e	i_0	FALSE
a	@	t	t	complexitate|=|Ncfsrn|3	complexități|complexitate|Ncfp-n|3	e	i_0	FALSE
a	@	t	t	complicitate|=|Ncfsrn|3	complicități|complicitate|Ncfp-n|3	e	i_0	FALSE
a	@	t	r	comportare|=|Ncfsrn|2	comportări|comportare|Ncfp-n|2	e	i_0	FALSE
a	@	t	t	compresibilitate|=|Ncfsrn|5	compresibilități|compresibilitate|Ncfp-n|5	e	i_0	FALSE
a	@	m	r	comprimare|=|Ncfsrn|2	comprimări|comprimare|Ncfp-n|2	e	i_0	FALSE
a	@	k	r	comunicare|=|Ncfsrn|3	comunicări|comunicare|Ncfp-n|3	e	i_0	FALSE
a	@	t	t	comunitate|=|Ncfsrn|3	comunități|comunitate|Ncfp-n|3	e	i_0	FALSE
a	@	n	r	concatenare|=|Ncfsrn|3	concatenări|concatenare|Ncfp-n|3	e	i_0	FALSE
a	@	r	r	concentrare|=|Ncfsrn|2	concentrări|concentrare|Ncfp-n|2	e	i_0	FALSE
a	@	z	r	conceptualizare|=|Ncfsrn|4	conceptualizări|conceptualizare|Ncfp-n|4	e	i_0	FALSE
a	@	n	r	concesionare|=|Ncfsrn|4	concesionări|concesionare|Ncfp-n|4	e	i_0	FALSE
a	@	z	r	concretizare|=|Ncfsrn|3	concretizări|concretizare|Ncfp-n|3	e	i_0	FALSE
a	@	n	r	condamnare|=|Ncfsrn|2	condamnări|condamnare|Ncfp-n|2	e	i_0	FALSE
a	@	s	r	condensare|=|Ncfsrn|2	condensări|condensare|Ncfp-n|2	e	i_0	FALSE
a	@	t	t	condiționalitate|=|Ncfsrn|5	condiționalități|condiționalitate|Ncfp-n|5	e	i_0	FALSE
a	@	n	r	condiționare|=|Ncfsrn|4	condiționări|condiționare|Ncfp-n|4	e	i_0	FALSE
a	@	t	r	conectare|=|Ncfsrn|2	conectări|conectare|Ncfp-n|2	e	i_0	FALSE
a	@	n	r	confecționare|=|Ncfsrn|4	confecționări|confecționare|Ncfp-n|4	e	i_0	FALSE
a	@	r	r	configurare|=|Ncfsrn|3	configurări|configurare|Ncfp-n|3	e	i_0	FALSE
a	@	m	r	confirmare|=|Ncfsrn|2	confirmări|confirmare|Ncfp-n|2	e	i_0	FALSE
a	@	k	r	confiscare|=|Ncfsrn|2	confiscări|confiscare|Ncfp-n|2	e	i_0	FALSE
a	@	m	r	conformare|=|Ncfsrn|2	conformări|conformare|Ncfp-n|2	e	i_0	FALSE
a	@	t	t	conformitate|=|Ncfsrn|3	conformități|conformitate|Ncfp-n|3	e	i_0	FALSE
a	@	t	r	confruntare|=|Ncfsrn|2	confruntări|confruntare|Ncfp-n|2	e	i_0	FALSE
a	@	l	r	congelare|=|Ncfsrn|2	congelări|congelare|Ncfp-n|2	e	i_0	FALSE
a	@	r	r	conlucrare|=|Ncfsrn|2	conlucrări|conlucrare|Ncfp-n|2	e	i_0	FALSE
a	@	r	r	consacrare|=|Ncfsrn|2	consacrări|consacrare|Ncfp-n|2	e	i_0	FALSE
a	@	v	r	conservare|=|Ncfsrn|2	conservări|conservare|Ncfp-n|2	e	i_0	FALSE
a	@	r	r	considerare|=|Ncfsrn|3	considerări|considerare|Ncfp-n|3	e	i_0	FALSE
a	@	l	r	consolare|=|Ncfsrn|2	consolări|consolare|Ncfp-n|2	e	i_0	FALSE
a	@	d	r	consolidare|=|Ncfsrn|3	consolidări|consolidare|Ncfp-n|3	e	i_0	FALSE
a	@	t	r	conspectare|=|Ncfsrn|2	conspectări|conspectare|Ncfp-n|2	e	i_0	FALSE
a	@	t	r	constatare|=|Ncfsrn|2	constatări|constatare|Ncfp-n|2	e	i_0	FALSE
a	@	n	r	consternare|=|Ncfsrn|2	consternări|consternare|Ncfp-n|2	e	i_0	FALSE
a	@	t	t	constituționalitate|=|Ncfsrn|7	constituționalități|constituționalitate|Ncfp-n|7	e	i_0	FALSE
a	@	t	t	consubstanțialitate|=|Ncfsrn|6	consubstanțialități|consubstanțialitate|Ncfp-n|6	e	i_0	FALSE
a	@	t	r	consultare|=|Ncfsrn|2	consultări|consultare|Ncfp-n|2	e	i_0	FALSE
a	@	m	r	consumare|=|Ncfsrn|2	consumări|consumare|Ncfp-n|2	e	i_0	FALSE
a	@	t	t	contabilitate|=|Ncfsrn|4	contabilități|contabilitate|Ncfp-n|4	e	i_0	FALSE
a	@	t	r	contactare|=|Ncfsrn|2	contactări|contactare|Ncfp-n|2	e	i_0	FALSE
a	@	n	r	contaminare|=|Ncfsrn|3	contaminări|contaminare|Ncfp-n|3	e	i_0	FALSE
a	@	t	r	contestare|=|Ncfsrn|2	contestări|contestare|Ncfp-n|2	e	i_0	FALSE
a	@	t	t	contextualitate|=|Ncfsrn|4	contextualități|contextualitate|Ncfp-n|4	e	i_0	FALSE
a	@	u	r	continuare|=|Ncfsrn|3	continuări|continuare|Ncfp-n|3	e	i_0	FALSE
a	@	t	t	continuitate|=|Ncfsrn|4	continuități|continuitate|Ncfp-n|4	e	i_0	FALSE
a	@	r	r	contracarare|=|Ncfsrn|3	contracarări|contracarare|Ncfp-n|3	e	i_0	FALSE
a	@	t	r	contractare|=|Ncfsrn|2	contractări|contractare|Ncfp-n|2	e	i_0	FALSE
a	@	m	r	contramarcă|=|Ncfsrn|2	contramărci|contramarcă|Ncfp-n|2	ă	tS	FALSE
a	@	l	r	controlare|=|Ncfsrn|2	controlări|controlare|Ncfp-n|2	e	i_0	FALSE
a	@	k	r	convocare|=|Ncfsrn|2	convocări|convocare|Ncfp-n|2	e	i_0	FALSE
a	@	z	r	conștientizare|=|Ncfsrn|4	conștientizări|conștientizare|Ncfp-n|4	e	i_0	FALSE
a	@	r	r	cooperare|=|Ncfsrn|3	cooperări|cooperare|Ncfp-n|3	e	i_0	FALSE
a	@	t	r	cooptare|=|Ncfsrn|2	cooptări|cooptare|Ncfp-n|2	e	i_0	FALSE
a	@	n	r	coordonare|=|Ncfsrn|3	coordonări|coordonare|Ncfp-n|3	e	i_0	FALSE
a	@	l	t	coplată|=|Ncfsrn|1	coplăți|coplată|Ncfp-n|1	ă	i_0	FALSE
a	@	r	b	corabie|=|Ncfsrn|1	corăbii|corabie|Ncfp-n|1	e	j	FALSE
a	@	t	t	cordialitate|=|Ncfsrn|4	cordialități|cordialitate|Ncfp-n|4	e	i_0	FALSE
a	@	t	r	corectare|=|Ncfsrn|2	corectări|corectare|Ncfp-n|2	e	i_0	FALSE
a	@	l	r	corelare|=|Ncfsrn|2	corelări|corelare|Ncfp-n|2	e	i_0	FALSE
a	e	i	s	corăbiască|=|Ncfsrn|3	corăbiești|corăbiască|Ncfp-n|3	ă	i_0	FALSE
a	e	i	n	cosmeticiană|=|Ncfsrn|4	cosmeticiene|cosmeticiană|Ncfp-n|4	ă	e	FALSE
a	@	z	r	cosmetizare|=|Ncfsrn|3	cosmetizări|cosmetizare|Ncfp-n|3	e	i_0	FALSE
a	e	i	n	cotidian|=|Afpms-n|3	cotidiene|cotidian|Ncfp-n|3		e	FALSE
a	@	z	r	cotizare|=|Ncfsrn|2	cotizări|cotizare|Ncfp-n|2	e	i_0	FALSE
a	@	S	r	coșarcă|=|Ncfsrn|1	coșărci|coșarcă|Ncfp-n|1	ă	tS	FALSE
a	@	m	g	coșmagă|=|Ncfsrn|1	coșmăgi|coșmagă|Ncfp-n|1	ă	gZ	FALSE
a	@	r	k	cracă|=|Ncfsrn|0	crăci|cracă|Ncfp-n|0	ă	tS	FALSE
a	@	n	r	cramponare|=|Ncfsrn|2	cramponări|cramponare|Ncfp-n|2	e	i_0	FALSE
a	@	e	r	creare|=|Ncfsrn|1	creări|creare|Ncfp-n|1	e	i_0	FALSE
a	@	t	t	creativitate|=|Ncfsrn|3	creativități|creativitate|Ncfp-n|3	e	i_0	FALSE
a	@	t	t	credibilitate|=|Ncfsrn|4	credibilități|credibilitate|Ncfp-n|4	e	i_0	FALSE
a	@	t	r	creditare|=|Ncfsrn|2	creditări|creditare|Ncfp-n|2	e	i_0	FALSE
a	@	z	r	crezare|=|Ncfsrn|1	crezări|crezare|Ncfp-n|1	e	i_0	FALSE
a	@	t	t	creștinătate|=|Ncfsrn|3	creștinătăți|creștinătate|Ncfp-n|3	e	i_0	FALSE
a	@	p	l	cripalcă|=|Ncfsrn|1	cripălci|cripalcă|Ncfp-n|1	ă	tS	FALSE
a	@	p	r	crispare|=|Ncfsrn|1	crispări|crispare|Ncfp-n|1	e	i_0	FALSE
a	@	z	r	cronicizare|=|Ncfsrn|3	cronicizări|cronicizare|Ncfp-n|3	e	i_0	FALSE
a	@	k	r	crucificare|=|Ncfsrn|3	crucificări|crucificare|Ncfp-n|3	e	i_0	FALSE
a	e	tS	n	crăpcean|=|Ncms-n|1	crăpceni|crăpcean|Ncmp-n|1		i_0	FALSE
a	@	k	r	cuantificare|=|Ncfsrn|3	cuantificări|cuantificare|Ncfp-n|3	e	i_0	FALSE
a	@	v	j	cucuvaie|=|Ncfsrn|2	cucuvăi|cucuvaie|Ncfp-n|2	e	j	FALSE
a	@	k	r	culcare|=|Ncfsrn|1	culcări|culcare|Ncfp-n|1	e	i_0	FALSE
a	@	v	r	cultivare|=|Ncfsrn|2	cultivări|cultivare|Ncfp-n|2	e	i_0	FALSE
a	@	z	r	culturalizare|=|Ncfsrn|4	culturalizări|culturalizare|Ncfp-n|4	e	i_0	FALSE
a	@	k	r	cuminecare|=|Ncfsrn|3	cuminecări|cuminecare|Ncfp-n|3	e	i_0	FALSE
a	@	r	r	cumpărare|=|Ncfsrn|2	cumpărări|cumpărare|Ncfp-n|2	e	i_0	FALSE
a	@	t	r	cumpătare|=|Ncfsrn|2	cumpătări|cumpătare|Ncfp-n|2	e	i_0	FALSE
a	@	l	r	cuplare|=|Ncfsrn|1	cuplări|cuplare|Ncfp-n|1	e	i_0	FALSE
a	@	r	r	cuprare|=|Ncfsrn|1	cuprări|cuprare|Ncfp-n|1	e	i_0	FALSE
a	@	t	t	curiozitate|=|Ncfsrn|4	curiozități|curiozitate|Ncfp-n|4	e	i_0	FALSE
a	@	ts	r	curățare|=|Ncfsrn|2	curățări|curățare|Ncfp-n|2	e	i_0	FALSE
a	@	t	r	cuvântare|=|Ncfsrn|2	cuvântări|cuvântare|Ncfp-n|2	e	i_0	FALSE
a	@	k	j	cușcaie|=|Ncfsrn|1	cușcăi|cușcaie|Ncfp-n|1	e	j	FALSE
a	@	t	r	cântare|=|Ncfsrn|1	cântări|cântare|Ncfp-n|1	e	i_0	FALSE
a	e	j	k	cârcăiac|=|Ncms-n|2	cârcăieci|cârcăiac|Ncmp-n|2		tS	FALSE
a	@	g	r	câștigare|=|Ncfsrn|2	câștigări|câștigare|Ncfp-n|2	e	i_0	FALSE
a	@	k	r	călcare|=|Ncfsrn|1	călcări|călcare|Ncfp-n|1	e	i_0	FALSE
a	@	m	r	călimară|=|Ncfsrn|2	călimări|călimară|Ncfp-n|2	ă	i_0	FALSE
a	@	m	r	cămară|=|Ncfsrn|1	cămări|cămară|Ncfp-n|1	ă	i_0	FALSE
a	@	m	S	cămașă|=|Ncfsrn|1	cămăși|cămașă|Ncfp-n|1	ă	i_0	FALSE
a	e	i	l	căpială|=|Ncfsrn|2	căpieli|căpială|Ncfp-n|2	ă	i_0	FALSE
a	e	j	l	căpătuială|=|Ncfsrn|3	căpătuieli|căpătuială|Ncfp-n|3	ă	i_0	FALSE
a	@	r	r	cărare|=|Ncfsrn|1	cărări|cărare|Ncfp-n|1	e	i_0	FALSE
a	@	t	r	cătare|=|Ncfsrn|1	cătări|cătare|Ncfp-n|1	e	i_0	FALSE
a	@	t	r	căutare|=|Ncfsrn|2	căutări|căutare|Ncfp-n|2	e	i_0	FALSE
a	@	r	r	cățărare|=|Ncfsrn|2	cățărări|cățărare|Ncfp-n|2	e	i_0	FALSE
a	@	d	g	dagă|=|Ncfsrn|0	dăgi|dagă|Ncfp-n|0	ă	gZ	FALSE
a	@	d	l	daltă|=|Ncfsrn|0	dălți|daltă|Ncfp-n|0	ă	i_0	FALSE
a	@	d	r	dare|=|Ncfsrn|0	dări|dare|Ncfp-n|0	e	i_0	FALSE
a	@	d	t	dată|=|Ncfsrn|0	dăți|dată|Ncfp-n|0	ă	i_0	FALSE
a	@	s	r	debarasare|=|Ncfsrn|3	debarasări|debarasare|Ncfp-n|3	e	i_0	FALSE
a	@	k	r	debarcare|=|Ncfsrn|2	debarcări|debarcare|Ncfp-n|2	e	i_0	FALSE
a	@	t	t	debilitate|=|Ncfsrn|3	debilități|debilitate|Ncfp-n|3	e	i_0	FALSE
a	@	z	r	debirocratizare|=|Ncfsrn|5	debirocratizări|debirocratizare|Ncfp-n|5	e	i_0	FALSE
a	@	k	r	deblocare|=|Ncfsrn|2	deblocări|deblocare|Ncfp-n|2	e	i_0	FALSE
a	@	S	r	debranșare|=|Ncfsrn|2	debranșări|debranșare|Ncfp-n|2	e	i_0	FALSE
a	@	l	r	debusolare|=|Ncfsrn|3	debusolări|debusolare|Ncfp-n|3	e	i_0	FALSE
a	@	t	r	decantare|=|Ncfsrn|2	decantări|decantare|Ncfp-n|2	e	i_0	FALSE
a	@	t	r	decapitare|=|Ncfsrn|3	decapitări|decapitare|Ncfp-n|3	e	i_0	FALSE
a	@	n	r	decernare|=|Ncfsrn|2	decernări|decernare|Ncfp-n|2	e	i_0	FALSE
a	@	m	r	decimare|=|Ncfsrn|2	decimări|decimare|Ncfp-n|2	e	i_0	FALSE
a	@	S	r	declanșare|=|Ncfsrn|2	declanșări|declanșare|Ncfp-n|2	e	i_0	FALSE
a	@	r	r	declarare|=|Ncfsrn|2	declarări|declarare|Ncfp-n|2	e	i_0	FALSE
a	@	r	r	decofrare|=|Ncfsrn|2	decofrări|decofrare|Ncfp-n|2	e	i_0	FALSE
a	@	l	r	decolare|=|Ncfsrn|2	decolări|decolare|Ncfp-n|2	e	i_0	FALSE
a	@	t	r	decontare|=|Ncfsrn|2	decontări|decontare|Ncfp-n|2	e	i_0	FALSE
a	@	t	r	decopertare|=|Ncfsrn|3	decopertări|decopertare|Ncfp-n|3	e	i_0	FALSE
a	@	r	r	decorare|=|Ncfsrn|2	decorări|decorare|Ncfp-n|2	e	i_0	FALSE
a	@	t	r	decretare|=|Ncfsrn|2	decretări|decretare|Ncfp-n|2	e	i_0	FALSE
a	@	p	r	decupare|=|Ncfsrn|2	decupări|decupare|Ncfp-n|2	e	i_0	FALSE
a	@	l	r	decuplare|=|Ncfsrn|2	decuplări|decuplare|Ncfp-n|2	e	i_0	FALSE
a	@	t	t	deductibilitate|=|Ncfsrn|5	deductibilități|deductibilitate|Ncfp-n|5	e	i_0	FALSE
a	@	l	r	defilare|=|Ncfsrn|2	defilări|defilare|Ncfp-n|2	e	i_0	FALSE
a	@	v	r	definitivare|=|Ncfsrn|4	definitivări|definitivare|Ncfp-n|4	e	i_0	FALSE
a	@	m	r	deformare|=|Ncfsrn|2	deformări|deformare|Ncfp-n|2	e	i_0	FALSE
a	@	S	r	defrișare|=|Ncfsrn|2	defrișări|defrișare|Ncfp-n|2	e	i_0	FALSE
a	@	m	r	defăimare|=|Ncfsrn|2	defăimări|defăimare|Ncfp-n|2	e	i_0	FALSE
a	@	Z	r	degajare|=|Ncfsrn|2	degajări|degajare|Ncfp-n|2	e	i_0	FALSE
a	@	r	r	degenerare|=|Ncfsrn|3	degenerări|degenerare|Ncfp-n|3	e	i_0	FALSE
a	@	r	r	degerare|=|Ncfsrn|2	degerări|degerare|Ncfp-n|2	e	i_0	FALSE
a	@	d	r	degradare|=|Ncfsrn|2	degradări|degradare|Ncfp-n|2	e	i_0	FALSE
a	@	d	r	delapidare|=|Ncfsrn|3	delapidări|delapidare|Ncfp-n|3	e	i_0	FALSE
a	@	t	r	delectare|=|Ncfsrn|2	delectări|delectare|Ncfp-n|2	e	i_0	FALSE
a	@	g	r	delegare|=|Ncfsrn|2	delegări|delegare|Ncfp-n|2	e	i_0	FALSE
a	@	r	r	deliberare|=|Ncfsrn|3	deliberări|deliberare|Ncfp-n|3	e	i_0	FALSE
a	@	t	r	delimitare|=|Ncfsrn|3	delimitări|delimitare|Ncfp-n|3	e	i_0	FALSE
a	@	l	r	demantelare|=|Ncfsrn|3	demantelări|demantelare|Ncfp-n|3	e	i_0	FALSE
a	@	r	r	demarare|=|Ncfsrn|2	demarări|demarare|Ncfp-n|2	e	i_0	FALSE
a	@	k	r	demascare|=|Ncfsrn|2	demascări|demascare|Ncfp-n|2	e	i_0	FALSE
a	@	n	r	deminare|=|Ncfsrn|2	deminări|deminare|Ncfp-n|2	e	i_0	FALSE
a	@	t	t	demnitate|=|Ncfsrn|2	demnități|demnitate|Ncfp-n|2	e	i_0	FALSE
a	@	z	r	democratizare|=|Ncfsrn|4	democratizări|democratizare|Ncfp-n|4	e	i_0	FALSE
a	@	l	r	demolare|=|Ncfsrn|2	demolări|demolare|Ncfp-n|2	e	i_0	FALSE
a	@	z	r	demonizare|=|Ncfsrn|3	demonizări|demonizare|Ncfp-n|3	e	i_0	FALSE
a	@	r	r	demonstrare|=|Ncfsrn|2	demonstrări|demonstrare|Ncfp-n|2	e	i_0	FALSE
a	@	t	r	demontare|=|Ncfsrn|2	demontări|demontare|Ncfp-n|2	e	i_0	FALSE
a	@	z	r	demoralizare|=|Ncfsrn|4	demoralizări|demoralizare|Ncfp-n|4	e	i_0	FALSE
a	@	r	r	denigrare|=|Ncfsrn|2	denigrări|denigrare|Ncfp-n|2	e	i_0	FALSE
a	@	l	r	denivelare|=|Ncfsrn|3	denivelări|denivelare|Ncfp-n|3	e	i_0	FALSE
a	@	t	t	densitate|=|Ncfsrn|2	densități|densitate|Ncfp-n|2	e	i_0	FALSE
a	@	ts	r	denunțare|=|Ncfsrn|2	denunțări|denunțare|Ncfp-n|2	e	i_0	FALSE
a	@	n	r	depanare|=|Ncfsrn|2	depanări|depanare|Ncfp-n|2	e	i_0	FALSE
a	@	t	r	deparazitare|=|Ncfsrn|4	deparazitări|deparazitare|Ncfp-n|4	e	i_0	FALSE
a	@	Z	r	departajare|=|Ncfsrn|3	departajări|departajare|Ncfp-n|3	e	i_0	FALSE
a	@	z	r	depersonalizare|=|Ncfsrn|5	depersonalizări|depersonalizare|Ncfp-n|5	e	i_0	FALSE
a	@	t	r	depistare|=|Ncfsrn|2	depistări|depistare|Ncfp-n|2	e	i_0	FALSE
a	@	s	r	deplasare|=|Ncfsrn|2	deplasări|deplasare|Ncfp-n|2	e	i_0	FALSE
a	@	t	t	deplinătate|=|Ncfsrn|3	deplinătăți|deplinătate|Ncfp-n|3	e	i_0	FALSE
a	@	z	r	depolitizare|=|Ncfsrn|4	depolitizări|depolitizare|Ncfp-n|4	e	i_0	FALSE
a	@	w	r	depoluare|=|Ncfsrn|2	depoluări|depoluare|Ncfp-n|3	e	i_0	TRUE
a	@	l	r	depopulare|=|Ncfsrn|3	depopulări|depopulare|Ncfp-n|3	e	i_0	FALSE
a	@	t	r	deportare|=|Ncfsrn|2	deportări|deportare|Ncfp-n|2	e	i_0	FALSE
a	@	d	r	deposedare|=|Ncfsrn|3	deposedări|deposedare|Ncfp-n|3	e	i_0	FALSE
a	@	t	r	depozitare|=|Ncfsrn|3	depozitări|depozitare|Ncfp-n|3	e	i_0	FALSE
a	@	v	r	depravare|=|Ncfsrn|2	depravări|depravare|Ncfp-n|2	e	i_0	FALSE
a	@	z	r	depresurizare|=|Ncfsrn|4	depresurizări|depresurizare|Ncfp-n|4	e	i_0	FALSE
a	@	m	r	deprimare|=|Ncfsrn|2	deprimări|deprimare|Ncfp-n|2	e	i_0	FALSE
a	@	t	r	depărtare|=|Ncfsrn|2	depărtări|depărtare|Ncfp-n|2	e	i_0	FALSE
a	@	z	r	deratizare|=|Ncfsrn|3	deratizări|deratizare|Ncfp-n|3	e	i_0	FALSE
a	@	l	r	dereglare|=|Ncfsrn|2	dereglări|dereglare|Ncfp-n|2	e	i_0	FALSE
a	@	g	r	derogare|=|Ncfsrn|2	derogări|derogare|Ncfp-n|2	e	i_0	FALSE
a	@	l	r	derulare|=|Ncfsrn|2	derulări|derulare|Ncfp-n|2	e	i_0	FALSE
a	@	k	r	descalificare|=|Ncfsrn|4	descalificări|descalificare|Ncfp-n|4	e	i_0	FALSE
a	@	r	r	descarcerare|=|Ncfsrn|3	descarcerări|descarcerare|Ncfp-n|3	e	i_0	FALSE
a	@	z	r	descentralizare|=|Ncfsrn|4	descentralizări|descentralizare|Ncfp-n|4	e	i_0	FALSE
a	@	r	r	descifrare|=|Ncfsrn|2	descifrări|descifrare|Ncfp-n|2	e	i_0	FALSE
a	@	Z	r	descurajare|=|Ncfsrn|3	descurajări|descurajare|Ncfp-n|3	e	i_0	FALSE
a	@	k	r	descărcare|=|Ncfsrn|2	descărcări|descărcare|Ncfp-n|2	e	i_0	FALSE
a	@	S	r	descătușare|=|Ncfsrn|3	descătușări|descătușare|Ncfp-n|3	e	i_0	FALSE
a	@	n	r	desemnare|=|Ncfsrn|2	desemnări|desemnare|Ncfp-n|2	e	i_0	FALSE
a	@	n	r	desenare|=|Ncfsrn|2	desenări|desenare|Ncfp-n|2	e	i_0	FALSE
a	@	z	r	desensibilizare|=|Ncfsrn|5	desensibilizări|desensibilizare|Ncfp-n|5	e	i_0	FALSE
a	@	ts	r	desființare|=|Ncfsrn|3	desființări|desființare|Ncfp-n|3	e	i_0	FALSE
a	@	n	r	desfrânare|=|Ncfsrn|2	desfrânări|desfrânare|Ncfp-n|2	e	i_0	FALSE
a	@	d	r	desfundare|=|Ncfsrn|2	desfundări|desfundare|Ncfp-n|2	e	i_0	FALSE
a	@	r	r	desfășurare|=|Ncfsrn|3	desfășurări|desfășurare|Ncfp-n|3	e	i_0	FALSE
a	@	t	r	deshidratare|=|Ncfsrn|3	deshidratări|deshidratare|Ncfp-n|3	e	i_0	FALSE
a	@	m	r	deshumare|=|Ncfsrn|2	deshumări|deshumare|Ncfp-n|2	e	i_0	FALSE
a	@	k	r	desofisticare|=|Ncfsrn|4	desofisticări|desofisticare|Ncfp-n|4	e	i_0	FALSE
a	@	z	r	destabilizare|=|Ncfsrn|4	destabilizări|destabilizare|Ncfp-n|4	e	i_0	FALSE
a	@	r	r	destructurare|=|Ncfsrn|3	destructurări|destructurare|Ncfp-n|3	e	i_0	FALSE
a	@	m	r	destrămare|=|Ncfsrn|2	destrămări|destrămare|Ncfp-n|2	e	i_0	FALSE
a	@	S	r	detașare|=|Ncfsrn|2	detașări|detașare|Ncfp-n|2	e	i_0	FALSE
a	@	t	r	detectare|=|Ncfsrn|2	detectări|detectare|Ncfp-n|2	e	i_0	FALSE
a	@	n	r	detensionare|=|Ncfsrn|4	detensionări|detensionare|Ncfp-n|4	e	i_0	FALSE
a	@	r	r	deteriorare|=|Ncfsrn|4	deteriorări|deteriorare|Ncfp-n|4	e	i_0	FALSE
a	@	n	r	determinare|=|Ncfsrn|3	determinări|determinare|Ncfp-n|3	e	i_0	FALSE
a	@	n	r	detonare|=|Ncfsrn|2	detonări|detonare|Ncfp-n|2	e	i_0	FALSE
a	@	n	r	detronare|=|Ncfsrn|2	detronări|detronare|Ncfp-n|2	e	i_0	FALSE
a	@	n	r	deturnare|=|Ncfsrn|2	deturnări|deturnare|Ncfp-n|2	e	i_0	FALSE
a	@	z	r	devalorizare|=|Ncfsrn|4	devalorizări|devalorizare|Ncfp-n|4	e	i_0	FALSE
a	@	s	r	devansare|=|Ncfsrn|2	devansări|devansare|Ncfp-n|2	e	i_0	FALSE
a	@	t	r	devastare|=|Ncfsrn|2	devastări|devastare|Ncfp-n|2	e	i_0	FALSE
a	@	p	r	developare|=|Ncfsrn|3	developări|developare|Ncfp-n|3	e	i_0	FALSE
a	@	s	r	deversare|=|Ncfsrn|2	deversări|deversare|Ncfp-n|2	e	i_0	FALSE
a	@	l	r	devoalare|=|Ncfsrn|3	devoalări|devoalare|Ncfp-n|3	e	i_0	FALSE
a	@	t	t	dexteritate|=|Ncfsrn|3	dexterități|dexteritate|Ncfp-n|3	e	i_0	FALSE
a	@	t	r	dezafectare|=|Ncfsrn|3	dezafectări|dezafectare|Ncfp-n|3	e	i_0	FALSE
a	@	s	r	dezamorsare|=|Ncfsrn|3	dezamorsări|dezamorsare|Ncfp-n|3	e	i_0	FALSE
a	@	Z	r	dezangajare|=|Ncfsrn|3	dezangajări|dezangajare|Ncfp-n|3	e	i_0	FALSE
a	@	b	r	dezaprobare|=|Ncfsrn|3	dezaprobări|dezaprobare|Ncfp-n|3	e	i_0	FALSE
a	@	m	r	dezarmare|=|Ncfsrn|2	dezarmări|dezarmare|Ncfp-n|2	e	i_0	FALSE
a	@	l	r	dezasamblare|=|Ncfsrn|3	dezasamblări|dezasamblare|Ncfp-n|3	e	i_0	FALSE
a	@	u	r	dezavuare|=|Ncfsrn|3	dezavuări|dezavuare|Ncfp-n|3	e	i_0	FALSE
a	@	n	r	dezbinare|=|Ncfsrn|2	dezbinări|dezbinare|Ncfp-n|2	e	i_0	FALSE
a	@	k	r	dezbrăcare|=|Ncfsrn|2	dezbrăcări|dezbrăcare|Ncfp-n|2	e	i_0	FALSE
a	@	t	r	dezertare|=|Ncfsrn|2	dezertări|dezertare|Ncfp-n|2	e	i_0	FALSE
a	@	ts	r	dezghețare|=|Ncfsrn|2	dezghețări|dezghețare|Ncfp-n|2	e	i_0	FALSE
a	@	n	r	dezincriminare|=|Ncfsrn|4	dezincriminări|dezincriminare|Ncfp-n|4	e	i_0	FALSE
a	@	t	r	dezinfectare|=|Ncfsrn|3	dezinfectări|dezinfectare|Ncfp-n|3	e	i_0	FALSE
a	@	m	r	dezinformare|=|Ncfsrn|3	dezinformări|dezinformare|Ncfp-n|3	e	i_0	FALSE
a	@	r	r	dezintegrare|=|Ncfsrn|3	dezintegrări|dezintegrare|Ncfp-n|3	e	i_0	FALSE
a	@	s	r	dezinteresare|=|Ncfsrn|4	dezinteresări|dezinteresare|Ncfp-n|4	e	i_0	FALSE
a	@	k	r	dezintoxicare|=|Ncfsrn|4	dezintoxicări|dezintoxicare|Ncfp-n|4	e	i_0	FALSE
a	@	z	r	deziotacizare|=|Ncfsrn|4	deziotacizări|deziotacizare|Ncfp-n|4	e	i_0	FALSE
a	@	g	r	dezlegare|=|Ncfsrn|2	dezlegări|dezlegare|Ncfp-n|2	e	i_0	FALSE
a	@	r	r	dezmembrare|=|Ncfsrn|2	dezmembrări|dezmembrare|Ncfp-n|2	e	i_0	FALSE
a	@	n	r	dezrădăcinare|=|Ncfsrn|4	dezrădăcinări|dezrădăcinare|Ncfp-n|4	e	i_0	FALSE
a	@	t	r	dezvoltare|=|Ncfsrn|2	dezvoltări|dezvoltare|Ncfp-n|2	e	i_0	FALSE
a	@	k	r	deșertificare|=|Ncfsrn|4	deșertificări|deșertificare|Ncfp-n|4	e	i_0	FALSE
a	@	ts	r	deșănțare|=|Ncfsrn|2	deșănțări|deșănțare|Ncfp-n|2	e	i_0	FALSE
a	@	k	r	diagnosticare|=|Ncfsrn|4	diagnosticări|diagnosticare|Ncfp-n|4	e	i_0	FALSE
a	e	i	n	diagnostician|=|Ncms-n|5	diagnosticieni|diagnostician|Ncmp-n|5		i_0	FALSE
a	@	t	t	dificultate|=|Ncfsrn|3	dificultăți|dificultate|Ncfp-n|3	e	i_0	FALSE
a	@	z	r	difuzare|=|Ncfsrn|2	difuzări|difuzare|Ncfp-n|2	e	i_0	FALSE
a	@	z	r	digitalizare|=|Ncfsrn|4	digitalizări|digitalizare|Ncfp-n|4	e	i_0	FALSE
a	@	u	r	diminuare|=|Ncfsrn|3	diminuări|diminuare|Ncfp-n|3	e	i_0	FALSE
a	@	z	r	dinamizare|=|Ncfsrn|3	dinamizări|dinamizare|Ncfp-n|3	e	i_0	FALSE
a	@	n	r	direcționare|=|Ncfsrn|3	direcționări|direcționare|Ncfp-n|3	e	i_0	FALSE
a	@	Z	r	dirijare|=|Ncfsrn|2	dirijări|dirijare|Ncfp-n|2	e	i_0	FALSE
a	@	n	r	disciplinare|=|Ncfsrn|3	disciplinări|disciplinare|Ncfp-n|3	e	i_0	FALSE
a	@	t	r	discreditare|=|Ncfsrn|3	discreditări|discreditare|Ncfp-n|3	e	i_0	FALSE
a	@	n	r	discriminare|=|Ncfsrn|3	discriminări|discriminare|Ncfp-n|3	e	i_0	FALSE
a	@	t	r	discutare|=|Ncfsrn|2	discutări|discutare|Ncfp-n|2	e	i_0	FALSE
a	@	n	r	diseminare|=|Ncfsrn|3	diseminări|diseminare|Ncfp-n|3	e	i_0	FALSE
a	@	t	t	disfuncționalitate|=|Ncfsrn|5	disfuncționalități|disfuncționalitate|Ncfp-n|5	e	i_0	FALSE
a	@	p	r	disipare|=|Ncfsrn|2	disipări|disipare|Ncfp-n|2	e	i_0	FALSE
a	@	k	r	dislocare|=|Ncfsrn|2	dislocări|dislocare|Ncfp-n|2	e	i_0	FALSE
a	@	s	r	dispensare|=|Ncfsrn|2	dispensări|dispensare|Ncfp-n|2	e	i_0	FALSE
a	@	r	r	disperare|=|Ncfsrn|2	disperări|disperare|Ncfp-n|2	e	i_0	FALSE
a	@	s	r	dispersare|=|Ncfsrn|2	dispersări|dispersare|Ncfp-n|2	e	i_0	FALSE
a	@	t	t	disponibilitate|=|Ncfsrn|5	disponibilități|disponibilitate|Ncfp-n|5	e	i_0	FALSE
a	@	z	r	disponibilizare|=|Ncfsrn|5	disponibilizări|disponibilizare|Ncfp-n|5	e	i_0	FALSE
a	@	t	r	disputare|=|Ncfsrn|2	disputări|disputare|Ncfp-n|2	e	i_0	FALSE
a	@	n	r	distorsionare|=|Ncfsrn|4	distorsionări|distorsionare|Ncfp-n|4	e	i_0	FALSE
a	@	k	r	diversificare|=|Ncfsrn|4	diversificări|diversificare|Ncfp-n|4	e	i_0	FALSE
a	@	t	t	diversitate|=|Ncfsrn|3	diversități|diversitate|Ncfp-n|3	e	i_0	FALSE
a	@	t	t	divinitate|=|Ncfsrn|3	divinități|divinitate|Ncfp-n|3	e	i_0	FALSE
a	@	z	r	divizare|=|Ncfsrn|2	divizări|divizare|Ncfp-n|2	e	i_0	FALSE
a	@	g	r	divulgare|=|Ncfsrn|2	divulgări|divulgare|Ncfp-n|2	e	i_0	FALSE
a	@	t	t	dizabilitate|=|Ncfsrn|4	dizabilități|dizabilitate|Ncfp-n|3	e	i_0	TRUE
a	@	v	r	dizolvare|=|Ncfsrn|2	dizolvări|dizolvare|Ncfp-n|2	e	i_0	FALSE
a	e	gZ	n	dobrogeancă|=|Ncfsrn|2	dobrogence|dobrogeancă|Ncfp-n|2	ă	e	FALSE
a	@	t	r	documentare|=|Ncfsrn|3	documentări|documentare|Ncfp-n|3	e	i_0	FALSE
a	e	Z	n	dojană|=|Ncfsrn|1	dojeni|dojană|Ncfp-n|1	ă	i_0	FALSE
a	@	n	r	dominare|=|Ncfsrn|2	dominări|dominare|Ncfp-n|2	e	i_0	FALSE
a	@	n	r	donare|=|Ncfsrn|1	donări|donare|Ncfp-n|1	e	i_0	FALSE
a	@	t	r	dotare|=|Ncfsrn|1	dotări|dotare|Ncfp-n|1	e	i_0	FALSE
a	e	v	d	dovadă|=|Ncfsrn|1	dovezi|dovadă|Ncfp-n|1	ă	i_0	FALSE
a	@	z	r	dozare|=|Ncfsrn|1	dozări|dozare|Ncfp-n|1	e	i_0	FALSE
a	@	z	r	dramatizare|=|Ncfsrn|3	dramatizări|dramatizare|Ncfp-n|3	e	i_0	FALSE
a	@	t	t	dreptate|=|Ncfsrn|1	dreptăți|dreptate|Ncfp-n|1	e	i_0	FALSE
a	@	l	r	dublare|=|Ncfsrn|1	dublări|dublare|Ncfp-n|1	e	i_0	FALSE
a	e	g_j	n	dugheană|=|Ncfsrn|1	dughene|dugheană|Ncfp-n|1	ă	e	FALSE
a	e	g_j	n	dugheană|=|Ncfsrn|1	dugheni|dugheană|Ncfp-n|1	ă	i_0	FALSE
a	e	tS	ts	dulceață|=|Ncfsrn|1	dulceți|dulceață|Ncfp-n|1	ă	i_0	FALSE
a	e	tS	ts	dulceață|=|Ncfsrn|1	dulcețuri|dulceață|Ncfp-n|1	ă	u r i_0	FALSE
a	@	r	v	dumbravă|=|Ncfsrn|1	dumbrăvi|dumbravă|Ncfp-n|1	ă	i_0	FALSE
a	@	t	t	duplicitate|=|Ncfsrn|3	duplicități|duplicitate|Ncfp-n|3	e	i_0	FALSE
a	@	t	t	durabilitate|=|Ncfsrn|4	durabilități|durabilitate|Ncfp-n|4	e	i_0	FALSE
a	@	t	t	duritate|=|Ncfsrn|2	durități|duritate|Ncfp-n|2	e	i_0	FALSE
a	e	tS	l	dădăceală|=|Ncfsrn|2	dădăceli|dădăceală|Ncfp-n|2	ă	i_0	FALSE
a	@	n	j	dăndănaie|=|Ncfsrn|2	dăndănăi|dăndănaie|Ncfp-n|2	e	j	FALSE
a	@	m	r	dărâmare|=|Ncfsrn|2	dărâmări|dărâmare|Ncfp-n|2	e	i_0	FALSE
a	@	r	r	echilibrare|=|Ncfsrn|3	echilibrări|echilibrare|Ncfp-n|3	e	i_0	FALSE
a	@	p	r	echipare|=|Ncfsrn|2	echipări|echipare|Ncfp-n|2	e	i_0	FALSE
a	@	t	t	echitate|=|Ncfsrn|2	echități|echitate|Ncfp-n|2	e	i_0	FALSE
a	@	l	r	echivalare|=|Ncfsrn|3	echivalări|echivalare|Ncfp-n|3	e	i_0	FALSE
a	@	z	r	ecologizare|=|Ncfsrn|4	ecologizări|ecologizare|Ncfp-n|4	e	i_0	FALSE
a	@	z	r	ecranizare|=|Ncfsrn|3	ecranizări|ecranizare|Ncfp-n|3	e	i_0	FALSE
a	@	t	r	editare|=|Ncfsrn|2	editări|editare|Ncfp-n|2	e	i_0	FALSE
a	@	k	r	educare|=|Ncfsrn|2	educări|educare|Ncfp-n|2	e	i_0	FALSE
a	@	u	r	efectuare|=|Ncfsrn|3	efectuări|efectuare|Ncfp-n|3	e	i_0	FALSE
a	@	t	t	eficacitate|=|Ncfsrn|4	eficacități|eficacitate|Ncfp-n|4	e	i_0	FALSE
a	@	z	r	eficientizare|=|Ncfsrn|5	eficientizări|eficientizare|Ncfp-n|5	e	i_0	FALSE
a	@	l	r	egalare|=|Ncfsrn|2	egalări|egalare|Ncfp-n|2	e	i_0	FALSE
a	@	t	t	egalitate|=|Ncfsrn|3	egalități|egalitate|Ncfp-n|3	e	i_0	FALSE
a	@	z	r	egalizare|=|Ncfsrn|3	egalizări|egalizare|Ncfp-n|3	e	i_0	FALSE
a	@	r	r	elaborare|=|Ncfsrn|3	elaborări|elaborare|Ncfp-n|3	e	i_0	FALSE
a	e	i	n	electrician|=|Ncms-n|4	electricieni|electrician|Ncmp-n|4		i_0	FALSE
a	@	t	t	electricitate|=|Ncfsrn|4	electricități|electricitate|Ncfp-n|4	e	i_0	FALSE
a	@	l	r	electrocoagulare|=|Ncfsrn|6	electrocoagulări|electrocoagulare|Ncfp-n|6	e	i_0	FALSE
a	@	t	r	electrocutare|=|Ncfsrn|4	electrocutări|electrocutare|Ncfp-n|4	e	i_0	FALSE
a	@	r	r	electroprelucrare|=|Ncfsrn|5	electroprelucrări|electroprelucrare|Ncfp-n|5	e	i_0	FALSE
a	@	r	r	eliberare|=|Ncfsrn|3	eliberări|eliberare|Ncfp-n|3	e	i_0	FALSE
a	@	t	t	eligibilitate|=|Ncfsrn|5	eligibilități|eligibilitate|Ncfp-n|5	e	i_0	FALSE
a	@	n	r	eliminare|=|Ncfsrn|3	eliminări|eliminare|Ncfp-n|3	e	i_0	FALSE
a	@	d	r	elucidare|=|Ncfsrn|3	elucidări|elucidare|Ncfp-n|3	e	i_0	FALSE
a	@	d	r	eludare|=|Ncfsrn|2	eludări|eludare|Ncfp-n|2	e	i_0	FALSE
a	e	i	n	elvețian|=|Ncms-n|3	elvețieni|elvețian|Ncmp-n|3		i_0	FALSE
a	e	i	n	elvețiancă|=|Ncfsrn|3	elvețience|elvețiancă|Ncfp-n|3	ă	e	FALSE
a	e	i	n	elvețiană|=|Ncfsrn|3	elvețiene|elvețiană|Ncfp-n|3	ă	e	FALSE
a	@	l	r	emailare|=|Ncfsrn|2	emailări|emailare|Ncfp-n|2	e	i_0	FALSE
a	@	n	ts	emanație|=|Ncfsrn|2	emanări|emanație|Ncfp-n|2	e	i_0	FALSE
a	@	r	r	emigrare|=|Ncfsrn|2	emigrări|emigrare|Ncfp-n|2	e	i_0	FALSE
a	@	v	r	enervare|=|Ncfsrn|2	enervări|enervare|Ncfp-n|2	e	i_0	FALSE
a	@	t	t	enormitate|=|Ncfsrn|3	enormități|enormitate|Ncfp-n|3	e	i_0	FALSE
a	@	t	t	entitate|=|Ncfsrn|2	entități|entitate|Ncfp-n|2	e	i_0	FALSE
a	@	r	r	enumerare|=|Ncfsrn|3	enumerări|enumerare|Ncfp-n|3	e	i_0	FALSE
a	@	z	r	epuizare|=|Ncfsrn|3	epuizări|epuizare|Ncfp-n|3	e	i_0	FALSE
a	@	r	r	epurare|=|Ncfsrn|2	epurări|epurare|Ncfp-n|2	e	i_0	FALSE
a	@	k	r	eradicare|=|Ncfsrn|3	eradicări|eradicare|Ncfp-n|3	e	i_0	FALSE
a	@	t	t	ereditate|=|Ncfsrn|3	eredități|ereditate|Ncfp-n|3	e	i_0	FALSE
a	@	d	r	erodare|=|Ncfsrn|2	erodări|erodare|Ncfp-n|2	e	i_0	FALSE
a	@	d	r	escaladare|=|Ncfsrn|3	escaladări|escaladare|Ncfp-n|3	e	i_0	FALSE
a	e	i	n	estetician|=|Ncms-n|4	esteticieni|estetician|Ncmp-n|4		i_0	FALSE
a	@	m	r	estimare|=|Ncfsrn|2	estimări|estimare|Ncfp-n|2	e	i_0	FALSE
a	e	i	n	estonian|=|Ncms-n|3	estonieni|estonian|Ncmp-n|3		i_0	FALSE
a	@	l	r	etalare|=|Ncfsrn|2	etalări|etalare|Ncfp-n|2	e	i_0	FALSE
a	@	n	r	etalonare|=|Ncfsrn|3	etalonări|etalonare|Ncfp-n|3	e	i_0	FALSE
a	@	t	t	eternitate|=|Ncfsrn|3	eternități|eternitate|Ncfp-n|3	e	i_0	FALSE
a	@	t	r	etichetare|=|Ncfsrn|3	etichetări|etichetare|Ncfp-n|3	e	i_0	FALSE
a	@	l	r	etiolare|=|Ncfsrn|3	etiolări|etiolare|Ncfp-n|3	e	i_0	FALSE
a	@	z	r	europenizare|=|Ncfsrn|5	europenizări|europenizare|Ncfp-n|5	e	i_0	FALSE
a	@	u	r	evacuare|=|Ncfsrn|3	evacuări|evacuare|Ncfp-n|3	e	i_0	FALSE
a	@	d	r	evadare|=|Ncfsrn|2	evadări|evadare|Ncfp-n|2	e	i_0	FALSE
a	@	u	r	evaluare|=|Ncfsrn|3	evaluări|evaluare|Ncfp-n|3	e	i_0	FALSE
a	@	z	r	evanghelizare|=|Ncfsrn|4	evanghelizări|evanghelizare|Ncfp-n|4	e	i_0	FALSE
a	@	r	r	evaporare|=|Ncfsrn|3	evaporări|evaporare|Ncfp-n|3	e	i_0	FALSE
a	@	t	t	eventualitate|=|Ncfsrn|5	eventualități|eventualitate|Ncfp-n|5	e	i_0	FALSE
a	@	t	r	evitare|=|Ncfsrn|2	evitări|evitare|Ncfp-n|2	e	i_0	FALSE
a	@	k	r	evocare|=|Ncfsrn|2	evocări|evocare|Ncfp-n|2	e	i_0	FALSE
a	@	b	r	exacerbare|=|Ncfsrn|3	exacerbări|exacerbare|Ncfp-n|3	e	i_0	FALSE
a	@	t	t	exactitate|=|Ncfsrn|3	exactități|exactitate|Ncfp-n|3	e	i_0	FALSE
a	@	r	r	exagerare|=|Ncfsrn|3	exagerări|exagerare|Ncfp-n|3	e	i_0	FALSE
a	@	n	r	examinare|=|Ncfsrn|3	examinări|examinare|Ncfp-n|3	e	i_0	FALSE
a	@	r	r	exasperare|=|Ncfsrn|3	exasperări|exasperare|Ncfp-n|3	e	i_0	FALSE
a	@	t	t	excentricitate|=|Ncfsrn|4	excentricități|excentricitate|Ncfp-n|4	e	i_0	FALSE
a	@	t	r	excerptare|=|Ncfsrn|2	excerptări|excerptare|Ncfp-n|2	e	i_0	FALSE
a	@	t	r	excitare|=|Ncfsrn|2	excitări|excitare|Ncfp-n|2	e	i_0	FALSE
a	@	t	t	exclusivitate|=|Ncfsrn|4	exclusivități|exclusivitate|Ncfp-n|4	e	i_0	FALSE
a	@	t	r	executare|=|Ncfsrn|3	executări|executare|Ncfp-n|3	e	i_0	FALSE
a	@	t	t	exemplaritate|=|Ncfsrn|4	exemplarități|exemplaritate|Ncfp-n|4	e	i_0	FALSE
a	@	k	r	exemplificare|=|Ncfsrn|4	exemplificări|exemplificare|Ncfp-n|4	e	i_0	FALSE
a	@	t	r	exercitare|=|Ncfsrn|3	exercitări|exercitare|Ncfp-n|3	e	i_0	FALSE
a	@	m	r	exhumare|=|Ncfsrn|2	exhumări|exhumare|Ncfp-n|2	e	i_0	FALSE
a	@	z	r	expertizare|=|Ncfsrn|3	expertizări|expertizare|Ncfp-n|3	e	i_0	FALSE
a	@	r	r	expirare|=|Ncfsrn|2	expirări|expirare|Ncfp-n|2	e	i_0	FALSE
a	@	t	r	exploatare|=|Ncfsrn|2	exploatări|exploatare|Ncfp-n|2	e	i_0	FALSE
a	@	r	r	explorare|=|Ncfsrn|2	explorări|explorare|Ncfp-n|2	e	i_0	FALSE
a	@	m	r	exprimare|=|Ncfsrn|2	exprimări|exprimare|Ncfp-n|2	e	i_0	FALSE
a	@	z	r	expulzare|=|Ncfsrn|2	expulzări|expulzare|Ncfp-n|2	e	i_0	FALSE
a	@	n	r	exterminare|=|Ncfsrn|3	exterminări|exterminare|Ncfp-n|3	e	i_0	FALSE
a	@	z	r	externalizare|=|Ncfsrn|4	externalizări|externalizare|Ncfp-n|4	e	i_0	FALSE
a	@	n	r	externare|=|Ncfsrn|2	externări|externare|Ncfp-n|2	e	i_0	FALSE
a	@	p	r	extirpare|=|Ncfsrn|2	extirpări|extirpare|Ncfp-n|2	e	i_0	FALSE
a	@	k	r	extorcare|=|Ncfsrn|2	extorcări|extorcare|Ncfp-n|2	e	i_0	FALSE
a	@	l	r	extrapolare|=|Ncfsrn|3	extrapolări|extrapolare|Ncfp-n|3	e	i_0	FALSE
a	@	t	t	extremitate|=|Ncfsrn|3	extremități|extremitate|Ncfp-n|3	e	i_0	FALSE
a	@	d	r	extrădare|=|Ncfsrn|2	extrădări|extrădare|Ncfp-n|2	e	i_0	FALSE
a	@	t	r	ezitare|=|Ncfsrn|2	ezitări|ezitare|Ncfp-n|2	e	i_0	FALSE
a	@	n	r	eșalonare|=|Ncfsrn|3	eșalonări|eșalonare|Ncfp-n|3	e	i_0	FALSE
a	@	n	r	eșantionare|=|Ncfsrn|4	eșantionări|eșantionare|Ncfp-n|4	e	i_0	FALSE
a	@	u	r	eșuare|=|Ncfsrn|2	eșuări|eșuare|Ncfp-n|2	e	i_0	FALSE
a	@	k	r	fabricare|=|Ncfsrn|2	fabricări|fabricare|Ncfp-n|2	e	i_0	FALSE
a	@	f	b	fabrică|=|Ncfsrn|0	făbrici|fabrică|Ncfp-n|0	ă	tS	FALSE
a	@	t	r	facilitare|=|Ncfsrn|3	facilitări|facilitare|Ncfp-n|3	e	i_0	FALSE
a	@	t	t	facilitate|=|Ncfsrn|3	facilități|facilitate|Ncfp-n|3	e	i_0	FALSE
a	@	r	r	facturare|=|Ncfsrn|2	facturări|facturare|Ncfp-n|2	e	i_0	FALSE
a	@	t	t	facultate|=|Ncfsrn|2	facultăți|facultate|Ncfp-n|2	e	i_0	FALSE
a	@	f	l	falcă|=|Ncfsrn|0	fălci|falcă|Ncfp-n|0	ă	tS	FALSE
a	@	t	r	falimentare|=|Ncfsrn|3	falimentări|falimentare|Ncfp-n|3	e	i_0	FALSE
a	@	k	r	falsificare|=|Ncfsrn|3	falsificări|falsificare|Ncfp-n|3	e	i_0	FALSE
a	@	t	t	falsitate|=|Ncfsrn|2	falsități|falsitate|Ncfp-n|2	e	i_0	FALSE
a	@	f	r	farbă|=|Ncfsrn|0	fărburi|farbă|Ncfp-n|0	ă	u r i_0	FALSE
a	@	t	t	fatalitate|=|Ncfsrn|3	fatalități|fatalitate|Ncfp-n|3	e	i_0	FALSE
a	e	f	t	fată|=|Ncfsrn|0	fete|fată|Ncfp-n|0	ă	e	FALSE
EXCL	EXCL	o_X	r	favoare|=|Ncfsrn|1	favoruri|favoare|Ncfp-n|1	e	i_0	FALSE
a	@	z	r	favorizare|=|Ncfsrn|3	favorizări|favorizare|Ncfp-n|3	e	i_0	FALSE
a	e	f	S	fașă|=|Ncfsrn|0	feșe|fașă|Ncfp-n|0	ă	e	FALSE
a	e	f	S	fașă|=|Ncfsrn|0	feși|fașă|Ncfp-n|0	ă	i_0	FALSE
a	e	f	ts	față|=|Ncfsrn|0	fețe|față|Ncfp-n|0	ă	e	FALSE
a	@	t	t	febrilitate|=|Ncfsrn|3	febrilități|febrilitate|Ncfp-n|3	e	i_0	FALSE
a	@	z	r	federalizare|=|Ncfsrn|4	federalizări|federalizare|Ncfp-n|4	e	i_0	FALSE
a	@	t	r	felicitare|=|Ncfsrn|3	felicitări|felicitare|Ncfp-n|3	e	i_0	FALSE
a	@	t	r	fermentare|=|Ncfsrn|2	fermentări|fermentare|Ncfp-n|2	e	i_0	FALSE
a	@	z	r	fertilizare|=|Ncfsrn|3	fertilizări|fertilizare|Ncfp-n|3	e	i_0	FALSE
a	@	z	r	fetișizare|=|Ncfsrn|3	fetișizări|fetișizare|Ncfp-n|3	e	i_0	FALSE
a	@	t	t	fezabilitate|=|Ncfsrn|4	fezabilități|fezabilitate|Ncfp-n|4	e	i_0	FALSE
a	@	z	r	fidelizare|=|Ncfsrn|3	fidelizări|fidelizare|Ncfp-n|3	e	i_0	FALSE
a	@	m	r	filmare|=|Ncfsrn|1	filmări|filmare|Ncfp-n|1	e	i_0	FALSE
a	@	f	r	filozofare|=|Ncfsrn|3	filozofări|filozofare|Ncfp-n|3	e	i_0	FALSE
a	@	r	r	filtrare|=|Ncfsrn|1	filtrări|filtrare|Ncfp-n|1	e	i_0	FALSE
a	@	t	t	finalitate|=|Ncfsrn|3	finalități|finalitate|Ncfp-n|3	e	i_0	FALSE
a	@	z	r	finalizare|=|Ncfsrn|3	finalizări|finalizare|Ncfp-n|3	e	i_0	FALSE
a	@	ts	r	finanțare|=|Ncfsrn|2	finanțări|finanțare|Ncfp-n|2	e	i_0	FALSE
a	@	s	r	finisare|=|Ncfsrn|2	finisări|finisare|Ncfp-n|2	e	i_0	FALSE
a	@	t	t	fiscalitate|=|Ncfsrn|3	fiscalități|fiscalitate|Ncfp-n|3	e	i_0	FALSE
a	@	z	r	fiscalizare|=|Ncfsrn|3	fiscalizări|fiscalizare|Ncfp-n|3	e	i_0	FALSE
a	@	r	r	fisurare|=|Ncfsrn|2	fisurări|fisurare|Ncfp-n|2	e	i_0	FALSE
a	@	s	r	fixare|=|Ncfsrn|1	fixări|fixare|Ncfp-n|1	e	i_0	FALSE
a	e	i	n	fizician|=|Ncms-n|3	fizicieni|fizician|Ncmp-n|3		i_0	FALSE
a	@	l	k	flacără|=|Ncfsrn|0	flăcări|flacără|Ncfp-n|0	ă	i_0	FALSE
a	@	g	r	flancgardă|=|Ncfsrn|1	flancgărzi|flancgardă|Ncfp-n|1	ă	i_0	FALSE
a	@	z	r	flexibilizare|=|Ncfsrn|4	flexibilizări|flexibilizare|Ncfp-n|4	e	i_0	FALSE
a	@	t	r	flotare|=|Ncfsrn|1	flotări|flotare|Ncfp-n|1	e	i_0	FALSE
a	@	z	r	fluidizare|=|Ncfsrn|3	fluidizări|fluidizare|Ncfp-n|3	e	i_0	FALSE
a	@	s	r	focusare|=|Ncfsrn|2	focusări|focusare|Ncfp-n|2	e	i_0	FALSE
a	@	r	r	forare|=|Ncfsrn|1	forări|forare|Ncfp-n|1	e	i_0	FALSE
a	@	t	t	formalitate|=|Ncfsrn|3	formalități|formalitate|Ncfp-n|3	e	i_0	FALSE
a	@	m	r	formare|=|Ncfsrn|1	formări|formare|Ncfp-n|1	e	i_0	FALSE
a	@	l	r	formulare|=|Ncfsrn|2	formulări|formulare|Ncfp-n|2	e	i_0	FALSE
a	@	ts	r	forțare|=|Ncfsrn|1	forțări|forțare|Ncfp-n|1	e	i_0	FALSE
a	@	t	t	fotoconductibilitate|=|Ncfsrn|7	fotoconductibilități|fotoconductibilitate|Ncfp-n|7	e	i_0	FALSE
a	@	r	r	fotodezintegrare|=|Ncfsrn|5	fotodezintegrări|fotodezintegrare|Ncfp-n|5	e	i_0	FALSE
a	@	h	r	fotohartă|=|Ncfsrn|2	fotohărți|fotohartă|Ncfp-n|2	ă	i_0	FALSE
a	@	t	r	fragmentare|=|Ncfsrn|2	fragmentări|fragmentare|Ncfp-n|2	e	i_0	FALSE
a	@	d	r	fraudare|=|Ncfsrn|1	fraudări|fraudare|Ncfp-n|1	e	i_0	FALSE
a	@	k	r	frecare|=|Ncfsrn|1	frecări|frecare|Ncfp-n|1	e	i_0	FALSE
a	@	r	r	frustrare|=|Ncfsrn|1	frustrări|frustrare|Ncfp-n|1	e	i_0	FALSE
a	@	n	r	frânare|=|Ncfsrn|1	frânări|frânare|Ncfp-n|1	e	i_0	FALSE
a	@	t	r	frământare|=|Ncfsrn|2	frământări|frământare|Ncfp-n|2	e	i_0	FALSE
a	@	t	t	funcționalitate|=|Ncfsrn|4	funcționalități|funcționalitate|Ncfp-n|4	e	i_0	FALSE
a	@	n	r	funcționare|=|Ncfsrn|3	funcționări|funcționare|Ncfp-n|3	e	i_0	FALSE
a	@	t	r	fundamentare|=|Ncfsrn|3	fundamentări|fundamentare|Ncfp-n|3	e	i_0	FALSE
a	@	S	r	furișare|=|Ncfsrn|2	furișări|furișare|Ncfp-n|2	e	i_0	FALSE
a	@	z	r	furnizare|=|Ncfsrn|2	furnizări|furnizare|Ncfp-n|2	e	i_0	FALSE
a	@	n	r	fuzionare|=|Ncfsrn|3	fuzionări|fuzionare|Ncfp-n|3	e	i_0	FALSE
a	e	j	l	fâșâială|=|Ncfsrn|2	fâșâieli|fâșâială|Ncfp-n|2	ă	i_0	FALSE
a	@	ts	r	fărâmițare|=|Ncfsrn|3	fărâmițări|fărâmițare|Ncfp-n|3	e	i_0	FALSE
a	@	g	j	gaică|=|Ncfsrn|0	găici|gaică|Ncfp-n|0	ă	tS	FALSE
a	@	z	r	galvanizare|=|Ncfsrn|3	galvanizări|galvanizare|Ncfp-n|3	e	i_0	FALSE
a	@	z	r	galvanocauterizare|=|Ncfsrn|6	galvanocauterizări|galvanocauterizare|Ncfp-n|6	e	i_0	FALSE
a	@	t	r	garantare|=|Ncfsrn|2	garantări|garantare|Ncfp-n|2	e	i_0	FALSE
a	e	i	n	gardian|=|Ncms-n|2	gardieni|gardian|Ncmp-n|2		i_0	FALSE
a	@	g	r	gardă|=|Ncfsrn|0	gărzi|gardă|Ncfp-n|0	ă	i_0	FALSE
a	@	g	r	gară|=|Ncfsrn|0	gări|gară|Ncfp-n|0	ă	i_0	FALSE
a	@	g	u	gaură|=|Ncfsrn|0	găuri|gaură|Ncfp-n|0	ă	i_0	FALSE
a	@	z	r	gazare|=|Ncfsrn|1	gazări|gazare|Ncfp-n|1	e	i_0	FALSE
a	@	g	S	gașcă|=|Ncfsrn|0	găști|gașcă|Ncfp-n|0	ă	i_0	FALSE
a	e	gZ	k	geacă|=|Ncfsrn|0	geci|geacă|Ncfp-n|0	ă	tS	FALSE
a	e	gZ	m	geamăn|=|Afpms-n|0	gemeni|geamăn|Ncmp-n|0		i_0	FALSE
a	e	gZ	m	geamăt|=|Ncms-n|0	gemete|geamăt|Ncfp-n|0		e	FALSE
a	e	gZ	n	geantă|=|Ncfsrn|0	genți|geantă|Ncfp-n|0	ă	i_0	FALSE
a	e	gZ	n	geană|=|Ncfsrn|0	gene|geană|Ncfp-n|0	ă	e	FALSE
a	@	t	t	generalitate|=|Ncfsrn|4	generalități|generalitate|Ncfp-n|4	e	i_0	FALSE
a	@	z	r	generalizare|=|Ncfsrn|4	generalizări|generalizare|Ncfp-n|4	e	i_0	FALSE
a	@	r	r	generare|=|Ncfsrn|2	generări|generare|Ncfp-n|2	e	i_0	FALSE
a	e	i	n	georgian|=|Afpms-n|2	georgieni|georgian|Ncmp-n|2		i_0	FALSE
a	e	i	n	georgiană|=|Ncfsrn|2	georgiene|georgiană|Ncfp-n|2	ă	e	FALSE
a	@	n	r	gestionare|=|Ncfsrn|3	gestionări|gestionare|Ncfp-n|2	e	i_0	TRUE
a	e	g_j	t	gheată|=|Ncfsrn|0	ghete|gheată|Ncfp-n|0	ă	e	FALSE
a	e	g_j	ts	gheață|=|Ncfsrn|0	ghețuri|gheață|Ncfp-n|0	ă	u r i_0	FALSE
a	@	d	r	ghidare|=|Ncfsrn|1	ghidări|ghidare|Ncfp-n|1	e	i_0	FALSE
a	@	l	n	ghirlandă|=|Ncfsrn|1	ghirlănzi|ghirlandă|Ncfp-n|1	ă	i_0	FALSE
a	@	s	r	glisare|=|Ncfsrn|1	glisări|glisare|Ncfp-n|1	e	i_0	FALSE
a	@	z	r	globalizare|=|Ncfsrn|3	globalizări|globalizare|Ncfp-n|3	e	i_0	FALSE
a	@	k	r	glorificare|=|Ncfsrn|3	glorificări|glorificare|Ncfp-n|3	e	i_0	FALSE
a	e	i	n	grafician|=|Ncms-n|3	graficieni|grafician|Ncmp-n|3		i_0	FALSE
a	@	t	t	grandiozitate|=|Ncfsrn|4	grandiozități|grandiozitate|Ncfp-n|4	e	i_0	FALSE
a	@	t	t	gratuitate|=|Ncfsrn|3	gratuități|gratuitate|Ncfp-n|3	e	i_0	FALSE
a	@	l	r	greblare|=|Ncfsrn|1	greblări|greblare|Ncfp-n|1	e	i_0	FALSE
a	@	t	t	greutate|=|Ncfsrn|2	greutăți|greutate|Ncfp-n|2	e	i_0	FALSE
a	@	p	r	grupare|=|Ncfsrn|1	grupări|grupare|Ncfp-n|1	e	i_0	FALSE
a	e	m	d	grămadă|=|Ncfsrn|1	grămezi|grămadă|Ncfp-n|1	ă	i_0	FALSE
a	@	t	r	gustare|=|Ncfsrn|1	gustări|gustare|Ncfp-n|1	e	i_0	FALSE
a	@	n	r	guvernare|=|Ncfsrn|2	guvernări|guvernare|Ncfp-n|2	e	i_0	FALSE
a	e	j	l	gâfâială|=|Ncfsrn|2	gâfâieli|gâfâială|Ncfp-n|2	ă	i_0	FALSE
a	e	tS	v	gâlceavă|=|Ncfsrn|1	gâlcevi|gâlceavă|Ncfp-n|1	ă	i_0	FALSE
a	e	i	n	haitian|=|Ncms-n|3	haitieni|haitian|Ncmp-n|3		i_0	FALSE
a	@	h	l	halcă|=|Ncfsrn|0	hălci|halcă|Ncfp-n|0	ă	tS	FALSE
a	@	h	r	hartă|=|Ncfsrn|0	hărți|hartă|Ncfp-n|0	ă	i_0	FALSE
a	@	h	s	hască|=|Ncfsrn|0	hăști|hască|Ncfp-n|0	ă	i_0	FALSE
a	@	h	S	hașcă|=|Ncfsrn|0	hăști|hașcă|Ncfp-n|0	ă	i_0	FALSE
a	@	l	n	helancă|=|Ncfsrn|1	helănci|helancă|Ncfp-n|1	ă	tS	FALSE
a	@	t	r	hidratare|=|Ncfsrn|2	hidratări|hidratare|Ncfp-n|2	e	i_0	FALSE
a	@	l	r	hidroxilare|=|Ncfsrn|3	hidroxilări|hidroxilare|Ncfp-n|3	e	i_0	FALSE
a	@	t	t	higroscopicitate|=|Ncfsrn|5	higroscopicități|higroscopicitate|Ncfp-n|5	e	i_0	FALSE
a	@	t	t	hiperactivitate|=|Ncfsrn|5	hiperactivități|hiperactivitate|Ncfp-n|5	e	i_0	FALSE
a	@	t	t	hipersensibilitate|=|Ncfsrn|6	hipersensibilități|hipersensibilitate|Ncfp-n|6	e	i_0	FALSE
a	e	Z	n	hlujan|=|Ncms-n|1	hlujeni|hlujan|Ncmp-n|1		i_0	FALSE
a	e	gZ	l	hodorogeală|=|Ncfsry|3	hodorogeli|hodorogeală|Ncfp-n|3	ă	i_0	FALSE
a	e	i	n	htonian|=|Ncms-n|2	htonieni|htonian|Ncmp-n|2		i_0	FALSE
a	e	j	l	huiduială|=|Ncfsrn|2	huiduieli|huiduială|Ncfp-n|2	ă	i_0	FALSE
a	e	j	l	hărțuială|=|Ncfsrn|2	hărțuieli|hărțuială|Ncfp-n|2	ă	i_0	FALSE
a	e	j	p	iapă|=|Ncfsrn|0	iepe|iapă|Ncfp-n|0	ă	e	FALSE
a	e	j	r	iarbă|=|Ncfsrn|0	ierburi|iarbă|Ncfp-n|0	ă	u r i_0	FALSE
a	e	j	r	iarnă|=|Ncfsrn|0	ierni|iarnă|Ncfp-n|0	ă	i_0	FALSE
a	e	j	s	iască|=|Ncfsrn|0	iești|iască|Ncfp-n|0	ă	i_0	FALSE
a	e	j	z	iazmă|=|Ncfsrn|0	iezme|iazmă|Ncfp-n|0	ă	e	FALSE
a	@	k	r	identificare|=|Ncfsrn|4	identificări|identificare|Ncfp-n|4	e	i_0	FALSE
a	@	t	t	identitate|=|Ncfsrn|3	identități|identitate|Ncfp-n|3	e	i_0	FALSE
a	@	z	r	ierarhizare|=|Ncfsrn|3	ierarhizări|ierarhizare|Ncfp-n|3	e	i_0	FALSE
a	@	t	r	iertare|=|Ncfsrn|1	iertări|iertare|Ncfp-n|1	e	i_0	FALSE
a	@	z	r	igienizare|=|Ncfsrn|4	igienizări|igienizare|Ncfp-n|4	e	i_0	FALSE
a	@	r	r	ignorare|=|Ncfsrn|2	ignorări|ignorare|Ncfp-n|2	e	i_0	FALSE
a	@	t	t	ilegalitate|=|Ncfsrn|4	ilegalități|ilegalitate|Ncfp-n|4	e	i_0	FALSE
a	@	n	r	iluminare|=|Ncfsrn|3	iluminări|iluminare|Ncfp-n|3	e	i_0	FALSE
a	@	r	r	ilustrare|=|Ncfsrn|2	ilustrări|ilustrare|Ncfp-n|2	e	i_0	FALSE
a	@	r	r	imigrare|=|Ncfsrn|2	imigrări|imigrare|Ncfp-n|2	e	i_0	FALSE
a	@	t	r	imitare|=|Ncfsrn|2	imitări|imitare|Ncfp-n|2	e	i_0	FALSE
a	@	z	r	imobilizare|=|Ncfsrn|4	imobilizări|imobilizare|Ncfp-n|4	e	i_0	FALSE
a	@	t	t	imoralitate|=|Ncfsrn|4	imoralități|imoralitate|Ncfp-n|4	e	i_0	FALSE
a	@	z	r	imortalizare|=|Ncfsrn|4	imortalizări|imortalizare|Ncfp-n|4	e	i_0	FALSE
a	@	t	r	implementare|=|Ncfsrn|3	implementări|implementare|Ncfp-n|3	e	i_0	FALSE
a	@	k	r	implicare|=|Ncfsrn|2	implicări|implicare|Ncfp-n|2	e	i_0	FALSE
a	@	t	r	impozitare|=|Ncfsrn|3	impozitări|impozitare|Ncfp-n|3	e	i_0	FALSE
a	@	t	t	impracticabilitate|=|Ncfsrn|6	impracticabilități|impracticabilitate|Ncfp-n|6	e	i_0	FALSE
a	@	t	t	impregnabilitate|=|Ncfsrn|5	impregnabilități|impregnabilitate|Ncfp-n|5	e	i_0	FALSE
a	@	t	t	imprescriptibilitate|=|Ncfsrn|6	imprescriptibilități|imprescriptibilitate|Ncfp-n|6	e	i_0	FALSE
a	@	m	r	imprimare|=|Ncfsrn|2	imprimări|imprimare|Ncfp-n|2	e	i_0	FALSE
a	@	t	t	impulsivitate|=|Ncfsrn|4	impulsivități|impulsivitate|Ncfp-n|4	e	i_0	FALSE
a	@	t	t	impunitate|=|Ncfsrn|3	impunități|impunitate|Ncfp-n|3	e	i_0	FALSE
a	@	t	t	impuritate|=|Ncfsrn|3	impurități|impuritate|Ncfp-n|3	e	i_0	FALSE
a	@	z	r	imunizare|=|Ncfsrn|3	imunizări|imunizare|Ncfp-n|3	e	i_0	FALSE
a	@	t	t	inabilitate|=|Ncfsrn|4	inabilități|inabilitate|Ncfp-n|4	e	i_0	FALSE
a	@	t	t	inaccesibilitate|=|Ncfsrn|6	inaccesibilități|inaccesibilitate|Ncfp-n|6	e	i_0	FALSE
a	@	t	t	inadmisibilitate|=|Ncfsrn|6	inadmisibilități|inadmisibilitate|Ncfp-n|6	e	i_0	FALSE
a	@	r	r	inaugurare|=|Ncfsrn|3	inaugurări|inaugurare|Ncfp-n|3	e	i_0	FALSE
a	@	t	t	incapacitate|=|Ncfsrn|4	incapacități|incapacitate|Ncfp-n|4	e	i_0	FALSE
a	@	r	r	incinerare|=|Ncfsrn|3	incinerări|incinerare|Ncfp-n|3	e	i_0	FALSE
a	@	t	r	incitare|=|Ncfsrn|2	incitări|incitare|Ncfp-n|2	e	i_0	FALSE
a	@	t	t	incombustibilitate|=|Ncfsrn|6	incombustibilități|incombustibilitate|Ncfp-n|6	e	i_0	FALSE
a	@	t	t	incompatibilitate|=|Ncfsrn|6	incompatibilități|incompatibilitate|Ncfp-n|6	e	i_0	FALSE
a	@	t	t	incomprehensibilitate|=|Ncfsrn|7	incomprehensibilități|incomprehensibilitate|Ncfp-n|7	e	i_0	FALSE
a	@	t	t	incoruptibilitate|=|Ncfsrn|6	incoruptibilități|incoruptibilitate|Ncfp-n|6	e	i_0	FALSE
a	@	n	r	incriminare|=|Ncfsrn|3	incriminări|incriminare|Ncfp-n|3	e	i_0	FALSE
a	@	t	t	indemonstrabilitate|=|Ncfsrn|6	indemonstrabilități|indemonstrabilitate|Ncfp-n|6	e	i_0	FALSE
a	@	s	r	indexare|=|Ncfsrn|2	indexări|indexare|Ncfp-n|2	e	i_0	FALSE
a	e	i	n	indian|=|Ncms-n|2	indieni|indian|Ncmp-n|2		i_0	FALSE
a	e	i	n	indiancă|=|Ncfsrn|2	indience|indiancă|Ncfp-n|2	ă	e	FALSE
a	e	i	n	indiană|=|Ncfsrn|2	indiene|indiană|Ncfp-n|2	ă	e	FALSE
a	@	k	r	indicare|=|Ncfsrn|2	indicări|indicare|Ncfp-n|2	e	i_0	FALSE
a	@	n	r	indignare|=|Ncfsrn|2	indignări|indignare|Ncfp-n|2	e	i_0	FALSE
a	@	z	r	indisponibilizare|=|Ncfsrn|6	indisponibilizări|indisponibilizare|Ncfp-n|6	e	i_0	FALSE
a	@	t	t	individualitate|=|Ncfsrn|6	individualități|individualitate|Ncfp-n|6	e	i_0	FALSE
a	@	z	r	individualizare|=|Ncfsrn|6	individualizări|individualizare|Ncfp-n|6	e	i_0	FALSE
a	@	z	r	industrializare|=|Ncfsrn|5	industrializări|industrializare|Ncfp-n|5	e	i_0	FALSE
a	@	t	t	ineluctabilitate|=|Ncfsrn|6	ineluctabilități|ineluctabilitate|Ncfp-n|6	e	i_0	FALSE
a	@	t	t	inexactitate|=|Ncfsrn|4	inexactități|inexactitate|Ncfp-n|4	e	i_0	FALSE
a	@	t	t	inexorabilitate|=|Ncfsrn|6	inexorabilități|inexorabilitate|Ncfp-n|6	e	i_0	FALSE
a	@	t	t	inexpugnabilitate|=|Ncfsrn|6	inexpugnabilități|inexpugnabilitate|Ncfp-n|6	e	i_0	FALSE
a	@	t	r	infectare|=|Ncfsrn|2	infectări|infectare|Ncfp-n|2	e	i_0	FALSE
a	@	t	t	inferioritate|=|Ncfsrn|5	inferiorități|inferioritate|Ncfp-n|5	e	i_0	FALSE
a	@	t	t	infertilitate|=|Ncfsrn|4	infertilități|infertilitate|Ncfp-n|4	e	i_0	FALSE
a	@	t	r	infestare|=|Ncfsrn|2	infestări|infestare|Ncfp-n|2	e	i_0	FALSE
a	@	t	t	infidelitate|=|Ncfsrn|4	infidelități|infidelitate|Ncfp-n|4	e	i_0	FALSE
a	@	r	r	infiltrare|=|Ncfsrn|2	infiltrări|infiltrare|Ncfp-n|2	e	i_0	FALSE
a	@	m	r	inflamare|=|Ncfsrn|2	inflamări|inflamare|Ncfp-n|2	e	i_0	FALSE
a	@	ts	r	influențare|=|Ncfsrn|3	influențări|influențare|Ncfp-n|3	e	i_0	FALSE
a	@	m	r	informare|=|Ncfsrn|2	informări|informare|Ncfp-n|2	e	i_0	FALSE
a	@	z	r	informatizare|=|Ncfsrn|4	informatizări|informatizare|Ncfp-n|4	e	i_0	FALSE
a	@	t	t	infracționalitate|=|Ncfsrn|5	infracționalități|infracționalitate|Ncfp-n|5	e	i_0	FALSE
a	@	z	r	infuzare|=|Ncfsrn|2	infuzări|infuzare|Ncfp-n|2	e	i_0	FALSE
a	@	l	r	inhalare|=|Ncfsrn|2	inhalări|inhalare|Ncfp-n|2	e	i_0	FALSE
a	@	b	r	inhibare|=|Ncfsrn|2	inhibări|inhibare|Ncfp-n|2	e	i_0	FALSE
a	@	z	r	inițializare|=|Ncfsrn|4	inițializări|inițializare|Ncfp-n|4	e	i_0	FALSE
a	@	t	r	injectare|=|Ncfsrn|2	injectări|injectare|Ncfp-n|2	e	i_0	FALSE
a	@	t	t	inofensivitate|=|Ncfsrn|5	inofensivități|inofensivitate|Ncfp-n|5	e	i_0	FALSE
a	@	v	r	inovare|=|Ncfsrn|2	inovări|inovare|Ncfp-n|2	e	i_0	FALSE
a	@	t	t	insecuritate|=|Ncfsrn|4	insecurități|insecuritate|Ncfp-n|4	e	i_0	FALSE
a	@	u	r	insinuare|=|Ncfsrn|3	insinuări|insinuare|Ncfp-n|2	e	i_0	TRUE
a	@	t	t	insolvabilitate|=|Ncfsrn|5	insolvabilități|insolvabilitate|Ncfp-n|5	e	i_0	FALSE
a	@	t	t	insondabilitate|=|Ncfsrn|5	insondabilități|insondabilitate|Ncfp-n|5	e	i_0	FALSE
a	@	t	r	inspectare|=|Ncfsrn|2	inspectări|inspectare|Ncfp-n|2	e	i_0	FALSE
a	@	t	t	instabilitate|=|Ncfsrn|4	instabilități|instabilitate|Ncfp-n|4	e	i_0	FALSE
a	@	l	r	instalare|=|Ncfsrn|2	instalări|instalare|Ncfp-n|2	e	i_0	FALSE
a	@	r	r	instaurare|=|Ncfsrn|3	instaurări|instaurare|Ncfp-n|3	e	i_0	FALSE
a	@	g	r	instigare|=|Ncfsrn|2	instigări|instigare|Ncfp-n|2	e	i_0	FALSE
a	@	t	r	instrumentare|=|Ncfsrn|3	instrumentări|instrumentare|Ncfp-n|3	e	i_0	FALSE
a	@	l	r	intabulare|=|Ncfsrn|3	intabulări|intabulare|Ncfp-n|3	e	i_0	FALSE
a	@	t	t	integralitate|=|Ncfsrn|4	integralități|integralitate|Ncfp-n|4	e	i_0	FALSE
a	@	r	r	integrare|=|Ncfsrn|2	integrări|integrare|Ncfp-n|2	e	i_0	FALSE
a	@	t	t	intelectualitate|=|Ncfsrn|6	intelectualități|intelectualitate|Ncfp-n|6	e	i_0	FALSE
a	@	k	r	intensificare|=|Ncfsrn|4	intensificări|intensificare|Ncfp-n|4	e	i_0	FALSE
a	@	t	t	intensitate|=|Ncfsrn|3	intensități|intensitate|Ncfp-n|3	e	i_0	FALSE
a	@	t	r	interceptare|=|Ncfsrn|3	interceptări|interceptare|Ncfp-n|3	e	i_0	FALSE
a	@	t	r	interconectare|=|Ncfsrn|4	interconectări|interconectare|Ncfp-n|4	e	i_0	FALSE
a	@	s	r	interesare|=|Ncfsrn|3	interesări|interesare|Ncfp-n|3	e	i_0	FALSE
a	e	f	ts	interfață|=|Ncfsrn|2	interfețe|interfață|Ncfp-n|2	ă	e	FALSE
a	@	n	r	internare|=|Ncfsrn|2	internări|internare|Ncfp-n|2	e	i_0	FALSE
a	@	z	r	internaționalizare|=|Ncfsrn|6	internaționalizări|internaționalizare|Ncfp-n|6	e	i_0	FALSE
a	@	g	r	interogare|=|Ncfsrn|3	interogări|interogare|Ncfp-n|3	e	i_0	FALSE
a	@	t	t	interoperabilitate|=|Ncfsrn|7	interoperabilități|interoperabilitate|Ncfp-n|7	e	i_0	FALSE
a	@	l	r	interpelare|=|Ncfsrn|3	interpelări|interpelare|Ncfp-n|3	e	i_0	FALSE
a	@	t	r	interpretare|=|Ncfsrn|3	interpretări|interpretare|Ncfp-n|3	e	i_0	FALSE
a	@	t	t	interschimbabilitate|=|Ncfsrn|6	interschimbabilități|interschimbabilitate|Ncfp-n|6	e	i_0	FALSE
a	@	t	r	intersectare|=|Ncfsrn|3	intersectări|intersectare|Ncfp-n|3	e	i_0	FALSE
a	@	t	t	interșanjabilitate|=|Ncfsrn|6	interșanjabilități|interșanjabilitate|Ncfp-n|6	e	i_0	FALSE
a	@	d	r	intimidare|=|Ncfsrn|3	intimidări|intimidare|Ncfp-n|3	e	i_0	FALSE
a	@	t	t	intimitate|=|Ncfsrn|3	intimități|intimitate|Ncfp-n|3	e	i_0	FALSE
a	@	n	r	intonare|=|Ncfsrn|2	intonări|intonare|Ncfp-n|2	e	i_0	FALSE
a	@	k	r	intoxicare|=|Ncfsrn|3	intoxicări|intoxicare|Ncfp-n|3	e	i_0	FALSE
a	@	r	r	intrare|=|Ncfsrn|1	intrări|intrare|Ncfp-n|1	e	i_0	FALSE
a	@	b	r	intubare|=|Ncfsrn|2	intubări|intubare|Ncfp-n|2	e	i_0	FALSE
a	@	d	r	inundare|=|Ncfsrn|2	inundări|inundare|Ncfp-n|2	e	i_0	FALSE
a	@	t	t	inutilitate|=|Ncfsrn|4	inutilități|inutilitate|Ncfp-n|4	e	i_0	FALSE
a	@	d	r	invadare|=|Ncfsrn|2	invadări|invadare|Ncfp-n|2	e	i_0	FALSE
a	@	d	r	invalidare|=|Ncfsrn|3	invalidări|invalidare|Ncfp-n|3	e	i_0	FALSE
a	@	t	t	invaliditate|=|Ncfsrn|4	invalidități|invaliditate|Ncfp-n|4	e	i_0	FALSE
a	@	t	r	inventare|=|Ncfsrn|2	inventări|inventare|Ncfp-n|2	e	i_0	FALSE
a	@	t	t	inventivitate|=|Ncfsrn|4	inventivități|inventivitate|Ncfp-n|4	e	i_0	FALSE
a	@	s	r	inversare|=|Ncfsrn|2	inversări|inversare|Ncfp-n|2	e	i_0	FALSE
a	@	g	r	investigare|=|Ncfsrn|3	investigări|investigare|Ncfp-n|3	e	i_0	FALSE
a	@	t	t	inviolabilitate|=|Ncfsrn|6	inviolabilități|inviolabilitate|Ncfp-n|6	e	i_0	FALSE
a	@	t	r	invitare|=|Ncfsrn|2	invitări|invitare|Ncfp-n|2	e	i_0	FALSE
a	@	k	r	invocare|=|Ncfsrn|2	invocări|invocare|Ncfp-n|2	e	i_0	FALSE
a	@	z	r	ionizare|=|Ncfsrn|3	ionizări|ionizare|Ncfp-n|3	e	i_0	FALSE
a	e	i	n	iordanian|=|Ncms-n|3	iordanieni|iordanian|Ncmp-n|3		i_0	FALSE
a	@	k	r	ipotecare|=|Ncfsrn|3	ipotecări|ipotecare|Ncfp-n|3	e	i_0	FALSE
a	e	i	n	irakian|=|Afpms-n|3	irakieni|irakian|Ncmp-n|3		i_0	FALSE
a	e	i	n	irakiană|=|Ncfsrn|3	irakiene|irakiană|Ncfp-n|3	ă	e	FALSE
a	e	i	n	iraniană|=|Ncfsrn|3	iraniene|iraniană|Ncfp-n|3	ă	e	FALSE
a	@	t	t	irascibilitate|=|Ncfsrn|5	irascibilități|irascibilitate|Ncfp-n|5	e	i_0	FALSE
a	@	t	t	irealitate|=|Ncfsrn|4	irealități|irealitate|Ncfp-n|4	e	i_0	FALSE
a	@	t	t	iregularitate|=|Ncfsrn|5	iregularități|iregularitate|Ncfp-n|5	e	i_0	FALSE
a	@	t	t	iresponsabilitate|=|Ncfsrn|6	iresponsabilități|iresponsabilitate|Ncfp-n|6	e	i_0	FALSE
a	@	g	r	irigare|=|Ncfsrn|2	irigări|irigare|Ncfp-n|2	e	i_0	FALSE
a	@	t	t	iritabilitate|=|Ncfsrn|5	iritabilități|iritabilitate|Ncfp-n|5	e	i_0	FALSE
a	@	t	r	iritare|=|Ncfsrn|2	iritări|iritare|Ncfp-n|2	e	i_0	FALSE
a	@	r	v	ispravă|=|Ncfsrn|1	isprăvi|ispravă|Ncfp-n|1	ă	i_0	FALSE
a	e	i	n	italian|=|Ncms-n|3	italieni|italian|Ncmp-n|3		i_0	FALSE
a	e	i	n	italiancă|=|Ncfsrn|3	italience|italiancă|Ncfp-n|3	ă	e	FALSE
a	e	i	n	italiană|=|Ncfsrn|3	italiene|italiană|Ncfp-n|3	ă	e	FALSE
a	e	m	n	izmană|=|Ncfsrn|1	izmene|izmană|Ncfp-n|1	ă	e	FALSE
a	@	l	r	izolare|=|Ncfsrn|2	izolări|izolare|Ncfp-n|2	e	i_0	FALSE
a	@	Z	k	jacă|=|Ncfsrn|0	jăci|jacă|Ncfp-n|0	ă	tS	FALSE
a	@	Z	l	jalbă|=|Ncfsrn|0	jălbi|jalbă|Ncfp-n|0	ă	i_0	FALSE
a	@	Z	p	japșă|=|Ncfsrn|0	jăpși|japșă|Ncfp-n|0	ă	i_0	FALSE
a	@	Z	r	jarcă|=|Ncfsrn|0	jărci|jarcă|Ncfp-n|0	ă	tS	FALSE
EXCL	EXCL	e	n	jeans|=|Ncms-n|1	jeanși|jeans|Ncmp-n|1		j	FALSE
a	@	g	n	jiganie|=|Ncfsrn|1	jigănii|jiganie|Ncfp-n|1	e	j	FALSE
a	@	l	r	jonglare|=|Ncfsrn|1	jonglări|jonglare|Ncfp-n|1	e	i_0	FALSE
a	@	t	t	jovialitate|=|Ncfsrn|4	jovialități|jovialitate|Ncfp-n|4	e	i_0	FALSE
a	@	k	r	judecare|=|Ncfsrn|2	judecări|judecare|Ncfp-n|2	e	i_0	FALSE
a	@	k	t	judecată|=|Ncfsrn|2	judecăți|judecată|Ncfp-n|2	ă	i_0	FALSE
a	@	m	t	jumate|=|Ncfsrn|1	jumăți|jumate|Ncfp-n|1	e	i_0	FALSE
a	@	t	t	jumătate|=|Ncfsrn|2	jumătăți|jumătate|Ncfp-n|2	e	i_0	FALSE
a	@	r	r	jurare|=|Ncfsrn|1	jurări|jurare|Ncfp-n|1	e	i_0	FALSE
a	@	z	r	jurizare|=|Ncfsrn|2	jurizări|jurizare|Ncfp-n|2	e	i_0	FALSE
a	@	k	r	justificare|=|Ncfsrn|3	justificări|justificare|Ncfp-n|3	e	i_0	FALSE
a	@	l	d	ladă|=|Ncfsrn|0	lăzi|ladă|Ncfp-n|0	ă	i_0	FALSE
a	@	l	m	lampă|=|Ncfsrn|0	lămpi|lampă|Ncfp-n|0	ă	i_0	FALSE
a	@	l	n	lance|=|Ncfsrn|0	lănci|lance|Ncfp-n|0	e	tS	FALSE
a	@	s	r	lansare|=|Ncfsrn|1	lansări|lansare|Ncfp-n|1	e	i_0	FALSE
a	@	l	p	lapte|=|Ncms-n|0	lăpturi|lapte|Ncfp-n|0	e	u r i_0	FALSE
a	@	t	t	latinitate|=|Ncfsrn|3	latinități|latinitate|Ncfp-n|3	e	i_0	FALSE
a	@	t	t	lașitate|=|Ncfsrn|2	lașități|lașitate|Ncfp-n|2	e	i_0	FALSE
a	@	t	t	legalitate|=|Ncfsrn|3	legalități|legalitate|Ncfp-n|3	e	i_0	FALSE
a	@	z	r	legalizare|=|Ncfsrn|3	legalizări|legalizare|Ncfp-n|3	e	i_0	FALSE
a	@	g	r	legare|=|Ncfsrn|1	legări|legare|Ncfp-n|1	e	i_0	FALSE
a	@	r	r	legiferare|=|Ncfsrn|3	legiferări|legiferare|Ncfp-n|3	e	i_0	FALSE
a	@	m	r	legitimare|=|Ncfsrn|3	legitimări|legitimare|Ncfp-n|3	e	i_0	FALSE
a	@	t	t	legitimitate|=|Ncfsrn|4	legitimități|legitimitate|Ncfp-n|4	e	i_0	FALSE
a	@	n	r	legănare|=|Ncfsrn|2	legănări|legănare|Ncfp-n|2	e	i_0	FALSE
a	@	t	t	lejeritate|=|Ncfsrn|3	lejerități|lejeritate|Ncfp-n|3	e	i_0	FALSE
a	@	t	t	lezmaiestate|=|Ncfsrn|3	lezmaiestăți|lezmaiestate|Ncfp-n|3	e	i_0	FALSE
a	@	b	r	libarcă|=|Ncfsrn|1	libărci|libarcă|Ncfp-n|1	ă	tS	FALSE
a	@	z	r	liberalizare|=|Ncfsrn|4	liberalizări|liberalizare|Ncfp-n|4	e	i_0	FALSE
a	@	t	t	libertate|=|Ncfsrn|2	libertăți|libertate|Ncfp-n|2	e	i_0	FALSE
a	e	e	n	liceancă|=|Ncfsrn|2	liceence|liceancă|Ncfp-n|2	ă	e	FALSE
a	@	d	r	lichidare|=|Ncfsrn|2	lichidări|lichidare|Ncfp-n|2	e	i_0	FALSE
a	@	t	t	lichiditate|=|Ncfsrn|3	lichidități|lichiditate|Ncfp-n|3	e	i_0	FALSE
a	@	t	r	licitare|=|Ncfsrn|2	licitări|licitare|Ncfp-n|2	e	i_0	FALSE
a	e	g_j	n	lighean|=|Ncms-n|1	lighene|lighean|Ncfp-n|1		e	FALSE
a	e	i	k	liliac|=|Ncms-n|2	lilieci|liliac|Ncmp-n|2		tS	FALSE
a	@	t	r	limitare|=|Ncfsrn|2	limitări|limitare|Ncfp-n|2	e	i_0	FALSE
a	@	t	r	listare|=|Ncfsrn|1	listări|listare|Ncfp-n|1	e	i_0	FALSE
a	e	i	n	lituanian|=|Afpms-n|4	lituanieni|lituanian|Ncmp-n|4		i_0	FALSE
a	e	v	d	livadă|=|Ncfsrn|1	livezi|livadă|Ncfp-n|1	ă	i_0	FALSE
a	@	r	r	livrare|=|Ncfsrn|1	livrări|livrare|Ncfp-n|1	e	i_0	FALSE
a	@	t	t	localitate|=|Ncfsrn|3	localități|localitate|Ncfp-n|3	e	i_0	FALSE
a	@	z	r	localizare|=|Ncfsrn|3	localizări|localizare|Ncfp-n|3	e	i_0	FALSE
a	e	p	t	lopată|=|Ncfsrn|1	lopeți|lopată|Ncfp-n|1	ă	i_0	FALSE
a	@	u	r	luare|=|Ncfsrn|1	luări|luare|Ncfp-n|1	e	i_0	FALSE
a	e	tS	f	luceafăr|=|Ncms-n|1	luceferi|luceafăr|Ncmp-n|1		i_0	FALSE
a	@	r	r	lucrare|=|Ncfsrn|1	lucrări|lucrare|Ncfp-n|1	e	i_0	FALSE
a	@	t	t	luminozitate|=|Ncfsrn|4	luminozități|luminozitate|Ncfp-n|4	e	i_0	FALSE
a	@	n	r	lumânare|=|Ncfsrn|2	lumânări|lumânare|Ncfp-n|2	e	i_0	FALSE
a	@	s	r	lăsare|=|Ncfsrn|1	lăsări|lăsare|Ncfp-n|1	e	i_0	FALSE
a	@	r	r	macerare|=|Ncfsrn|2	macerări|macerare|Ncfp-n|2	e	i_0	FALSE
a	e	i	n	magician|=|Ncms-n|3	magicieni|magician|Ncmp-n|3		i_0	FALSE
a	@	t	t	maiestuozitate|=|Ncfsrn|5	maiestuozități|maiestuozitate|Ncfp-n|5	e	i_0	FALSE
a	@	t	t	majestate|=|Ncfsrn|2	majestăți|majestate|Ncfp-n|2	e	i_0	FALSE
a	@	r	r	majorare|=|Ncfsrn|2	majorări|majorare|Ncfp-n|2	e	i_0	FALSE
a	@	t	t	majoritate|=|Ncfsrn|3	majorități|majoritate|Ncfp-n|3	e	i_0	FALSE
a	@	m	Z	majă|=|Ncfsrn|0	măji|majă|Ncfp-n|0	ă	i_0	FALSE
a	@	t	r	maltratare|=|Ncfsrn|2	maltratări|maltratare|Ncfp-n|2	e	i_0	FALSE
a	@	t	t	manevrabilitate|=|Ncfsrn|5	manevrabilități|manevrabilitate|Ncfp-n|5	e	i_0	FALSE
a	@	r	r	manevrare|=|Ncfsrn|2	manevrări|manevrare|Ncfp-n|2	e	i_0	FALSE
a	@	t	r	manifestare|=|Ncfsrn|3	manifestări|manifestare|Ncfp-n|3	e	i_0	FALSE
a	@	l	r	manipulare|=|Ncfsrn|3	manipulări|manipulare|Ncfp-n|3	e	i_0	FALSE
a	@	k	r	marcare|=|Ncfsrn|1	marcări|marcare|Ncfp-n|1	e	i_0	FALSE
a	@	m	r	marcă|=|Ncfsrn|0	mărci|marcă|Ncfp-n|0	ă	tS	FALSE
a	@	m	r	mare|=|Afpms-n|0	mări|mare|Ncfp-n|0	e	i_0	FALSE
a	@	m	r	marfă|=|Ncfsrn|0	mărfuri|marfă|Ncfp-n|0	ă	u r i_0	FALSE
a	@	z	r	marginalizare|=|Ncfsrn|4	marginalizări|marginalizare|Ncfp-n|4	e	i_0	FALSE
a	e	i	n	marțian|=|Afpms-n|2	marțieni|marțian|Ncmp-n|2		i_0	FALSE
a	@	r	r	masacrare|=|Ncfsrn|2	masacrări|masacrare|Ncfp-n|2	e	i_0	FALSE
a	@	t	t	masculinitate|=|Ncfsrn|4	masculinități|masculinitate|Ncfp-n|4	e	i_0	FALSE
a	e	m	s	masă|=|Ncfsrn|0	mese|masă|Ncfp-n|0	ă	e	FALSE
a	@	m	t	matcă|=|Ncfsrn|0	mătci|matcă|Ncfp-n|0	ă	tS	FALSE
a	e	i	n	matematician|=|Ncms-n|5	matematicieni|matematician|Ncmp-n|5		i_0	FALSE
a	@	z	r	materializare|=|Ncfsrn|5	materializări|materializare|Ncfp-n|5	e	i_0	FALSE
a	@	t	t	maternitate|=|Ncfsrn|3	maternități|maternitate|Ncfp-n|3	e	i_0	FALSE
a	@	t	t	maturitate|=|Ncfsrn|3	maturități|maturitate|Ncfp-n|3	e	i_0	FALSE
a	@	z	r	maturizare|=|Ncfsrn|3	maturizări|maturizare|Ncfp-n|3	e	i_0	FALSE
a	@	z	r	mediatizare|=|Ncfsrn|3	mediatizări|mediatizare|Ncfp-n|3	e	i_0	FALSE
a	@	t	t	mediocritate|=|Ncfsrn|4	mediocrități|mediocritate|Ncfp-n|4	e	i_0	FALSE
a	@	r	r	memorare|=|Ncfsrn|2	memorări|memorare|Ncfp-n|2	e	i_0	FALSE
a	@	t	t	mentalitate|=|Ncfsrn|3	mentalități|mentalitate|Ncfp-n|3	e	i_0	FALSE
a	@	n	r	menționare|=|Ncfsrn|3	menționări|menționare|Ncfp-n|3	e	i_0	FALSE
a	@	t	t	meteorosensibilitate|=|Ncfsrn|8	meteorosensibilități|meteorosensibilitate|Ncfp-n|8	e	i_0	FALSE
a	@	t	t	meticulozitate|=|Ncfsrn|5	meticulozități|meticulozitate|Ncfp-n|5	e	i_0	FALSE
a	@	r	r	micșorare|=|Ncfsrn|2	micșorări|micșorare|Ncfp-n|2	e	i_0	FALSE
a	@	r	r	migrare|=|Ncfsrn|1	migrări|migrare|Ncfp-n|1	e	i_0	FALSE
a	@	z	r	militarizare|=|Ncfsrn|4	militarizări|militarizare|Ncfp-n|4	e	i_0	FALSE
a	e	i	n	milițian|=|Ncms-n|3	milițieni|milițian|Ncmp-n|3		i_0	FALSE
a	@	m	r	mimare|=|Ncfsrn|1	mimări|mimare|Ncfp-n|1	e	i_0	FALSE
a	@	z	r	mineralizare|=|Ncfsrn|4	mineralizări|mineralizare|Ncfp-n|4	e	i_0	FALSE
a	@	z	r	minimizare|=|Ncfsrn|3	minimizări|minimizare|Ncfp-n|3	e	i_0	FALSE
a	@	t	t	minoritate|=|Ncfsrn|3	minorități|minoritate|Ncfp-n|3	e	i_0	FALSE
a	@	t	t	minuțiozitate|=|Ncfsrn|5	minuțiozități|minuțiozitate|Ncfp-n|5	e	i_0	FALSE
a	@	k	r	mistificare|=|Ncfsrn|3	mistificări|mistificare|Ncfp-n|3	e	i_0	FALSE
a	@	z	r	mizare|=|Ncfsrn|1	mizări|mizare|Ncfp-n|1	e	i_0	FALSE
a	@	k	r	mișcare|=|Ncfsrn|1	mișcări|mișcare|Ncfp-n|1	e	i_0	FALSE
a	@	l	k	mlacă|=|Ncfsrn|0	mlăci|mlacă|Ncfp-n|0	ă	tS	FALSE
a	@	l	d	mladă|=|Ncfsrn|0	mlăzi|mladă|Ncfp-n|0	ă	i_0	FALSE
a	@	l	Z	mlajă|=|Ncfsrn|0	mlăji|mlajă|Ncfp-n|0	ă	i_0	FALSE
a	@	l	r	mobilare|=|Ncfsrn|2	mobilări|mobilare|Ncfp-n|2	e	i_0	FALSE
a	@	t	t	mobilitate|=|Ncfsrn|3	mobilități|mobilitate|Ncfp-n|3	e	i_0	FALSE
a	@	z	r	mobilizare|=|Ncfsrn|3	mobilizări|mobilizare|Ncfp-n|3	e	i_0	FALSE
a	@	t	t	modalitate|=|Ncfsrn|3	modalități|modalitate|Ncfp-n|3	e	i_0	FALSE
a	@	l	r	modelare|=|Ncfsrn|2	modelări|modelare|Ncfp-n|2	e	i_0	FALSE
a	@	t	t	modernitate|=|Ncfsrn|3	modernități|modernitate|Ncfp-n|3	e	i_0	FALSE
a	@	z	r	modernizare|=|Ncfsrn|3	modernizări|modernizare|Ncfp-n|3	e	i_0	FALSE
a	@	k	r	modificare|=|Ncfsrn|3	modificări|modificare|Ncfp-n|3	e	i_0	FALSE
a	@	t	r	molestare|=|Ncfsrn|2	molestări|molestare|Ncfp-n|2	e	i_0	FALSE
a	@	t	t	mondenitate|=|Ncfsrn|3	mondenități|mondenitate|Ncfp-n|3	e	i_0	FALSE
a	@	z	r	monitorizare|=|Ncfsrn|4	monitorizări|monitorizare|Ncfp-n|4	e	i_0	FALSE
a	@	t	t	monstruozitate|=|Ncfsrn|4	monstruozități|monstruozitate|Ncfp-n|4	e	i_0	FALSE
a	@	t	r	montare|=|Ncfsrn|1	montări|montare|Ncfp-n|1	e	i_0	FALSE
a	@	t	t	moralitate|=|Ncfsrn|3	moralități|moralitate|Ncfp-n|3	e	i_0	FALSE
a	@	t	t	mortalitate|=|Ncfsrn|3	mortalități|mortalitate|Ncfp-n|3	e	i_0	FALSE
a	@	v	r	motivare|=|Ncfsrn|2	motivări|motivare|Ncfp-n|2	e	i_0	FALSE
a	@	z	r	motorizare|=|Ncfsrn|3	motorizări|motorizare|Ncfp-n|3	e	i_0	FALSE
a	@	t	t	multidimensionalitate|=|Ncfsrn|7	multidimensionalități|multidimensionalitate|Ncfp-n|7	e	i_0	FALSE
a	@	t	t	multifuncționalitate|=|Ncfsrn|7	multifuncționalități|multifuncționalitate|Ncfp-n|7	e	i_0	FALSE
a	@	k	r	multiplicare|=|Ncfsrn|3	multiplicări|multiplicare|Ncfp-n|3	e	i_0	FALSE
a	@	k	r	mumificare|=|Ncfsrn|3	mumificări|mumificare|Ncfp-n|3	e	i_0	FALSE
a	@	t	t	municipalitate|=|Ncfsrn|5	municipalități|municipalitate|Ncfp-n|5	e	i_0	FALSE
a	@	t	ts	mustață|=|Ncfsrn|1	mustăți|mustață|Ncfp-n|1	ă	i_0	FALSE
a	@	r	r	mustrare|=|Ncfsrn|1	mustrări|mustrare|Ncfp-n|1	e	i_0	FALSE
a	@	t	r	mutare|=|Ncfsrn|1	mutări|mutare|Ncfp-n|1	e	i_0	FALSE
a	@	l	r	mutilare|=|Ncfsrn|2	mutilări|mutilare|Ncfp-n|2	e	i_0	FALSE
a	@	t	t	muzicalitate|=|Ncfsrn|4	muzicalități|muzicalitate|Ncfp-n|4	e	i_0	FALSE
a	e	i	n	muzician|=|Ncms-n|3	muzicieni|muzician|Ncmp-n|3		i_0	FALSE
a	@	k	r	mâncare|=|Ncfsrn|1	mâncăruri|mâncare|Ncfp-n|1	e	u r i_0	FALSE
a	@	t	r	mânătarcă|=|Ncfsrn|2	mânătărci|mânătarcă|Ncfp-n|2	ă	tS	FALSE
a	@	r	r	măsurare|=|Ncfsrn|2	măsurări|măsurare|Ncfp-n|2	e	i_0	FALSE
a	@	t	n	mătanie|=|Ncfsrn|1	mătănii|mătanie|Ncfp-n|1	e	j	FALSE
a	@	t	s	mătase|=|Ncfsrn|1	mătăsuri|mătase|Ncfp-n|1	e	u r i_0	FALSE
a	e	tS	n	nadiceancă|=|Ncfsrn|2	nadicence|nadiceancă|Ncfp-n|2	ă	e	FALSE
a	@	t	t	naivitate|=|Ncfsrn|3	naivități|naivitate|Ncfp-n|3	e	i_0	FALSE
a	e	j	z	namiază|=|Ncfsrn|1	nămiezi|namiază|Ncfp-n|2	ă	i_0	TRUE
a	e	j	z	namiază|=|Ncfsrn|1	namiezi|namiază|Ncfp-n|2	ă	i_0	TRUE
a	@	t	t	narativitate|=|Ncfsrn|4	narativități|narativitate|Ncfp-n|4	e	i_0	FALSE
a	@	t	t	natalitate|=|Ncfsrn|3	natalități|natalitate|Ncfp-n|3	e	i_0	FALSE
a	@	g	r	navigare|=|Ncfsrn|2	navigări|navigare|Ncfp-n|2	e	i_0	FALSE
a	@	t	t	naționalitate|=|Ncfsrn|5	naționalități|naționalitate|Ncfp-n|5	e	i_0	FALSE
a	@	z	r	naționalizare|=|Ncfsrn|5	naționalizări|naționalizare|Ncfp-n|5	e	i_0	FALSE
a	@	d	r	neacordare|=|Ncfsrn|3	neacordări|neacordare|Ncfp-n|3	e	i_0	FALSE
a	@	t	r	neadaptare|=|Ncfsrn|3	neadaptări|neadaptare|Ncfp-n|3	e	i_0	FALSE
a	@	v	r	neadecvare|=|Ncfsrn|3	neadecvări|neadecvare|Ncfp-n|3	e	i_0	FALSE
a	@	r	r	neadministrare|=|Ncfsrn|3	neadministrări|neadministrare|Ncfp-n|4	e	i_0	TRUE
a	@	t	r	neascultare|=|Ncfsrn|3	neascultări|neascultare|Ncfp-n|3	e	i_0	FALSE
a	@	t	t	necesitate|=|Ncfsrn|3	necesități|necesitate|Ncfp-n|3	e	i_0	FALSE
a	@	t	t	neclaritate|=|Ncfsrn|3	neclarități|neclaritate|Ncfp-n|3	e	i_0	FALSE
a	@	t	t	necompresibilitate|=|Ncfsrn|6	necompresibilități|necompresibilitate|Ncfp-n|6	e	i_0	FALSE
a	@	t	t	nedreptate|=|Ncfsrn|2	nedreptăți|nedreptate|Ncfp-n|2	e	i_0	FALSE
a	@	t	t	neexactitate|=|Ncfsrn|4	neexactități|neexactitate|Ncfp-n|4	e	i_0	FALSE
a	@	g	r	negare|=|Ncfsrn|1	negări|negare|Ncfp-n|1	e	i_0	FALSE
a	@	t	r	neimpozitare|=|Ncfsrn|4	neimpozitări|neimpozitare|Ncfp-n|4	e	i_0	FALSE
a	e	j	l	neorânduială|=|Ncfsrn|4	neorânduieli|neorânduială|Ncfp-n|4	ă	i_0	FALSE
a	@	p	r	neparticipare|=|Ncfsrn|4	neparticipări|neparticipare|Ncfp-n|4	e	i_0	FALSE
a	@	l	t	neplată|=|Ncfsrn|1	neplăți|neplată|Ncfp-n|1	ă	i_0	FALSE
a	@	r	r	neproliferare|=|Ncfsrn|4	neproliferări|neproliferare|Ncfp-n|4	e	i_0	FALSE
a	@	s	r	nepăsare|=|Ncfsrn|2	nepăsări|nepăsare|Ncfp-n|2	e	i_0	FALSE
a	@	z	r	nerealizare|=|Ncfsrn|3	nerealizări|nerealizare|Ncfp-n|3	e	i_0	FALSE
a	@	t	t	neregularitate|=|Ncfsrn|5	neregularități|neregularitate|Ncfp-n|5	e	i_0	FALSE
a	@	t	r	nerespectare|=|Ncfsrn|3	nerespectări|nerespectare|Ncfp-n|3	e	i_0	FALSE
a	@	n	r	nerușinare|=|Ncfsrn|3	nerușinări|nerușinare|Ncfp-n|3	e	i_0	FALSE
a	@	t	t	nervozitate|=|Ncfsrn|3	nervozități|nervozitate|Ncfp-n|3	e	i_0	FALSE
a	@	d	r	nerăbdare|=|Ncfsrn|2	nerăbdări|nerăbdare|Ncfp-n|2	e	i_0	FALSE
a	@	t	t	neseriozitate|=|Ncfsrn|5	neseriozități|neseriozitate|Ncfp-n|5	e	i_0	FALSE
a	@	t	t	neutralitate|=|Ncfsrn|4	neutralități|neutralitate|Ncfp-n|4	e	i_0	FALSE
a	@	z	r	neutralizare|=|Ncfsrn|4	neutralizări|neutralizare|Ncfp-n|4	e	i_0	FALSE
a	e	v	s	nevastă|=|Ncfsrn|1	neveste|nevastă|Ncfp-n|1	ă	e	FALSE
a	@	t	t	nocivitate|=|Ncfsrn|3	nocivități|nocivitate|Ncfp-n|3	e	i_0	FALSE
a	@	z	r	nominalizare|=|Ncfsrn|4	nominalizări|nominalizare|Ncfp-n|4	e	i_0	FALSE
a	@	t	t	normalitate|=|Ncfsrn|3	normalități|normalitate|Ncfp-n|3	e	i_0	FALSE
a	@	z	r	normalizare|=|Ncfsrn|3	normalizări|normalizare|Ncfp-n|3	e	i_0	FALSE
a	e	i	n	norvegian|=|Afpms-n|3	norvegieni|norvegian|Ncmp-n|3		i_0	FALSE
a	e	i	n	norvegiancă|=|Ncfsrn|3	norvegience|norvegiancă|Ncfp-n|3	ă	e	FALSE
a	e	i	n	norvegiană|=|Ncfsrn|3	norvegiene|norvegiană|Ncfp-n|3	ă	e	FALSE
a	@	k	r	notificare|=|Ncfsrn|3	notificări|notificare|Ncfp-n|3	e	i_0	FALSE
a	@	t	t	notorietate|=|Ncfsrn|4	notorietăți|notorietate|Ncfp-n|4	e	i_0	FALSE
a	@	t	t	noutate|=|Ncfsrn|1	noutăți|noutate|Ncfp-n|2	e	i_0	TRUE
a	@	ts	r	nuanțare|=|Ncfsrn|2	nuanțări|nuanțare|Ncfp-n|2	e	i_0	FALSE
a	@	t	t	nulitate|=|Ncfsrn|2	nulități|nulitate|Ncfp-n|2	e	i_0	FALSE
a	@	r	r	numărare|=|Ncfsrn|2	numărări|numărare|Ncfp-n|2	e	i_0	FALSE
a	@	d	j	năbădaică|=|Ncfsrn|2	năbădăici|năbădaică|Ncfp-n|2	ă	tS	FALSE
a	@	p	t	năpatcă|=|Ncfsrn|1	năpătci|năpatcă|Ncfp-n|1	ă	tS	FALSE
a	@	t	t	obezitate|=|Ncfsrn|3	obezități|obezitate|Ncfp-n|3	e	i_0	FALSE
a	e	j	l	obială|=|Ncfsrn|1	obiele|obială|Ncfp-n|2	ă	e	TRUE
a	@	t	t	obiectivitate|=|Ncfsrn|4	obiectivități|obiectivitate|Ncfp-n|4	e	i_0	FALSE
a	@	z	r	obiectivizare|=|Ncfsrn|4	obiectivizări|obiectivizare|Ncfp-n|4	e	i_0	FALSE
a	@	g	r	obligare|=|Ncfsrn|2	obligări|obligare|Ncfp-n|2	e	i_0	FALSE
a	@	t	t	obscenitate|=|Ncfsrn|3	obscenități|obscenitate|Ncfp-n|3	e	i_0	FALSE
a	@	v	r	observare|=|Ncfsrn|2	observări|observare|Ncfp-n|2	e	i_0	FALSE
a	@	n	r	obstrucționare|=|Ncfsrn|4	obstrucționări|obstrucționare|Ncfp-n|4	e	i_0	FALSE
a	@	t	t	obtuzitate|=|Ncfsrn|3	obtuzități|obtuzitate|Ncfp-n|3	e	i_0	FALSE
a	@	k	r	ocară|=|Ncfsrn|1	ocări|ocară|Ncfp-n|1	ă	i_0	FALSE
a	@	p	r	ocupare|=|Ncfsrn|2	ocupări|ocupare|Ncfp-n|2	e	i_0	FALSE
a	@	d	j	odaie|=|Ncfsrn|1	odăi|odaie|Ncfp-n|1	e	j	FALSE
a	@	t	t	oficialitate|=|Ncfsrn|5	oficialități|oficialitate|Ncfp-n|5	e	i_0	FALSE
a	@	z	r	oficializare|=|Ncfsrn|5	oficializări|oficializare|Ncfp-n|5	e	i_0	FALSE
a	@	r	d	ogradă|=|Ncfsrn|1	ogrăzi|ogradă|Ncfp-n|1	ă	i_0	FALSE
a	@	t	t	omogenitate|=|Ncfsrn|4	omogenități|omogenitate|Ncfp-n|4	e	i_0	FALSE
a	@	z	r	omogenizare|=|Ncfsrn|4	omogenizări|omogenizare|Ncfp-n|4	e	i_0	FALSE
a	@	g	r	omologare|=|Ncfsrn|3	omologări|omologare|Ncfp-n|3	e	i_0	FALSE
a	@	r	r	operare|=|Ncfsrn|2	operări|operare|Ncfp-n|2	e	i_0	FALSE
a	@	t	t	oportunitate|=|Ncfsrn|4	oportunități|oportunitate|Ncfp-n|4	e	i_0	FALSE
a	@	m	r	oprimare|=|Ncfsrn|2	oprimări|oprimare|Ncfp-n|2	e	i_0	FALSE
a	e	i	n	optician|=|Ncms-n|3	opticieni|optician|Ncmp-n|3		i_0	FALSE
a	@	z	r	optimizare|=|Ncfsrn|3	optimizări|optimizare|Ncfp-n|3	e	i_0	FALSE
a	@	n	r	ordonare|=|Ncfsrn|2	ordonări|ordonare|Ncfp-n|2	e	i_0	FALSE
a	@	z	r	organizare|=|Ncfsrn|3	organizări|organizare|Ncfp-n|3	e	i_0	FALSE
a	@	t	r	orientare|=|Ncfsrn|3	orientări|orientare|Ncfp-n|3	e	i_0	FALSE
a	@	t	t	ostilitate|=|Ncfsrn|3	ostilități|ostilitate|Ncfp-n|3	e	i_0	FALSE
a	@	r	v	otravă|=|Ncfsrn|1	otrăvuri|otravă|Ncfp-n|1	ă	u r i_0	FALSE
a	@	n	r	oxigenare|=|Ncfsrn|3	oxigenări|oxigenare|Ncfp-n|3	e	i_0	FALSE
a	@	p	tS	pace|=|Ncfsrn|0	păci|pace|Ncfp-n|0	e	tS	FALSE
a	@	l	n	palancă|=|Ncfsrn|1	palănci|palancă|Ncfp-n|1	ă	tS	FALSE
a	e	i	n	palestiniană|=|Ncfsrn|4	palestiniene|palestiniană|Ncfp-n|4	ă	e	FALSE
a	e	p	n	pană|=|Ncfsrn|0	pene|pană|Ncfp-n|0	ă	e	FALSE
a	@	r	d	paradă|=|Ncfsrn|1	parăzi|paradă|Ncfp-n|1	ă	i_0	FALSE
a	@	l	k	paraflacără|=|Ncfsrn|2	paraflăcări|paraflacără|Ncfp-n|2	ă	i_0	FALSE
a	@	k	r	parcare|=|Ncfsrn|1	parcări|parcare|Ncfp-n|1	e	i_0	FALSE
a	@	t	t	paritate|=|Ncfsrn|2	parități|paritate|Ncfp-n|2	e	i_0	FALSE
a	e	i	n	pariziancă|=|Ncfsrn|3	parizience|pariziancă|Ncfp-n|3	ă	e	FALSE
a	e	i	n	pariziană|=|Ncfsrn|3	pariziene|pariziană|Ncfp-n|3	ă	e	FALSE
a	@	l	r	parolare|=|Ncfsrn|2	parolări|parolare|Ncfp-n|2	e	i_0	FALSE
a	@	p	r	parte|=|Ncfsrn|0	părți|parte|Ncfp-n|0	e	i_0	FALSE
a	@	p	r	participare|=|Ncfsrn|3	participări|participare|Ncfp-n|3	e	i_0	FALSE
a	@	t	t	particularitate|=|Ncfsrn|5	particularități|particularitate|Ncfp-n|5	e	i_0	FALSE
a	e	p	r	pară|=|Ncfsrn|0	pere|pară|Ncfp-n|0	ă	e	FALSE
a	@	p	s	pastramă|=|Ncfsrn|1	păstrămuri|pastramă|Ncfp-n|1	ă	u r i_0	FALSE
a	@	r	m	pastramă|=|Ncfsrn|1	pastrămuri|pastramă|Ncfp-n|0	ă	u r i_0	TRUE
a	@	p	s	pasăre|=|Ncfsrn|0	păsări|pasăre|Ncfp-n|0	e	i_0	FALSE
a	@	l	r	patrulare|=|Ncfsrn|2	patrulări|patrulare|Ncfp-n|2	e	i_0	FALSE
a	e	p	t	pată|=|Ncfsrn|0	pete|pată|Ncfp-n|0	ă	e	FALSE
a	@	z	r	pauperizare|=|Ncfsrn|4	pauperizări|pauperizare|Ncfp-n|3	e	i_0	TRUE
a	@	v	r	pavare|=|Ncfsrn|1	pavări|pavare|Ncfp-n|1	e	i_0	FALSE
a	@	p	S	pașcă|=|Ncfsrn|0	păști|pașcă|Ncfp-n|0	ă	i_0	FALSE
a	@	t	t	pedepsibilitate|=|Ncfsrn|5	pedepsibilități|pedepsibilitate|Ncfp-n|5	e	i_0	FALSE
a	@	t	t	penalitate|=|Ncfsrn|3	penalități|penalitate|Ncfp-n|3	e	i_0	FALSE
a	@	z	r	penalizare|=|Ncfsrn|3	penalizări|penalizare|Ncfp-n|3	e	i_0	FALSE
a	@	z	r	peneplenizare|=|Ncfsrn|4	peneplenizări|peneplenizare|Ncfp-n|4	e	i_0	FALSE
a	@	r	r	penetrare|=|Ncfsrn|2	penetrări|penetrare|Ncfp-n|2	e	i_0	FALSE
a	@	n	r	pensionare|=|Ncfsrn|3	pensionări|pensionare|Ncfp-n|3	e	i_0	FALSE
a	@	n	r	percheziționare|=|Ncfsrn|5	percheziționări|percheziționare|Ncfp-n|5	e	i_0	FALSE
a	@	n	r	perfecționare|=|Ncfsrn|4	perfecționări|perfecționare|Ncfp-n|4	e	i_0	FALSE
a	@	t	t	periculozitate|=|Ncfsrn|5	periculozități|periculozitate|Ncfp-n|5	e	i_0	FALSE
a	@	t	t	permisivitate|=|Ncfsrn|4	permisivități|permisivitate|Ncfp-n|4	e	i_0	FALSE
a	@	u	r	perpetuare|=|Ncfsrn|3	perpetuări|perpetuare|Ncfp-n|3	e	i_0	FALSE
a	@	t	t	perplexitate|=|Ncfsrn|3	perplexități|perplexitate|Ncfp-n|3	e	i_0	FALSE
a	@	t	t	personalitate|=|Ncfsrn|4	personalități|personalitate|Ncfp-n|4	e	i_0	FALSE
a	@	z	r	personalizare|=|Ncfsrn|4	personalizări|personalizare|Ncfp-n|4	e	i_0	FALSE
a	@	k	r	personificare|=|Ncfsrn|4	personificări|personificare|Ncfp-n|4	e	i_0	FALSE
a	@	b	r	perturbare|=|Ncfsrn|2	perturbări|perturbare|Ncfp-n|2	e	i_0	FALSE
a	@	t	t	perversitate|=|Ncfsrn|3	perversități|perversitate|Ncfp-n|3	e	i_0	FALSE
a	e	j	t	piatră|=|Ncfsrn|0	pietre|piatră|Ncfp-n|0	ă	e	FALSE
a	e	j	ts	piață|=|Ncfsrn|0	piețe|piață|Ncfp-n|0	ă	e	FALSE
a	@	t	r	pichetare|=|Ncfsrn|2	pichetări|pichetare|Ncfp-n|2	e	i_0	FALSE
a	@	t	r	pictare|=|Ncfsrn|1	pictări|pictare|Ncfp-n|1	e	i_0	FALSE
a	@	t	t	piezoelectricitate|=|Ncfsrn|6	piezoelectricități|piezoelectricitate|Ncfp-n|6	e	i_0	FALSE
a	@	t	t	pilozitate|=|Ncfsrn|3	pilozități|pilozitate|Ncfp-n|3	e	i_0	FALSE
a	@	l	k	placă|=|Ncfsrn|0	plăci|placă|Ncfp-n|0	ă	tS	FALSE
a	@	n	r	plafonare|=|Ncfsrn|2	plafonări|plafonare|Ncfp-n|2	e	i_0	FALSE
a	@	l	g	plagă|=|Ncfsrn|0	plăgi|plagă|Ncfp-n|0	ă	gZ	FALSE
a	@	l	n	plancă|=|Ncfsrn|0	plănci|plancă|Ncfp-n|0	ă	tS	FALSE
a	@	k	r	planificare|=|Ncfsrn|3	planificări|planificare|Ncfp-n|3	e	i_0	FALSE
a	@	t	r	plantare|=|Ncfsrn|1	plantări|plantare|Ncfp-n|1	e	i_0	FALSE
a	@	l	p	plapumă|=|Ncfsrn|0	plăpumi|plapumă|Ncfp-n|0	ă	i_0	FALSE
a	@	s	r	plasare|=|Ncfsrn|1	plasări|plasare|Ncfp-n|1	e	i_0	FALSE
a	e	i	n	plastician|=|Ncms-n|3	plasticieni|plastician|Ncmp-n|3		i_0	FALSE
a	@	l	s	plasă|=|Ncfsrn|0	plăși|plasă|Ncfp-n|0	ă	i_0	FALSE
a	e	l	s	plasă|=|Ncfsrn|0	plese|plasă|Ncfp-n|0	ă	e	FALSE
a	@	l	t	platcă|=|Ncfsrn|0	plătci|platcă|Ncfp-n|0	ă	tS	FALSE
a	@	m	r	platformare|=|Ncfsrn|2	platformări|platformare|Ncfp-n|2	e	i_0	FALSE
a	@	l	t	plată|=|Ncfsrn|0	plăți|plată|Ncfp-n|0	ă	i_0	FALSE
a	@	l	S	plașcă|=|Ncfsrn|0	plăști|plașcă|Ncfp-n|0	ă	i_0	FALSE
a	@	k	r	plecare|=|Ncfsrn|1	plecări|plecare|Ncfp-n|1	e	i_0	FALSE
a	@	b	r	plimbare|=|Ncfsrn|1	plimbări|plimbare|Ncfp-n|1	e	i_0	FALSE
a	@	b	r	plombare|=|Ncfsrn|1	plombări|plombare|Ncfp-n|1	e	i_0	FALSE
a	@	t	t	pluralitate|=|Ncfsrn|3	pluralități|pluralitate|Ncfp-n|3	e	i_0	FALSE
a	@	g	tS	pogace|=|Ncfsrn|1	pogăci|pogace|Ncfp-n|1	e	tS	FALSE
a	e	j	n	poiană|=|Ncfsrn|1	poiene|poiană|Ncfp-n|1	ă	e	FALSE
a	e	j	n	poiană|=|Ncfsrn|1	poieni|poiană|Ncfp-n|1	ă	i_0	FALSE
a	@	z	r	polarizare|=|Ncfsrn|3	polarizări|polarizare|Ncfp-n|3	e	i_0	FALSE
a	@	z	r	polenizare|=|Ncfsrn|3	polenizări|polenizare|Ncfp-n|3	e	i_0	FALSE
a	e	i	n	politician|=|Ncms-n|4	politicieni|politician|Ncmp-n|4		i_0	FALSE
a	@	z	r	politizare|=|Ncfsrn|3	politizări|politizare|Ncfp-n|3	e	i_0	FALSE
a	@	z	r	polizare|=|Ncfsrn|2	polizări|polizare|Ncfp-n|2	e	i_0	FALSE
a	@	u	r	poluare|=|Ncfsrn|2	poluări|poluare|Ncfp-n|2	e	i_0	FALSE
a	e	m	n	pomană|=|Ncfsrn|1	pomeni|pomană|Ncfp-n|1	ă	i_0	FALSE
a	@	t	t	popularitate|=|Ncfsrn|4	popularități|popularitate|Ncfp-n|4	e	i_0	FALSE
a	@	z	r	popularizare|=|Ncfsrn|4	popularizări|popularizare|Ncfp-n|4	e	i_0	FALSE
a	@	z	r	portretizare|=|Ncfsrn|3	portretizări|portretizare|Ncfp-n|3	e	i_0	FALSE
a	@	t	t	posibilitate|=|Ncfsrn|4	posibilități|posibilitate|Ncfp-n|4	e	i_0	FALSE
a	@	t	r	postare|=|Ncfsrn|1	postări|postare|Ncfp-n|1	e	i_0	FALSE
a	@	t	v	postav|=|Ncms-n|1	postăvuri|postav|Ncfp-n|1		u r i_0	FALSE
a	e	f	ts	postfață|=|Ncfsrn|1	postfețe|postfață|Ncfp-n|1	ă	e	FALSE
a	@	ts	r	potențare|=|Ncfsrn|2	potențări|potențare|Ncfp-n|2	e	i_0	FALSE
a	e	v	r	povară|=|Ncfsrn|1	poveri|povară|Ncfp-n|1	ă	i_0	FALSE
a	e	v	ts	povață|=|Ncfsrn|1	povețe|povață|Ncfp-n|1	ă	e	FALSE
a	@	n	r	poziționare|=|Ncfsrn|4	poziționări|poziționare|Ncfp-n|4	e	i_0	FALSE
a	@	k	r	practicare|=|Ncfsrn|2	practicări|practicare|Ncfp-n|2	e	i_0	FALSE
a	@	r	d	pradă|=|Ncfsrn|0	prăzi|pradă|Ncfp-n|0	ă	i_0	FALSE
a	@	r	S	praștie|=|Ncfsrn|0	prăștii|praștie|Ncfp-n|0	e	i	FALSE
a	@	r	r	preaderare|=|Ncfsrn|3	preaderări|preaderare|Ncfp-n|3	e	i_0	FALSE
a	@	t	r	precipitare|=|Ncfsrn|3	precipitări|precipitare|Ncfp-n|3	e	i_0	FALSE
a	@	z	r	precizare|=|Ncfsrn|2	precizări|precizare|Ncfp-n|2	e	i_0	FALSE
a	@	t	t	precocitate|=|Ncfsrn|3	precocități|precocitate|Ncfp-n|3	e	i_0	FALSE
a	@	d	r	predare|=|Ncfsrn|1	predări|predare|Ncfp-n|1	e	i_0	FALSE
a	@	n	r	predestinare|=|Ncfsrn|3	predestinări|predestinare|Ncfp-n|3	e	i_0	FALSE
a	@	t	b	predictabilitate|=|Ncfsrn|5	predictibilități|predictabilitate|Ncfp-n|5	e	i_0	FALSE
a	e	f	ts	prefață|=|Ncfsrn|1	prefețe|prefață|Ncfp-n|1	ă	e	FALSE
a	@	k	t	prejudecată|=|Ncfsrn|3	prejudecăți|prejudecată|Ncfp-n|3	ă	i_0	FALSE
a	@	v	r	prelevare|=|Ncfsrn|2	prelevări|prelevare|Ncfp-n|2	e	i_0	FALSE
a	@	w	r	preluare|=|Ncfsrn|1	preluări|preluare|Ncfp-n|2	e	i_0	TRUE
a	@	r	r	prelucrare|=|Ncfsrn|2	prelucrări|prelucrare|Ncfp-n|2	e	i_0	FALSE
a	@	t	r	premeditare|=|Ncfsrn|3	premeditări|premeditare|Ncfp-n|3	e	i_0	FALSE
a	@	p	r	preocupare|=|Ncfsrn|3	preocupări|preocupare|Ncfp-n|3	e	i_0	FALSE
a	@	r	r	preparare|=|Ncfsrn|2	preparări|preparare|Ncfp-n|2	e	i_0	FALSE
a	@	b	r	preschimbare|=|Ncfsrn|2	preschimbări|preschimbare|Ncfp-n|2	e	i_0	FALSE
a	@	t	r	prestare|=|Ncfsrn|1	prestări|prestare|Ncfp-n|1	e	i_0	FALSE
a	@	t	r	prezentare|=|Ncfsrn|2	prezentări|prezentare|Ncfp-n|2	e	i_0	FALSE
a	@	v	r	prezervare|=|Ncfsrn|2	prezervări|prezervare|Ncfp-n|2	e	i_0	FALSE
a	@	d	r	prezidare|=|Ncfsrn|2	prezidări|prezidare|Ncfp-n|2	e	i_0	FALSE
a	@	t	t	prezumțiozitate|=|Ncfsrn|5	prezumțiozități|prezumțiozitate|Ncfp-n|5	e	i_0	FALSE
a	e	v	r	primăvară|=|Ncfsrn|0	primăveri|primăvară|Ncfp-n|0	ă	i_0	FALSE
a	@	t	t	prioritate|=|Ncfsrn|3	priorități|prioritate|Ncfp-n|3	e	i_0	FALSE
a	@	z	r	prioritizare|=|Ncfsrn|4	prioritizări|prioritizare|Ncfp-n|4	e	i_0	FALSE
a	@	s	k	prisacă|=|Ncfsrn|1	prisăci|prisacă|Ncfp-n|1	ă	tS	FALSE
a	@	v	r	privare|=|Ncfsrn|1	privări|privare|Ncfp-n|1	e	i_0	FALSE
a	@	z	r	privatizare|=|Ncfsrn|3	privatizări|privatizare|Ncfp-n|3	e	i_0	FALSE
a	@	v	t	privată|=|Ncfsrn|1	privăți|privată|Ncfp-n|1	ă	i_0	FALSE
a	e	g_j	l	privegheală|=|Ncfsrn|2	privegheli|privegheală|Ncfp-n|2	ă	i_0	FALSE
a	@	t	t	probabilitate|=|Ncfsrn|4	probabilități|probabilitate|Ncfp-n|4	e	i_0	FALSE
a	@	t	t	probitate|=|Ncfsrn|2	probități|probitate|Ncfp-n|2	e	i_0	FALSE
a	e	i	n	proboscidian|=|Ncms-n|4	proboscidieni|proboscidian|Ncmp-n|4		i_0	FALSE
a	@	s	r	procesare|=|Ncfsrn|2	procesări|procesare|Ncfp-n|2	e	i_0	FALSE
a	@	m	r	proclamare|=|Ncfsrn|2	proclamări|proclamare|Ncfp-n|2	e	i_0	FALSE
a	@	e	r	procreare|=|Ncfsrn|2	procreări|procreare|Ncfp-n|2	e	i_0	FALSE
a	@	r	r	procurare|=|Ncfsrn|2	procurări|procurare|Ncfp-n|2	e	i_0	FALSE
a	@	t	t	prodigiozitate|=|Ncfsrn|5	prodigiozități|prodigiozitate|Ncfp-n|5	e	i_0	FALSE
a	@	t	t	productivitate|=|Ncfsrn|4	productivități|productivitate|Ncfp-n|4	e	i_0	FALSE
a	@	n	r	profanare|=|Ncfsrn|2	profanări|profanare|Ncfp-n|2	e	i_0	FALSE
a	@	z	r	prognozare|=|Ncfsrn|2	prognozări|prognozare|Ncfp-n|2	e	i_0	FALSE
a	@	t	t	programabilitate|=|Ncfsrn|5	programabilități|programabilitate|Ncfp-n|5	e	i_0	FALSE
a	@	m	r	programare|=|Ncfsrn|2	programări|programare|Ncfp-n|2	e	i_0	FALSE
a	@	t	t	progresivitate|=|Ncfsrn|4	progresivități|progresivitate|Ncfp-n|4	e	i_0	FALSE
a	@	t	r	proiectare|=|Ncfsrn|2	proiectări|proiectare|Ncfp-n|2	e	i_0	FALSE
a	@	r	r	proliferare|=|Ncfsrn|3	proliferări|proliferare|Ncfp-n|3	e	i_0	FALSE
a	@	t	t	promovabilitate|=|Ncfsrn|5	promovabilități|promovabilitate|Ncfp-n|5	e	i_0	FALSE
a	@	v	r	promovare|=|Ncfsrn|2	promovări|promovare|Ncfp-n|2	e	i_0	FALSE
a	@	g	r	promulgare|=|Ncfsrn|2	promulgări|promulgare|Ncfp-n|2	e	i_0	FALSE
a	@	g	r	propagare|=|Ncfsrn|2	propagări|propagare|Ncfp-n|2	e	i_0	FALSE
a	@	t	t	proprietate|=|Ncfsrn|3	proprietăți|proprietate|Ncfp-n|3	e	i_0	FALSE
a	@	Z	r	protejare|=|Ncfsrn|2	protejări|protejare|Ncfp-n|2	e	i_0	FALSE
a	@	k	r	provocare|=|Ncfsrn|2	provocări|provocare|Ncfp-n|2	e	i_0	FALSE
a	@	t	t	proximitate|=|Ncfsrn|3	proximități|proximitate|Ncfp-n|3	e	i_0	FALSE
a	@	d	r	prădare|=|Ncfsrn|1	prădări|prădare|Ncfp-n|1	e	i_0	FALSE
a	@	p	s	prăpastie|=|Ncfsrn|1	prăpăstii|prăpastie|Ncfp-n|1	e	j	FALSE
a	@	s	r	pseudoprefixare|=|Ncfsrn|5	pseudoprefixări|pseudoprefixare|Ncfp-n|5	e	i_0	FALSE
a	e	i	n	pterozaurian|=|Ncms-n|5	pterozaurieni|pterozaurian|Ncmp-n|5		i_0	FALSE
a	@	k	r	publicare|=|Ncfsrn|2	publicări|publicare|Ncfp-n|2	e	i_0	FALSE
a	@	t	t	publicitate|=|Ncfsrn|3	publicități|publicitate|Ncfp-n|3	e	i_0	FALSE
a	@	l	r	pudlare|=|Ncfsrn|1	pudlări|pudlare|Ncfp-n|1	e	i_0	FALSE
a	@	k	r	purificare|=|Ncfsrn|3	purificări|purificare|Ncfp-n|3	e	i_0	FALSE
a	@	t	r	purtare|=|Ncfsrn|1	purtări|purtare|Ncfp-n|1	e	i_0	FALSE
a	e	gZ	l	pălăvrăgeală|=|Ncfsrn|3	pălăvrăgeli|pălăvrăgeală|Ncfp-n|3	ă	i_0	FALSE
a	@	z	l	pămânzalcă|=|Ncfsrn|2	pămânzălci|pămânzalcă|Ncfp-n|2	ă	tS	FALSE
a	e	tS	n	pătcean|=|Ncms-n|1	pătcene|pătcean|Ncfp-n|1		e	FALSE
a	@	t	t	quidditate|=|Ncfsrn|2	quiddități|quidditate|Ncfp-n|2	e	i_0	FALSE
a	@	t	r	rabatare|=|Ncfsrn|2	rabatări|rabatare|Ncfp-n|2	e	i_0	FALSE
a	@	l	r	racolare|=|Ncfsrn|2	racolări|racolare|Ncfp-n|2	e	i_0	FALSE
a	@	d	r	racordare|=|Ncfsrn|2	racordări|racordare|Ncfp-n|2	e	i_0	FALSE
a	@	z	r	radicalizare|=|Ncfsrn|4	radicalizări|radicalizare|Ncfp-n|4	e	i_0	FALSE
a	@	t	t	radioactualitate|=|Ncfsrn|7	radioactualități|radioactualitate|Ncfp-n|7	e	i_0	FALSE
a	e	m	n	radiocomandă|=|Ncfsrn|4	radiocomenzi|radiocomandă|Ncfp-n|4	ă	i_0	FALSE
a	@	r	r	radiogoniometrare|=|Ncfsrn|7	radiogoniometrări|radiogoniometrare|Ncfp-n|7	e	i_0	FALSE
a	@	n	r	rafinare|=|Ncfsrn|2	rafinări|rafinare|Ncfp-n|2	e	i_0	FALSE
a	e	gZ	l	rageal|=|Ncms-n|1	rageli|rageal|Ncmp-n|1		i_0	FALSE
a	@	s	r	rambursare|=|Ncfsrn|2	rambursări|rambursare|Ncfp-n|2	e	i_0	FALSE
a	@	r	n	rangă|=|Ncfsrn|0	răngi|rangă|Ncfp-n|0	ă	gZ	FALSE
a	@	r	n	rană|=|Ncfsrn|0	răni|rană|Ncfp-n|0	ă	i_0	FALSE
a	@	t	t	rapiditate|=|Ncfsrn|3	rapidități|rapiditate|Ncfp-n|3	e	i_0	FALSE
a	@	t	r	raportare|=|Ncfsrn|2	raportări|raportare|Ncfp-n|2	e	i_0	FALSE
a	@	t	t	raritate|=|Ncfsrn|2	rarități|raritate|Ncfp-n|2	e	i_0	FALSE
a	@	t	r	ratare|=|Ncfsrn|1	ratări|ratare|Ncfp-n|1	e	i_0	FALSE
a	@	k	r	ratificare|=|Ncfsrn|3	ratificări|ratificare|Ncfp-n|3	e	i_0	FALSE
a	@	r	S	rașcă|=|Ncfsrn|0	rășci|rașcă|Ncfp-n|0	ă	tS	FALSE
a	@	t	t	raționalitate|=|Ncfsrn|5	raționalități|raționalitate|Ncfp-n|5	e	i_0	FALSE
a	@	z	r	raționalizare|=|Ncfsrn|5	raționalizări|raționalizare|Ncfp-n|5	e	i_0	FALSE
a	@	t	r	reabilitare|=|Ncfsrn|4	reabilitări|reabilitare|Ncfp-n|4	e	i_0	FALSE
a	@	v	r	reactivare|=|Ncfsrn|3	reactivări|reactivare|Ncfp-n|3	e	i_0	FALSE
a	@	t	t	reactivitate|=|Ncfsrn|4	reactivități|reactivitate|Ncfp-n|4	e	i_0	FALSE
a	@	t	r	reajustare|=|Ncfsrn|3	reajustări|reajustare|Ncfp-n|3	e	i_0	FALSE
a	@	t	r	realimentare|=|Ncfsrn|4	realimentări|realimentare|Ncfp-n|4	e	i_0	FALSE
a	@	t	t	realitate|=|Ncfsrn|3	realități|realitate|Ncfp-n|3	e	i_0	FALSE
a	@	z	r	realizare|=|Ncfsrn|3	realizări|realizare|Ncfp-n|3	e	i_0	FALSE
a	@	Z	r	reamenajare|=|Ncfsrn|4	reamenajări|reamenajare|Ncfp-n|4	e	i_0	FALSE
a	@	z	r	reanalizare|=|Ncfsrn|4	reanalizări|reanalizare|Ncfp-n|4	e	i_0	FALSE
a	@	Z	r	reangajare|=|Ncfsrn|3	reangajări|reangajare|Ncfp-n|3	e	i_0	FALSE
a	@	m	r	reanimare|=|Ncfsrn|3	reanimări|reanimare|Ncfp-n|3	e	i_0	FALSE
a	@	Z	r	rearanjare|=|Ncfsrn|3	rearanjări|rearanjare|Ncfp-n|3	e	i_0	FALSE
a	@	r	r	reasigurare|=|Ncfsrn|4	reasigurări|reasigurare|Ncfp-n|4	e	i_0	FALSE
a	@	z	r	reașezare|=|Ncfsrn|3	reașezări|reașezare|Ncfp-n|3	e	i_0	FALSE
a	@	l	r	recalculare|=|Ncfsrn|3	recalculări|recalculare|Ncfp-n|3	e	i_0	FALSE
a	@	k	r	recalificare|=|Ncfsrn|4	recalificări|recalificare|Ncfp-n|4	e	i_0	FALSE
a	@	z	r	recapitalizare|=|Ncfsrn|5	recapitalizări|recapitalizare|Ncfp-n|5	e	i_0	FALSE
a	@	l	r	recapitulare|=|Ncfsrn|4	recapitulări|recapitulare|Ncfp-n|4	e	i_0	FALSE
a	@	t	r	receptare|=|Ncfsrn|2	receptări|receptare|Ncfp-n|2	e	i_0	FALSE
a	@	t	t	receptivitate|=|Ncfsrn|4	receptivități|receptivitate|Ncfp-n|4	e	i_0	FALSE
a	@	n	r	recepționare|=|Ncfsrn|4	recepționări|recepționare|Ncfp-n|4	e	i_0	FALSE
a	@	m	r	rechemare|=|Ncfsrn|2	rechemări|rechemare|Ncfp-n|2	e	i_0	FALSE
a	@	l	r	reciclare|=|Ncfsrn|2	reciclări|reciclare|Ncfp-n|2	e	i_0	FALSE
a	@	v	r	recidivare|=|Ncfsrn|3	recidivări|recidivare|Ncfp-n|3	e	i_0	FALSE
a	@	t	t	reciprocitate|=|Ncfsrn|4	reciprocități|reciprocitate|Ncfp-n|4	e	i_0	FALSE
a	@	t	r	recitare|=|Ncfsrn|2	recitări|recitare|Ncfp-n|2	e	i_0	FALSE
a	@	t	r	recoltare|=|Ncfsrn|2	recoltări|recoltare|Ncfp-n|2	e	i_0	FALSE
a	@	d	r	recomandare|=|Ncfsrn|3	recomandări|recomandare|Ncfp-n|3	e	i_0	FALSE
a	@	s	r	recompensare|=|Ncfsrn|3	recompensări|recompensare|Ncfp-n|3	e	i_0	FALSE
a	@	n	r	recondiționare|=|Ncfsrn|4	recondiționări|recondiționare|Ncfp-n|4	e	i_0	FALSE
a	@	r	r	reconfigurare|=|Ncfsrn|4	reconfigurări|reconfigurare|Ncfp-n|4	e	i_0	FALSE
a	e	m	n	recordman|=|Ncms-n|2	recordmeni|recordman|Ncmp-n|1		i_0	TRUE
a	@	e	r	recreare|=|Ncfsrn|2	recreări|recreare|Ncfp-n|2	e	i_0	FALSE
a	@	t	r	recrutare|=|Ncfsrn|2	recrutări|recrutare|Ncfp-n|2	e	i_0	FALSE
a	@	k	r	rectificare|=|Ncfsrn|3	rectificări|rectificare|Ncfp-n|3	e	i_0	FALSE
a	@	r	r	recuperare|=|Ncfsrn|3	recuperări|recuperare|Ncfp-n|3	e	i_0	FALSE
a	@	z	r	recuzare|=|Ncfsrn|2	recuzări|recuzare|Ncfp-n|2	e	i_0	FALSE
a	@	g	r	recâștigare|=|Ncfsrn|3	recâștigări|recâștigare|Ncfp-n|3	e	i_0	FALSE
a	@	t	r	redactare|=|Ncfsrn|2	redactări|redactare|Ncfp-n|2	e	i_0	FALSE
a	@	d	r	redare|=|Ncfsrn|1	redări|redare|Ncfp-n|1	e	i_0	FALSE
a	@	n	r	redimensionare|=|Ncfsrn|4	redimensionări|redimensionare|Ncfp-n|4	e	i_0	FALSE
a	@	n	r	redirecționare|=|Ncfsrn|4	redirecționări|redirecționare|Ncfp-n|4	e	i_0	FALSE
a	@	t	r	rediscutare|=|Ncfsrn|3	rediscutări|rediscutare|Ncfp-n|3	e	i_0	FALSE
a	@	s	r	redresare|=|Ncfsrn|2	redresări|redresare|Ncfp-n|2	e	i_0	FALSE
a	@	t	r	reeditare|=|Ncfsrn|3	reeditări|reeditare|Ncfp-n|3	e	i_0	FALSE
a	@	w	r	reevaluare|=|Ncfsrn|3	reevaluări|reevaluare|Ncfp-n|4	e	i_0	TRUE
a	@	n	r	reexaminare|=|Ncfsrn|4	reexaminări|reexaminare|Ncfp-n|4	e	i_0	FALSE
a	@	t	r	reflectare|=|Ncfsrn|2	reflectări|reflectare|Ncfp-n|2	e	i_0	FALSE
a	@	m	r	reformare|=|Ncfsrn|2	reformări|reformare|Ncfp-n|2	e	i_0	FALSE
a	@	t	t	refrangibilitate|=|Ncfsrn|5	refrangibilități|refrangibilitate|Ncfp-n|5	e	i_0	FALSE
a	@	l	r	refulare|=|Ncfsrn|2	refulări|refulare|Ncfp-n|2	e	i_0	FALSE
a	@	t	t	regalitate|=|Ncfsrn|3	regalități|regalitate|Ncfp-n|3	e	i_0	FALSE
a	@	r	r	regenerare|=|Ncfsrn|3	regenerări|regenerare|Ncfp-n|3	e	i_0	FALSE
a	@	z	r	regionalizare|=|Ncfsrn|5	regionalizări|regionalizare|Ncfp-n|5	e	i_0	FALSE
a	@	l	r	reglare|=|Ncfsrn|1	reglări|reglare|Ncfp-n|1	e	i_0	FALSE
a	@	t	r	reglementare|=|Ncfsrn|3	reglementări|reglementare|Ncfp-n|3	e	i_0	FALSE
a	@	t	t	regularitate|=|Ncfsrn|4	regularități|regularitate|Ncfp-n|4	e	i_0	FALSE
a	@	z	r	regularizare|=|Ncfsrn|4	regularizări|regularizare|Ncfp-n|4	e	i_0	FALSE
a	@	r	r	reinstaurare|=|Ncfsrn|4	reinstaurări|reinstaurare|Ncfp-n|3	e	i_0	TRUE
a	@	r	r	reintegrare|=|Ncfsrn|3	reintegrări|reintegrare|Ncfp-n|3	e	i_0	FALSE
a	@	r	r	reintrare|=|Ncfsrn|2	reintrări|reintrare|Ncfp-n|2	e	i_0	FALSE
a	@	k	r	rejucare|=|Ncfsrn|2	rejucări|rejucare|Ncfp-n|2	e	i_0	FALSE
a	@	k	r	rejudecare|=|Ncfsrn|3	rejudecări|rejudecare|Ncfp-n|3	e	i_0	FALSE
a	@	s	r	relansare|=|Ncfsrn|2	relansări|relansare|Ncfp-n|2	e	i_0	FALSE
a	@	t	r	relatare|=|Ncfsrn|2	relatări|relatare|Ncfp-n|2	e	i_0	FALSE
a	@	t	t	relativitate|=|Ncfsrn|4	relativități|relativitate|Ncfp-n|4	e	i_0	FALSE
a	@	s	r	relaxare|=|Ncfsrn|2	relaxări|relaxare|Ncfp-n|2	e	i_0	FALSE
a	@	n	r	relaționare|=|Ncfsrn|4	relaționări|relaționare|Ncfp-n|4	e	i_0	FALSE
a	@	t	t	religiozitate|=|Ncfsrn|5	religiozități|religiozitate|Ncfp-n|5	e	i_0	FALSE
a	@	w	r	reluare|=|Ncfsrn|1	reluări|reluare|Ncfp-n|2	e	i_0	TRUE
a	@	r	r	rememorare|=|Ncfsrn|3	rememorări|rememorare|Ncfp-n|3	e	i_0	FALSE
a	@	l	r	remodelare|=|Ncfsrn|3	remodelări|remodelare|Ncfp-n|3	e	i_0	FALSE
a	@	k	r	remorcare|=|Ncfsrn|2	remorcări|remorcare|Ncfp-n|2	e	i_0	FALSE
a	@	r	r	remunerare|=|Ncfsrn|3	remunerări|remunerare|Ncfp-n|3	e	i_0	FALSE
a	@	k	r	remușcare|=|Ncfsrn|2	remușcări|remușcare|Ncfp-n|2	e	i_0	FALSE
a	@	g	r	renegare|=|Ncfsrn|2	renegări|renegare|Ncfp-n|2	e	i_0	FALSE
a	@	v	r	renovare|=|Ncfsrn|2	renovări|renovare|Ncfp-n|2	e	i_0	FALSE
a	@	t	t	rentabilitate|=|Ncfsrn|4	rentabilități|rentabilitate|Ncfp-n|4	e	i_0	FALSE
a	@	ts	r	renunțare|=|Ncfsrn|2	renunțări|renunțare|Ncfp-n|2	e	i_0	FALSE
a	@	z	r	reorganizare|=|Ncfsrn|4	reorganizări|reorganizare|Ncfp-n|4	e	i_0	FALSE
a	@	t	r	reorientare|=|Ncfsrn|4	reorientări|reorientare|Ncfp-n|4	e	i_0	FALSE
a	@	r	r	reparare|=|Ncfsrn|2	reparări|reparare|Ncfp-n|2	e	i_0	FALSE
a	@	z	r	repartizare|=|Ncfsrn|3	repartizări|repartizare|Ncfp-n|3	e	i_0	FALSE
a	@	t	r	repetare|=|Ncfsrn|2	repetări|repetare|Ncfp-n|2	e	i_0	FALSE
a	@	k	r	replicare|=|Ncfsrn|2	replicări|replicare|Ncfp-n|2	e	i_0	FALSE
a	@	t	r	reprezentare|=|Ncfsrn|3	reprezentări|reprezentare|Ncfp-n|3	e	i_0	FALSE
a	@	m	r	reprimare|=|Ncfsrn|2	reprimări|reprimare|Ncfp-n|2	e	i_0	FALSE
a	@	m	r	reprogramare|=|Ncfsrn|3	reprogramări|reprogramare|Ncfp-n|3	e	i_0	FALSE
a	@	n	r	resemnare|=|Ncfsrn|2	resemnări|resemnare|Ncfp-n|2	e	i_0	FALSE
a	@	t	t	respectabilitate|=|Ncfsrn|5	respectabilități|respectabilitate|Ncfp-n|5	e	i_0	FALSE
a	@	t	r	respectare|=|Ncfsrn|2	respectări|respectare|Ncfp-n|2	e	i_0	FALSE
a	@	t	t	responsabilitate|=|Ncfsrn|5	responsabilități|responsabilitate|Ncfp-n|5	e	i_0	FALSE
a	@	z	r	responsabilizare|=|Ncfsrn|5	responsabilizări|responsabilizare|Ncfp-n|5	e	i_0	FALSE
a	@	r	r	restaurare|=|Ncfsrn|3	restaurări|restaurare|Ncfp-n|3	e	i_0	FALSE
a	@	n	r	restricționare|=|Ncfsrn|3	restricționări|restricționare|Ncfp-n|3	e	i_0	FALSE
a	@	r	r	restructurare|=|Ncfsrn|3	restructurări|restructurare|Ncfp-n|3	e	i_0	FALSE
a	@	t	r	resuscitare|=|Ncfsrn|3	resuscitări|resuscitare|Ncfp-n|3	e	i_0	FALSE
a	@	z	r	retehnologizare|=|Ncfsrn|5	retehnologizări|retehnologizare|Ncfp-n|5	e	i_0	FALSE
a	@	t	r	retratare|=|Ncfsrn|2	retratări|retratare|Ncfp-n|2	e	i_0	FALSE
a	@	d	r	retrocedare|=|Ncfsrn|3	retrocedări|retrocedare|Ncfp-n|3	e	i_0	FALSE
a	@	d	r	retrogradare|=|Ncfsrn|3	retrogradări|retrogradare|Ncfp-n|3	e	i_0	FALSE
a	@	n	r	returnare|=|Ncfsrn|2	returnări|returnare|Ncfp-n|2	e	i_0	FALSE
a	@	k	r	reunificare|=|Ncfsrn|4	reunificări|reunificare|Ncfp-n|4	e	i_0	FALSE
a	@	l	r	revelare|=|Ncfsrn|2	revelări|revelare|Ncfp-n|2	e	i_0	FALSE
a	@	k	r	revendicare|=|Ncfsrn|3	revendicări|revendicare|Ncfp-n|3	e	i_0	FALSE
a	@	r	r	revigorare|=|Ncfsrn|3	revigorări|revigorare|Ncfp-n|3	e	i_0	FALSE
a	@	z	r	revitalizare|=|Ncfsrn|4	revitalizări|revitalizare|Ncfp-n|4	e	i_0	FALSE
a	@	k	r	revocare|=|Ncfsrn|2	revocări|revocare|Ncfp-n|2	e	i_0	FALSE
a	@	z	r	revânzare|=|Ncfsrn|2	revânzări|revânzare|Ncfp-n|2	e	i_0	FALSE
a	@	v	r	rezervare|=|Ncfsrn|2	rezervări|rezervare|Ncfp-n|2	e	i_0	FALSE
a	@	v	r	rezolvare|=|Ncfsrn|2	rezolvări|rezolvare|Ncfp-n|2	e	i_0	FALSE
a	@	r	r	reîncadrare|=|Ncfsrn|3	reîncadrări|reîncadrare|Ncfp-n|3	e	i_0	FALSE
a	@	r	r	reîncorporare|=|Ncfsrn|4	reîncorporări|reîncorporare|Ncfp-n|4	e	i_0	FALSE
a	@	ts	r	reînființare|=|Ncfsrn|3	reînființări|reînființare|Ncfp-n|3	e	i_0	FALSE
a	@	b	r	reînșurubare|=|Ncfsrn|4	reînșurubări|reînșurubare|Ncfp-n|4	e	i_0	FALSE
a	@	k	r	ridicare|=|Ncfsrn|2	ridicări|ridicare|Ncfp-n|2	e	i_0	FALSE
a	@	z	r	ridiculizare|=|Ncfsrn|4	ridiculizări|ridiculizare|Ncfp-n|4	e	i_0	FALSE
a	@	t	t	rigiditate|=|Ncfsrn|3	rigidități|rigiditate|Ncfp-n|3	e	i_0	FALSE
a	@	z	r	rigidizare|=|Ncfsrn|3	rigidizări|rigidizare|Ncfp-n|3	e	i_0	FALSE
a	@	t	t	rigurozitate|=|Ncfsrn|4	rigurozități|rigurozitate|Ncfp-n|4	e	i_0	FALSE
a	@	t	t	ritmicitate|=|Ncfsrn|3	ritmicități|ritmicitate|Ncfp-n|3	e	i_0	FALSE
a	@	t	t	rivalitate|=|Ncfsrn|3	rivalități|rivalitate|Ncfp-n|3	e	i_0	FALSE
a	@	h	t	rohatcă|=|Ncfsrn|1	rohătci|rohatcă|Ncfp-n|1	ă	tS	FALSE
a	@	b	S	rubașcă|=|Ncfsrn|1	rubăști|rubașcă|Ncfp-n|1	ă	i_0	FALSE
a	@	l	r	rulare|=|Ncfsrn|1	rulări|rulare|Ncfp-n|1	e	i_0	FALSE
a	e	j	l	rânduială|=|Ncfsrn|2	rânduieli|rânduială|Ncfp-n|2	ă	i_0	FALSE
a	@	d	r	răbdare|=|Ncfsrn|1	răbdări|răbdare|Ncfp-n|1	e	i_0	FALSE
a	e	tS	l	răceală|=|Ncfsrn|1	răceli|răceală|Ncfp-n|1	ă	i_0	FALSE
a	e	j	l	răfuială|=|Ncfsrn|2	răfuieli|răfuială|Ncfp-n|2	ă	i_0	FALSE
a	@	r	r	răscumpărare|=|Ncfsrn|3	răscumpărări|răscumpărare|Ncfp-n|3	e	i_0	FALSE
a	@	l	t	răsplată|=|Ncfsrn|1	răsplăți|răsplată|Ncfp-n|1	ă	i_0	FALSE
a	@	n	r	răsturnare|=|Ncfsrn|2	răsturnări|răsturnare|Ncfp-n|2	e	i_0	FALSE
a	@	l	r	răsuflare|=|Ncfsrn|2	răsuflări|răsuflare|Ncfp-n|2	e	i_0	FALSE
a	@	t	t	răutate|=|Ncfsrn|2	răutăți|răutate|Ncfp-n|2	e	i_0	FALSE
a	@	n	r	răzbunare|=|Ncfsrn|2	răzbunări|răzbunare|Ncfp-n|2	e	i_0	FALSE
a	@	s	b	sabie|=|Ncfsrn|0	săbii|sabie|Ncfp-n|0	e	j	FALSE
a	@	k	r	sacrificare|=|Ncfsrn|3	sacrificări|sacrificare|Ncfp-n|3	e	i_0	FALSE
a	@	z	r	salarizare|=|Ncfsrn|3	salarizări|salarizare|Ncfp-n|3	e	i_0	FALSE
a	@	s	l	salată|=|Ncfsrn|1	sălăti|salată|Ncfp-n|2	ă	i_0	TRUE
a	@	l	t	salată|=|Ncfsrn|1	salăti|salată|Ncfp-n|2	ă	i_0	TRUE
a	@	s	l	salce|=|Ncf--n|0	sălci|salce|Ncfp-n|0	e	tS	FALSE
a	@	s	l	salcie|=|Ncfsrn|0	sălcii|salcie|Ncfp-n|0	e	j	FALSE
a	@	s	l	salcă|=|Ncfsrn|0	sălci|salcă|Ncfp-n|0	ă	tS	FALSE
a	@	t	t	salinitate|=|Ncfsrn|3	salinități|salinitate|Ncfp-n|3	e	i_0	FALSE
a	@	t	t	salubritate|=|Ncfsrn|3	salubrități|salubritate|Ncfp-n|3	e	i_0	FALSE
a	@	z	r	salubrizare|=|Ncfsrn|3	salubrizări|salubrizare|Ncfp-n|3	e	i_0	FALSE
a	@	t	r	salutare|=|Ncfsrn|2	salutări|salutare|Ncfp-n|2	e	i_0	FALSE
a	@	v	r	salvare|=|Ncfsrn|1	salvări|salvare|Ncfp-n|1	e	i_0	FALSE
a	@	d	r	salvgardare|=|Ncfsrn|2	salvgardări|salvgardare|Ncfp-n|2	e	i_0	FALSE
a	@	s	l	salvie|=|Ncfsrn|0	sălvii|salvie|Ncfp-n|0	e	j	FALSE
a	@	s	l	sală|=|Ncfsrn|0	săli|sală|Ncfp-n|0	ă	i_0	FALSE
a	@	k	r	sanctificare|=|Ncfsrn|3	sanctificări|sanctificare|Ncfp-n|3	e	i_0	FALSE
a	@	n	r	sancționare|=|Ncfsrn|3	sancționări|sancționare|Ncfp-n|3	e	i_0	FALSE
a	@	s	n	sanie|=|Ncfsrn|0	sănii|sanie|Ncfp-n|0	e	j	FALSE
a	@	s	r	sare|=|Ncfsrn|0	săruri|sare|Ncfp-n|0	e	u r i_0	FALSE
a	@	n	r	scanare|=|Ncfsrn|1	scanări|scanare|Ncfp-n|1	e	i_0	FALSE
a	@	d	r	scandare|=|Ncfsrn|1	scandări|scandare|Ncfp-n|1	e	i_0	FALSE
a	@	k	r	scară|=|Ncfsrn|0	scări|scară|Ncfp-n|0	ă	i_0	FALSE
a	@	b	r	schimbare|=|Ncfsrn|1	schimbări|schimbare|Ncfp-n|1	e	i_0	FALSE
a	@	d	r	scindare|=|Ncfsrn|1	scindări|scindare|Ncfp-n|1	e	i_0	FALSE
a	e	v	r	scovardă|=|Ncfsrn|1	scoverzi|scovardă|Ncfp-n|1	ă	i_0	FALSE
a	e	i	n	scoțian|=|Afpms-n|2	scoțieni|scoțian|Ncmp-n|2		i_0	FALSE
a	e	i	n	scoțiană|=|Ncfsrn|2	scoțiene|scoțiană|Ncfp-n|2	ă	e	FALSE
a	@	t	t	scrupulozitate|=|Ncfsrn|4	scrupulozități|scrupulozitate|Ncfp-n|4	e	i_0	FALSE
a	@	d	r	scufundare|=|Ncfsrn|2	scufundări|scufundare|Ncfp-n|2	e	i_0	FALSE
a	@	t	r	sculptare|=|Ncfsrn|1	sculptări|sculptare|Ncfp-n|1	e	i_0	FALSE
a	@	t	t	sculpturalitate|=|Ncfsrn|4	sculpturalități|sculpturalitate|Ncfp-n|4	e	i_0	FALSE
a	@	t	r	scurtare|=|Ncfsrn|1	scurtări|scurtare|Ncfp-n|1	e	i_0	FALSE
a	@	p	r	scăpare|=|Ncfsrn|1	scăpări|scăpare|Ncfp-n|1	e	i_0	FALSE
a	@	r	r	sechestrare|=|Ncfsrn|2	sechestrări|sechestrare|Ncfp-n|2	e	i_0	FALSE
a	@	z	r	secretizare|=|Ncfsrn|3	secretizări|secretizare|Ncfp-n|3	e	i_0	FALSE
a	@	t	t	securitate|=|Ncfsrn|3	securități|securitate|Ncfp-n|3	e	i_0	FALSE
a	@	z	r	securizare|=|Ncfsrn|3	securizări|securizare|Ncfp-n|3	e	i_0	FALSE
a	@	t	r	sedimentare|=|Ncfsrn|3	sedimentări|sedimentare|Ncfp-n|3	e	i_0	FALSE
a	@	g	r	segregare|=|Ncfsrn|2	segregări|segregare|Ncfp-n|2	e	i_0	FALSE
a	@	t	r	selectare|=|Ncfsrn|2	selectări|selectare|Ncfp-n|2	e	i_0	FALSE
a	@	n	r	selecționare|=|Ncfsrn|4	selecționări|selecționare|Ncfp-n|4	e	i_0	FALSE
a	@	t	t	semiobscuritate|=|Ncfsrn|5	semiobscurități|semiobscuritate|Ncfp-n|5	e	i_0	FALSE
a	@	l	r	semnalare|=|Ncfsrn|2	semnalări|semnalare|Ncfp-n|2	e	i_0	FALSE
a	@	z	r	semnalizare|=|Ncfsrn|3	semnalizări|semnalizare|Ncfp-n|3	e	i_0	FALSE
a	@	n	r	semnare|=|Ncfsrn|1	semnări|semnare|Ncfp-n|1	e	i_0	FALSE
a	@	t	t	seninătate|=|Ncfsrn|3	seninătăți|seninătate|Ncfp-n|3	e	i_0	FALSE
a	@	t	t	sensibilitate|=|Ncfsrn|4	sensibilități|sensibilitate|Ncfp-n|4	e	i_0	FALSE
a	@	z	r	sensibilizare|=|Ncfsrn|4	sensibilizări|sensibilizare|Ncfp-n|4	e	i_0	FALSE
a	@	t	t	senzualitate|=|Ncfsrn|4	senzualități|senzualitate|Ncfp-n|4	e	i_0	FALSE
a	@	r	r	separare|=|Ncfsrn|2	separări|separare|Ncfp-n|2	e	i_0	FALSE
a	@	b	r	serbare|=|Ncfsrn|1	serbări|serbare|Ncfp-n|1	e	i_0	FALSE
a	@	t	t	seriozitate|=|Ncfsrn|4	seriozități|seriozitate|Ncfp-n|4	e	i_0	FALSE
a	@	z	r	sesizare|=|Ncfsrn|2	sesizări|sesizare|Ncfp-n|2	e	i_0	FALSE
a	@	t	t	severitate|=|Ncfsrn|3	severități|severitate|Ncfp-n|3	e	i_0	FALSE
a	@	t	t	sexualitate|=|Ncfsrn|4	sexualități|sexualitate|Ncfp-n|4	e	i_0	FALSE
a	@	t	t	sezonalitate|=|Ncfsrn|4	sezonalități|sezonalitate|Ncfp-n|4	e	i_0	FALSE
a	e	f	d	sfadă|=|Ncfsrn|0	sfezi|sfadă|Ncfp-n|0	ă	i_0	FALSE
a	e	i	l	sfială|=|Ncfsrn|1	sfieli|sfială|Ncfp-n|1	ă	i_0	FALSE
a	@	d	r	sfidare|=|Ncfsrn|1	sfidări|sfidare|Ncfp-n|1	e	i_0	FALSE
a	e	j	g	sfoiag|=|Ncms-n|1	sfoiegi|sfoiag|Ncmp-n|1		gZ	FALSE
a	@	ts	r	sforțare|=|Ncfsrn|1	sforțări|sforțare|Ncfp-n|1	e	i_0	FALSE
a	e	i	n	sibian|=|Ncms-n|2	sibieni|sibian|Ncmp-n|2		i_0	FALSE
a	e	i	n	sibiancă|=|Ncfsrn|2	sibience|sibiancă|Ncfp-n|2	ă	e	FALSE
a	e	i	n	sibiană|=|Ncfsrn|2	sibiene|sibiană|Ncfp-n|2	ă	e	FALSE
a	e	i	n	sicilian|=|Ncms-n|3	sicilieni|sicilian|Ncmp-n|3		i_0	FALSE
a	@	n	r	sifonare|=|Ncfsrn|2	sifonări|sifonare|Ncfp-n|2	e	i_0	FALSE
a	e	j	t	similipiatră|=|Ncfsrn|3	similipietre|similipiatră|Ncfp-n|4	ă	e	TRUE
a	@	k	r	simplificare|=|Ncfsrn|3	simplificări|simplificare|Ncfp-n|3	e	i_0	FALSE
a	@	l	r	simulare|=|Ncfsrn|2	simulări|simulare|Ncfp-n|2	e	i_0	FALSE
a	@	t	t	sinceritate|=|Ncfsrn|3	sincerități|sinceritate|Ncfp-n|3	e	i_0	FALSE
a	@	z	r	sincronizare|=|Ncfsrn|3	sincronizări|sincronizare|Ncfp-n|3	e	i_0	FALSE
a	@	t	t	singularitate|=|Ncfsrn|4	singularități|singularitate|Ncfp-n|4	e	i_0	FALSE
a	@	t	t	singurătate|=|Ncfsrn|3	singurătăți|singurătate|Ncfp-n|3	e	i_0	FALSE
a	e	i	n	sirian|=|Ncms-n|2	sirieni|sirian|Ncmp-n|2		i_0	FALSE
a	e	i	n	siriană|=|Ncfsrn|2	siriene|siriană|Ncfp-n|2	ă	e	FALSE
a	@	t	r	sistare|=|Ncfsrn|1	sistări|sistare|Ncfp-n|1	e	i_0	FALSE
a	e	i	n	sistematiciană|=|Ncfsrn|5	sistematiciene|sistematiciană|Ncfp-n|5	ă	e	FALSE
a	@	z	r	sistematizare|=|Ncfsrn|4	sistematizări|sistematizare|Ncfp-n|4	e	i_0	FALSE
a	@	z	r	slavizare|=|Ncfsrn|2	slavizări|slavizare|Ncfp-n|2	e	i_0	FALSE
a	@	l	v	slavă|=|Ncfsrn|0	slăvi|slavă|Ncfp-n|0	ă	i_0	FALSE
a	@	t	t	sobrietate|=|Ncfsrn|3	sobrietăți|sobrietate|Ncfp-n|3	e	i_0	FALSE
a	@	z	r	socializare|=|Ncfsrn|4	socializări|socializare|Ncfp-n|4	e	i_0	FALSE
a	@	t	t	societate|=|Ncfsrn|3	societăți|societate|Ncfp-n|3	e	i_0	FALSE
a	@	d	r	soldare|=|Ncfsrn|1	soldări|soldare|Ncfp-n|1	e	i_0	FALSE
a	@	t	t	solemnitate|=|Ncfsrn|3	solemnități|solemnitate|Ncfp-n|3	e	i_0	FALSE
a	@	t	r	solicitare|=|Ncfsrn|3	solicitări|solicitare|Ncfp-n|3	e	i_0	FALSE
a	@	t	t	solidaritate|=|Ncfsrn|4	solidarități|solidaritate|Ncfp-n|4	e	i_0	FALSE
a	@	z	r	solidarizare|=|Ncfsrn|4	solidarizări|solidarizare|Ncfp-n|4	e	i_0	FALSE
a	@	t	t	soliditate|=|Ncfsrn|3	solidități|soliditate|Ncfp-n|3	e	i_0	FALSE
a	@	z	r	solubilizare|=|Ncfsrn|4	solubilizări|solubilizare|Ncfp-n|4	e	i_0	FALSE
a	@	n	r	soluționare|=|Ncfsrn|4	soluționări|soluționare|Ncfp-n|4	e	i_0	FALSE
a	@	t	t	somitate|=|Ncfsrn|2	somități|somitate|Ncfp-n|2	e	i_0	FALSE
a	@	t	t	somptuozitate|=|Ncfsrn|4	somptuozități|somptuozitate|Ncfp-n|4	e	i_0	FALSE
a	@	d	r	sondare|=|Ncfsrn|1	sondări|sondare|Ncfp-n|1	e	i_0	FALSE
a	@	z	r	sonorizare|=|Ncfsrn|3	sonorizări|sonorizare|Ncfp-n|3	e	i_0	FALSE
a	@	p	g	spagă|=|Ncfsrn|0	spăgi|spagă|Ncfp-n|0	ă	gZ	FALSE
a	@	p	n	spangă|=|Ncfsrn|0	spăngi|spangă|Ncfp-n|0	ă	gZ	FALSE
a	e	p	t	spată|=|Ncfsrn|0	spete|spată|Ncfp-n|0	ă	e	FALSE
a	@	t	t	spațialitate|=|Ncfsrn|3	spațialități|spațialitate|Ncfp-n|3	e	i_0	FALSE
a	@	t	t	specialitate|=|Ncfsrn|4	specialități|specialitate|Ncfp-n|4	e	i_0	FALSE
a	@	z	r	specializare|=|Ncfsrn|4	specializări|specializare|Ncfp-n|4	e	i_0	FALSE
a	@	k	r	specificare|=|Ncfsrn|3	specificări|specificare|Ncfp-n|3	e	i_0	FALSE
a	@	n	r	spinare|=|Ncfsrn|1	spinări|spinare|Ncfp-n|1	e	i_0	FALSE
a	@	t	t	spiritualitate|=|Ncfsrn|5	spiritualități|spiritualitate|Ncfp-n|5	e	i_0	FALSE
a	@	z	r	spitalizare|=|Ncfsrn|3	spitalizări|spitalizare|Ncfp-n|3	e	i_0	FALSE
a	e	j	l	spoială|=|Ncfsrn|1	spoieli|spoială|Ncfp-n|1	ă	i_0	FALSE
a	@	t	t	spongiozitate|=|Ncfsrn|4	spongiozități|spongiozitate|Ncfp-n|4	e	i_0	FALSE
a	@	z	r	sponsorizare|=|Ncfsrn|3	sponsorizări|sponsorizare|Ncfp-n|3	e	i_0	FALSE
a	@	t	t	spontaneitate|=|Ncfsrn|4	spontaneități|spontaneitate|Ncfp-n|4	e	i_0	FALSE
a	@	t	t	sportivitate|=|Ncfsrn|3	sportivități|sportivitate|Ncfp-n|3	e	i_0	FALSE
a	e	m	n	sportsman|=|Ncms-n|1	sportsmeni|sportsman|Ncmp-n|1		i_0	FALSE
a	e	tS	n	sprânceană|=|Ncfsrn|1	sprâncene|sprânceană|Ncfp-n|1	ă	e	FALSE
a	@	r	r	spânzurare|=|Ncfsrn|2	spânzurări|spânzurare|Ncfp-n|2	e	i_0	FALSE
a	@	l	r	spălare|=|Ncfsrn|1	spălări|spălare|Ncfp-n|1	e	i_0	FALSE
a	@	t	t	stabilitate|=|Ncfsrn|3	stabilități|stabilitate|Ncfp-n|3	e	i_0	FALSE
a	@	z	r	stabilizare|=|Ncfsrn|3	stabilizări|stabilizare|Ncfp-n|3	e	i_0	FALSE
a	@	n	r	stagnare|=|Ncfsrn|1	stagnări|stagnare|Ncfp-n|1	e	i_0	FALSE
a	@	t	m	stambă|=|Ncfsrn|0	stămburi|stambă|Ncfp-n|0	ă	u r i_0	FALSE
a	@	t	n	stancă|=|Ncfsrn|0	stănci|stancă|Ncfp-n|0	ă	tS	FALSE
a	@	z	r	standardizare|=|Ncfsrn|3	standardizări|standardizare|Ncfp-n|3	e	i_0	FALSE
a	@	t	r	stare|=|Ncfsrn|0	stări|stare|Ncfp-n|0	e	i_0	FALSE
a	@	t	t	statalitate|=|Ncfsrn|3	statalități|statalitate|Ncfp-n|3	e	i_0	FALSE
a	@	n	r	staționare|=|Ncfsrn|3	staționări|staționare|Ncfp-n|3	e	i_0	FALSE
a	@	z	r	sterilizare|=|Ncfsrn|3	sterilizări|sterilizare|Ncfp-n|3	e	i_0	FALSE
a	@	z	r	stigmatizare|=|Ncfsrn|3	stigmatizări|stigmatizare|Ncfp-n|3	e	i_0	FALSE
a	@	l	r	stimulare|=|Ncfsrn|2	stimulări|stimulare|Ncfp-n|2	e	i_0	FALSE
a	@	l	r	stipulare|=|Ncfsrn|2	stipulări|stipulare|Ncfp-n|2	e	i_0	FALSE
a	@	k	r	stocare|=|Ncfsrn|1	stocări|stocare|Ncfp-n|1	e	i_0	FALSE
a	@	p	r	stopare|=|Ncfsrn|1	stopări|stopare|Ncfp-n|1	e	i_0	FALSE
a	@	r	k_j	strachină|=|Ncfsrn|0	străchini|strachină|Ncfp-n|0	ă	i_0	FALSE
a	@	r	d	stradă|=|Ncfsrn|0	străzi|stradă|Ncfp-n|0	ă	i_0	FALSE
a	@	r	Z	strajă|=|Ncfsrn|0	străji|strajă|Ncfp-n|0	ă	i_0	FALSE
a	@	r	S	strașină|=|Ncfsrn|0	strășini|strașină|Ncfp-n|0	ă	i_0	FALSE
a	@	g	r	strigare|=|Ncfsrn|1	strigări|strigare|Ncfp-n|1	e	i_0	FALSE
a	@	r	r	structurare|=|Ncfsrn|2	structurări|structurare|Ncfp-n|2	e	i_0	FALSE
a	@	r	r	strâmtorare|=|Ncfsrn|2	strâmtorări|strâmtorare|Ncfp-n|2	e	i_0	FALSE
a	@	t	t	străinătate|=|Ncfsrn|3	străinătăți|străinătate|Ncfp-n|3	e	i_0	FALSE
a	@	t	r	strămutare|=|Ncfsrn|2	strămutări|strămutare|Ncfp-n|2	e	i_0	FALSE
a	@	t	r	subdezvoltare|=|Ncfsrn|3	subdezvoltări|subdezvoltare|Ncfp-n|3	e	i_0	FALSE
a	@	m	r	sublimare|=|Ncfsrn|2	sublimări|sublimare|Ncfp-n|2	e	i_0	FALSE
a	@	n	r	subminare|=|Ncfsrn|2	subminări|subminare|Ncfp-n|2	e	i_0	FALSE
a	@	n	r	subordonare|=|Ncfsrn|3	subordonări|subordonare|Ncfp-n|3	e	i_0	FALSE
a	@	t	t	subtilitate|=|Ncfsrn|3	subtilități|subtilitate|Ncfp-n|3	e	i_0	FALSE
a	@	r	r	subtitrare|=|Ncfsrn|2	subtitrări|subtitrare|Ncfp-n|2	e	i_0	FALSE
a	@	t	t	subunitate|=|Ncfsrn|3	subunități|subunitate|Ncfp-n|3	e	i_0	FALSE
a	@	n	r	subvenționare|=|Ncfsrn|4	subvenționări|subvenționare|Ncfp-n|4	e	i_0	FALSE
a	@	t	t	succesibilitate|=|Ncfsrn|5	succesibilități|succesibilitate|Ncfp-n|5	e	i_0	FALSE
a	@	l	r	suflare|=|Ncfsrn|1	suflări|suflare|Ncfp-n|1	e	i_0	FALSE
a	@	k	r	sufocare|=|Ncfsrn|2	sufocări|sufocare|Ncfp-n|2	e	i_0	FALSE
a	e	i	n	sumerian|=|Ncms-n|3	sumerieni|sumerian|Ncmp-n|3		i_0	FALSE
a	@	t	t	superficialitate|=|Ncfsrn|6	superficialități|superficialitate|Ncfp-n|6	e	i_0	FALSE
a	@	t	t	superioritate|=|Ncfsrn|5	superiorități|superioritate|Ncfp-n|5	e	i_0	FALSE
a	@	z	r	supervizare|=|Ncfsrn|3	supervizări|supervizare|Ncfp-n|3	e	i_0	FALSE
a	@	t	r	suplimentare|=|Ncfsrn|3	suplimentări|suplimentare|Ncfp-n|3	e	i_0	FALSE
a	@	g	r	supraadăugare|=|Ncfsrn|5	supraadăugări|supraadăugare|Ncfp-n|5	e	i_0	FALSE
a	@	r	r	supraaglomerare|=|Ncfsrn|5	supraaglomerări|supraaglomerare|Ncfp-n|5	e	i_0	FALSE
a	@	p	r	supradevelopare|=|Ncfsrn|5	supradevelopări|supradevelopare|Ncfp-n|5	e	i_0	FALSE
a	@	w	r	supraevaluare|=|Ncfsrn|4	supraevaluări|supraevaluare|Ncfp-n|4	e	i_0	FALSE
a	@	t	r	supraexploatare|=|Ncfsrn|4	supraexploatări|supraexploatare|Ncfp-n|4	e	i_0	FALSE
a	e	f	ts	suprafață|=|Ncfsrn|2	suprafețe|suprafață|Ncfp-n|2	ă	e	FALSE
a	@	t	t	supraponderabilitate|=|Ncfsrn|7	supraponderabilități|supraponderabilitate|Ncfp-n|7	e	i_0	FALSE
a	@	t	r	suprasolicitare|=|Ncfsrn|5	suprasolicitări|suprasolicitare|Ncfp-n|5	e	i_0	FALSE
a	@	s	r	suprataxare|=|Ncfsrn|3	suprataxări|suprataxare|Ncfp-n|3	e	i_0	FALSE
a	@	k	r	supraîncărcare|=|Ncfsrn|4	supraîncărcări|supraîncărcare|Ncfp-n|4	e	i_0	FALSE
a	@	ts	r	supraînălțare|=|Ncfsrn|4	supraînălțări|supraînălțare|Ncfp-n|4	e	i_0	FALSE
a	@	m	r	suprimare|=|Ncfsrn|2	suprimări|suprimare|Ncfp-n|2	e	i_0	FALSE
a	@	r	r	supărare|=|Ncfsrn|2	supărări|supărare|Ncfp-n|2	e	i_0	FALSE
a	@	n	r	surmenare|=|Ncfsrn|2	surmenări|surmenare|Ncfp-n|2	e	i_0	FALSE
a	@	p	r	surpare|=|Ncfsrn|1	surpări|surpare|Ncfp-n|1	e	i_0	FALSE
a	@	d	r	suspendare|=|Ncfsrn|2	suspendări|suspendare|Ncfp-n|2	e	i_0	FALSE
a	@	t	t	sustenabilitate|=|Ncfsrn|5	sustenabilități|sustenabilitate|Ncfp-n|5	e	i_0	FALSE
a	@	t	t	suveranitate|=|Ncfsrn|4	suveranități|suveranitate|Ncfp-n|4	e	i_0	FALSE
a	@	t	t	suzeranitate|=|Ncfsrn|4	suzeranități|suzeranitate|Ncfp-n|4	e	i_0	FALSE
a	e	v	d	svadă|=|Ncfsrn|0	svezi|svadă|Ncfp-n|0	ă	i_0	FALSE
a	e	gZ	p	sângeap|=|Ncms-n|1	sângepe|sângeap|Ncfp-n|1		e	FALSE
a	@	r	r	sângerare|=|Ncfsrn|2	sângerări|sângerare|Ncfp-n|2	e	i_0	FALSE
a	e	i	n	sânziană|=|Ncfsrn|2	sânziene|sânziană|Ncfp-n|2	ă	e	FALSE
a	e	gZ	t	săgeată|=|Ncfsrn|1	săgeți|săgeată|Ncfp-n|1	ă	i_0	FALSE
a	@	t	t	sănătate|=|Ncfsrn|2	sănătăți|sănătate|Ncfp-n|2	e	i_0	FALSE
a	@	p	r	săpare|=|Ncfsrn|1	săpări|săpare|Ncfp-n|1	e	i_0	FALSE
a	@	t	r	sărutare|=|Ncfsrn|2	sărutări|sărutare|Ncfp-n|2	e	i_0	FALSE
a	e	i	n	tactician|=|Ncms-n|3	tacticieni|tactician|Ncmp-n|3		i_0	FALSE
a	@	t	l	talașcă|=|Ncfsrn|1	tălăști|talașcă|Ncfp-n|1	ă	i_0	FALSE
a	@	l	S	talașcă|=|Ncfsrn|1	talăști|talașcă|Ncfp-n|1	ă	i_0	FALSE
a	@	t	l	talpă|=|Ncfsrn|0	tălpi|talpă|Ncfp-n|0	ă	i_0	FALSE
a	@	n	r	tamponare|=|Ncfsrn|2	tamponări|tamponare|Ncfp-n|2	e	i_0	FALSE
a	@	t	r	tarancă|=|Ncfsrn|1	tărănci|tarancă|Ncfp-n|1	ă	tS	FALSE
a	@	r	n	tarancă|=|Ncfsrn|1	tarănci|tarancă|Ncfp-n|1	ă	tS	FALSE
a	@	t	r	targă|=|Ncfsrn|0	tărgi|targă|Ncfp-n|0	ă	gZ	FALSE
a	@	t	r	tastare|=|Ncfsrn|1	tastări|tastare|Ncfp-n|1	e	i_0	FALSE
a	@	t	v	tavă|=|Ncfsrn|0	tăvi|tavă|Ncfp-n|0	ă	i_0	FALSE
a	@	s	r	taxare|=|Ncfsrn|1	taxări|taxare|Ncfp-n|1	e	i_0	FALSE
a	@	t	S	tașcă|=|Ncfsrn|0	tăști|tașcă|Ncfp-n|0	ă	i_0	FALSE
a	@	t	t	teatralitate|=|Ncfsrn|3	teatralități|teatralitate|Ncfp-n|3	e	i_0	FALSE
a	e	tS	n	tecucean|=|Ncms-n|2	tecuceni|tecucean|Ncmp-n|2		i_0	FALSE
a	e	i	n	tehnician|=|Ncms-n|3	tehnicieni|tehnician|Ncmp-n|3		i_0	FALSE
a	@	z	r	tehnologizare|=|Ncfsrn|4	tehnologizări|tehnologizare|Ncfp-n|4	e	i_0	FALSE
a	e	m	n	telecomandă|=|Ncfsrn|3	telecomenzi|telecomandă|Ncfp-n|3	ă	i_0	FALSE
a	@	s	n	telesanie|=|Ncfsrn|2	telesănii|telesanie|Ncfp-n|2	e	j	FALSE
a	@	z	r	televizare|=|Ncfsrn|3	televizări|televizare|Ncfp-n|3	e	i_0	FALSE
a	@	r	r	teleînregistrare|=|Ncfsrn|5	teleînregistrări|teleînregistrare|Ncfp-n|5	e	i_0	FALSE
a	@	r	r	temperare|=|Ncfsrn|2	temperări|temperare|Ncfp-n|2	e	i_0	FALSE
a	@	t	t	tenacitate|=|Ncfsrn|3	tenacități|tenacitate|Ncfp-n|3	e	i_0	FALSE
a	e	j	l	tencuială|=|Ncfsrn|2	tencuieli|tencuială|Ncfp-n|2	ă	i_0	FALSE
a	e	m	n	tenisman|=|Ncms-n|2	tenismeni|tenisman|Ncmp-n|2		i_0	FALSE
a	@	n	r	tensionare|=|Ncfsrn|3	tensionări|tensionare|Ncfp-n|3	e	i_0	FALSE
a	@	s	r	tergiversare|=|Ncfsrn|3	tergiversări|tergiversare|Ncfp-n|3	e	i_0	FALSE
a	@	n	r	terminare|=|Ncfsrn|2	terminări|terminare|Ncfp-n|2	e	i_0	FALSE
a	e	i	n	termoenergetician|=|Afpms-n|7	termoenergeticiene|termoenergetician|Ncfp-n|7		e	FALSE
a	e	i	n	termoenergetician|=|Afpms-n|7	termoenergeticieni|termoenergetician|Ncmp-n|7		i_0	FALSE
a	e	i	n	termoenergeticiană|=|Ncfsrn|7	termoenergeticiene|termoenergeticiană|Ncfp-n|7	ă	e	FALSE
a	@	k	r	termoficare|=|Ncfsrn|3	termoficări|termoficare|Ncfp-n|3	e	i_0	FALSE
a	@	l	r	termoizolare|=|Ncfsrn|4	termoizolări|termoizolare|Ncfp-n|4	e	i_0	FALSE
a	@	s	r	termopropulsare|=|Ncfsrn|4	termopropulsări|termopropulsare|Ncfp-n|4	e	i_0	FALSE
a	@	l	r	termoreglare|=|Ncfsrn|3	termoreglări|termoreglare|Ncfp-n|3	e	i_0	FALSE
a	@	t	r	testare|=|Ncfsrn|1	testări|testare|Ncfp-n|1	e	i_0	FALSE
a	@	g	j	tigaie|=|Ncfsrn|1	tigăi|tigaie|Ncfp-n|1	e	j	FALSE
a	@	t	t	timiditate|=|Ncfsrn|3	timidități|timiditate|Ncfp-n|3	e	i_0	FALSE
a	@	z	r	titularizare|=|Ncfsrn|4	titularizări|titularizare|Ncfp-n|4	e	i_0	FALSE
a	@	t	t	tonalitate|=|Ncfsrn|3	tonalități|tonalitate|Ncfp-n|3	e	i_0	FALSE
a	@	t	t	totalitate|=|Ncfsrn|3	totalități|totalitate|Ncfp-n|3	e	i_0	FALSE
a	@	t	r	tractare|=|Ncfsrn|1	tractări|tractare|Ncfp-n|1	e	i_0	FALSE
a	@	r	r	transferare|=|Ncfsrn|2	transferări|transferare|Ncfp-n|2	e	i_0	FALSE
a	@	m	r	transformare|=|Ncfsrn|2	transformări|transformare|Ncfp-n|2	e	i_0	FALSE
a	@	l	r	translare|=|Ncfsrn|1	translări|translare|Ncfp-n|1	e	i_0	FALSE
a	@	z	r	transparentizare|=|Ncfsrn|4	transparentizări|transparentizare|Ncfp-n|4	e	i_0	FALSE
a	@	t	r	transportare|=|Ncfsrn|2	transportări|transportare|Ncfp-n|2	e	i_0	FALSE
a	@	n	r	tranzacționare|=|Ncfsrn|4	tranzacționări|tranzacționare|Ncfp-n|4	e	i_0	FALSE
a	@	t	r	tratare|=|Ncfsrn|1	tratări|tratare|Ncfp-n|1	e	i_0	FALSE
a	@	z	r	traumatizare|=|Ncfsrn|3	traumatizări|traumatizare|Ncfp-n|3	e	i_0	FALSE
a	@	s	r	traversare|=|Ncfsrn|2	traversări|traversare|Ncfp-n|2	e	i_0	FALSE
a	@	l	r	triplare|=|Ncfsrn|1	triplări|triplare|Ncfp-n|1	e	i_0	FALSE
a	@	t	t	trivialitate|=|Ncfsrn|4	trivialități|trivialitate|Ncfp-n|4	e	i_0	FALSE
a	e	j	n	troian|=|Ncms-n|1	troiene|troian|Ncfp-n|1		e	FALSE
a	e	j	n	troian|=|Ncms-n|1	troieni|troian|Ncmp-n|1		i_0	FALSE
a	e	m	n	trustman|=|Ncms-n|0	trustmeni|trustman|Ncmp-n|0		i_0	FALSE
a	@	d	r	trădare|=|Ncfsrn|1	trădări|trădare|Ncfp-n|1	e	i_0	FALSE
a	@	r	r	tulburare|=|Ncfsrn|2	tulburări|tulburare|Ncfp-n|2	e	i_0	FALSE
a	e	i	n	tunisian|=|Afpms-n|3	tunisieni|tunisian|Ncmp-n|3		i_0	FALSE
a	@	b	r	turbare|=|Ncfsrn|1	turbări|turbare|Ncfp-n|1	e	i_0	FALSE
a	@	n	r	turnare|=|Ncfsrn|1	turnări|turnare|Ncfp-n|1	e	i_0	FALSE
a	e	j	l	târguială|=|Ncfsrn|2	târguieli|târguială|Ncfp-n|2	ă	i_0	FALSE
a	@	l	g	tăpălagă|=|Ncfsrn|2	tăpălăgi|tăpălagă|Ncfp-n|2	ă	gZ	FALSE
a	@	t	r	uitare|=|Ncfsrn|1	uitări|uitare|Ncfp-n|1	e	i_0	FALSE
a	@	t	t	umanitate|=|Ncfsrn|3	umanități|umanitate|Ncfp-n|3	e	i_0	FALSE
a	@	l	r	umflare|=|Ncfsrn|1	umflări|umflare|Ncfp-n|1	e	i_0	FALSE
a	@	t	t	umiditate|=|Ncfsrn|3	umidități|umiditate|Ncfp-n|3	e	i_0	FALSE
a	@	t	t	unanimitate|=|Ncfsrn|4	unanimități|unanimitate|Ncfp-n|4	e	i_0	FALSE
a	@	t	t	unicitate|=|Ncfsrn|3	unicități|unicitate|Ncfp-n|3	e	i_0	FALSE
a	@	k	r	unificare|=|Ncfsrn|3	unificări|unificare|Ncfp-n|3	e	i_0	FALSE
a	@	z	r	uniformizare|=|Ncfsrn|4	uniformizări|uniformizare|Ncfp-n|4	e	i_0	FALSE
a	@	t	t	unitate|=|Ncfsrn|2	unități|unitate|Ncfp-n|2	e	i_0	FALSE
a	@	t	t	universalitate|=|Ncfsrn|5	universalități|universalitate|Ncfp-n|5	e	i_0	FALSE
a	@	t	t	universitate|=|Ncfsrn|4	universități|universitate|Ncfp-n|4	e	i_0	FALSE
a	@	r	r	urare|=|Ncfsrn|1	urări|urare|Ncfp-n|1	e	i_0	FALSE
a	@	z	r	urbanizare|=|Ncfsrn|3	urbanizări|urbanizare|Ncfp-n|3	e	i_0	FALSE
a	@	k	r	urcare|=|Ncfsrn|1	urcări|urcare|Ncfp-n|1	e	i_0	FALSE
a	e	k_j	l	urecheală|=|Ncfsrn|2	urecheli|urecheală|Ncfp-n|2	ă	i_0	FALSE
a	@	m	r	urmare|=|Ncfsrn|1	urmări|urmare|Ncfp-n|1	e	i_0	FALSE
a	@	k	r	uscare|=|Ncfsrn|1	uscări|uscare|Ncfp-n|1	e	i_0	FALSE
a	@	t	t	utilitate|=|Ncfsrn|3	utilități|utilitate|Ncfp-n|3	e	i_0	FALSE
a	@	z	r	utilizare|=|Ncfsrn|3	utilizări|utilizare|Ncfp-n|3	e	i_0	FALSE
a	@	r	r	ușurare|=|Ncfsrn|2	ușurări|ușurare|Ncfp-n|2	e	i_0	FALSE
a	@	n	r	vaccinare|=|Ncfsrn|2	vaccinări|vaccinare|Ncfp-n|2	e	i_0	FALSE
a	e	v	d	vadră|=|Ncfsrn|0	vedre|vadră|Ncfp-n|0	ă	e	FALSE
a	@	t	t	valabilitate|=|Ncfsrn|4	valabilități|valabilitate|Ncfp-n|4	e	i_0	FALSE
a	@	v	l	vale|=|Ncfsrn|0	văi|vale|Ncfp-n|0	e	j	FALSE
a	@	d	r	validare|=|Ncfsrn|2	validări|validare|Ncfp-n|2	e	i_0	FALSE
a	@	t	t	validitate|=|Ncfsrn|3	validități|validitate|Ncfp-n|3	e	i_0	FALSE
a	@	v	l	valmă|=|Ncfsrn|0	vălmi|valmă|Ncfp-n|0	ă	i_0	FALSE
a	@	r	r	valorare|=|Ncfsrn|2	valorări|valorare|Ncfp-n|2	e	i_0	FALSE
a	@	k	r	valorificare|=|Ncfsrn|4	valorificări|valorificare|Ncfp-n|4	e	i_0	FALSE
a	@	v	m	vamă|=|Ncfsrn|0	vămi|vamă|Ncfp-n|0	ă	i_0	FALSE
a	@	v	r	vargă|=|Ncfsrn|0	vărgi|vargă|Ncfp-n|0	ă	gZ	FALSE
a	e	v	r	vargă|=|Ncfsrn|0	vergi|vargă|Ncfp-n|0	ă	gZ	FALSE
a	@	t	t	varietate|=|Ncfsrn|3	varietăți|varietate|Ncfp-n|3	e	i_0	FALSE
a	e	v	r	varză|=|Ncfsrn|0	verze|varză|Ncfp-n|0	ă	e	FALSE
a	e	v	r	vară|=|Ncfsrn|0	veri|vară|Ncfp-n|0	ă	i_0	FALSE
a	e	j	n	vasluian|=|Afpms-n|2	vasluiene|vasluian|Ncfp-n|2		e	FALSE
a	e	j	n	vasluian|=|Afpms-n|2	vasluieni|vasluian|Ncmp-n|2		i_0	FALSE
a	@	t	t	vastitate|=|Ncfsrn|2	vastități|vastitate|Ncfp-n|2	e	i_0	FALSE
a	e	v	t	vatră|=|Ncfsrn|0	vetre|vatră|Ncfp-n|0	ă	e	FALSE
a	@	t	t	vecinătate|=|Ncfsrn|3	vecinătății|vecinătate|Ncfp-n|3	e	i j	FALSE
a	@	t	t	veleitate|=|Ncfsrn|3	veleități|veleitate|Ncfp-n|3	e	i_0	FALSE
a	@	r	r	venerare|=|Ncfsrn|2	venerări|venerare|Ncfp-n|2	e	i_0	FALSE
a	@	l	r	ventilare|=|Ncfsrn|2	ventilări|ventilare|Ncfp-n|2	e	i_0	FALSE
a	@	t	t	veridicitate|=|Ncfsrn|4	veridicități|veridicitate|Ncfp-n|4	e	i_0	FALSE
a	@	k	r	verificare|=|Ncfsrn|3	verificări|verificare|Ncfp-n|3	e	i_0	FALSE
a	@	t	t	verticalitate|=|Ncfsrn|4	verticalități|verticalitate|Ncfp-n|4	e	i_0	FALSE
a	@	t	t	viabilitate|=|Ncfsrn|4	viabilități|viabilitate|Ncfp-n|4	e	i_0	FALSE
a	e	j	ts	viață|=|Ncfsrn|0	vieți|viață|Ncfp-n|0	ă	i_0	FALSE
a	@	z	r	victimizare|=|Ncfsrn|3	victimizări|victimizare|Ncfp-n|3	e	i_0	FALSE
a	@	k	r	vindecare|=|Ncfsrn|2	vindecări|vindecare|Ncfp-n|2	e	i_0	FALSE
a	@	l	r	violare|=|Ncfsrn|2	violări|violare|Ncfp-n|2	e	i_0	FALSE
a	@	z	r	virtualizare|=|Ncfsrn|3	virtualizări|virtualizare|Ncfp-n|3	e	i_0	FALSE
a	@	t	t	virtuozitate|=|Ncfsrn|4	virtuozități|virtuozitate|Ncfp-n|4	e	i_0	FALSE
a	@	s	r	visare|=|Ncfsrn|1	visări|visare|Ncfp-n|1	e	i_0	FALSE
a	@	t	t	vitalitate|=|Ncfsrn|3	vitalități|vitalitate|Ncfp-n|3	e	i_0	FALSE
a	@	t	t	vizibilitate|=|Ncfsrn|4	vizibilități|vizibilitate|Ncfp-n|4	e	i_0	FALSE
a	@	n	r	vizionare|=|Ncfsrn|3	vizionări|vizionare|Ncfp-n|3	e	i_0	FALSE
a	@	t	r	vizitare|=|Ncfsrn|2	vizitări|vizitare|Ncfp-n|2	e	i_0	FALSE
a	@	z	r	vizualizare|=|Ncfsrn|3	vizualizări|vizualizare|Ncfp-n|3	e	i_0	FALSE
a	@	t	t	volatilitate|=|Ncfsrn|4	volatilități|volatilitate|Ncfp-n|4	e	i_0	FALSE
a	@	t	r	votare|=|Ncfsrn|1	votări|votare|Ncfp-n|1	e	i_0	FALSE
a	@	r	b	vrabie|=|Ncfsrn|0	vrăbii|vrabie|Ncfp-n|0	e	j	FALSE
a	@	r	Z	vrajă|=|Ncfsrn|0	vrăji|vrajă|Ncfp-n|0	ă	i_0	FALSE
a	e	tS	n	vrâncean|=|Ncms-n|1	vrânceni|vrâncean|Ncmp-n|1		i_0	FALSE
a	e	tS	n	vrânceancă|=|Ncfsrn|1	vrâncence|vrânceancă|Ncfp-n|1	ă	e	FALSE
a	@	t	t	vulgaritate|=|Ncfsrn|3	vulgarități|vulgaritate|Ncfp-n|3	e	i_0	FALSE
a	@	t	t	vulnerabilitate|=|Ncfsrn|5	vulnerabilități|vulnerabilitate|Ncfp-n|5	e	i_0	FALSE
a	e	tS	n	vâlceancă|=|Ncfsrn|1	vâlcence|vâlceancă|Ncfp-n|1	ă	e	FALSE
a	@	n	r	vânare|=|Ncfsrn|1	vânări|vânare|Ncfp-n|1	e	i_0	FALSE
a	@	r	r	vânturare|=|Ncfsrn|2	vânturări|vânturare|Ncfp-n|2	e	i_0	FALSE
a	@	z	r	vânzare|=|Ncfsrn|1	vânzări|vânzare|Ncfp-n|1	e	i_0	FALSE
a	@	t	j	vânătaie|=|Ncfsrn|2	vânătăi|vânătaie|Ncfp-n|2	e	j	FALSE
a	@	t	t	vâscozitate|=|Ncfsrn|3	vâscozități|vâscozitate|Ncfp-n|3	e	i_0	FALSE
a	@	p	j	văpaie|=|Ncfsrn|1	văpăi|văpaie|Ncfp-n|1	e	j	FALSE
a	@	s	r	vărsare|=|Ncfsrn|1	vărsări|vărsare|Ncfp-n|1	e	i_0	FALSE
a	@	z	r	vărzare|=|Ncfsrn|1	vărzări|vărzare|Ncfp-n|1	e	i_0	FALSE
a	@	m	r	vătămare|=|Ncfsrn|2	vătămări|vătămare|Ncfp-n|2	e	i_0	FALSE
a	@	z	m	zamcă|=|Ncfsrn|0	zămci|zamcă|Ncfp-n|0	ă	tS	FALSE
a	e	Z	n	zaporojan|=|Ncms-n|3	zaporojeni|zaporojan|Ncmp-n|3		i_0	FALSE
a	@	z	r	zare|=|Ncfsrn|0	zări|zare|Ncfp-n|0	e	i_0	FALSE
a	@	m	r	zbuciumare|=|Ncfsrn|2	zbuciumări|zbuciumare|Ncfp-n|2	e	i_0	FALSE
a	@	t	t	zeitate|=|Ncfsrn|2	zeități|zeitate|Ncfp-n|2	e	i_0	FALSE
a	@	g	n	zgancă|=|Ncfsrn|0	zgănci|zgancă|Ncfp-n|0	ă	tS	FALSE
a	@	g	r	zgardă|=|Ncfsrn|0	zgărzi|zgardă|Ncfp-n|0	ă	i_0	FALSE
a	@	t	t	zgrunțurozitate|=|Ncfsrn|4	zgrunțurozități|zgrunțurozitate|Ncfp-n|4	e	i_0	FALSE
a	e	p	d	zăpadă|=|Ncfsrn|1	zăpezi|zăpadă|Ncfp-n|1	ă	i_0	FALSE
a	@	k	r	îmbarcare|=|Ncfsrn|2	mbarcări|îmbarcare|Ncfp-ny|2	e	i_0	FALSE
a	@	k	r	îmbarcare|=|Ncfsrn|2	îmbarcări|îmbarcare|Ncfp-n|2	e	i_0	FALSE
a	@	n	r	îmbinare|=|Ncfsrn|2	mbinări|îmbinare|Ncfp-ny|1	e	i_0	TRUE
a	@	n	r	îmbinare|=|Ncfsrn|2	îmbinări|îmbinare|Ncfp-n|2	e	i_0	FALSE
a	@	k	r	îmbrăcare|=|Ncfsrn|2	îmbrăcări|îmbrăcare|Ncfp-n|2	e	i_0	FALSE
a	@	S	r	îmbrățișare|=|Ncfsrn|3	mbrățișări|îmbrățișare|Ncfp-ny|3	e	i_0	FALSE
a	@	S	r	îmbrățișare|=|Ncfsrn|3	îmbrățișări|îmbrățișare|Ncfp-n|3	e	i_0	FALSE
a	@	m	r	îmbălsămare|=|Ncfsrn|3	îmbălsămări|îmbălsămare|Ncfp-n|3	e	i_0	FALSE
a	@	k	r	împiedicare|=|Ncfsrn|3	împiedicări|împiedicare|Ncfp-n|3	e	i_0	FALSE
a	@	r	r	împrejurare|=|Ncfsrn|3	mprejurări|împrejurare|Ncfp-ny|3	e	i_0	FALSE
a	@	r	r	împrejurare|=|Ncfsrn|3	împrejurări|împrejurare|Ncfp-n|3	e	i_0	FALSE
a	@	t	r	împrumutare|=|Ncfsrn|3	împrumutări|împrumutare|Ncfp-n|3	e	i_0	FALSE
a	@	k	r	împușcare|=|Ncfsrn|2	împușcări|împușcare|Ncfp-n|2	e	i_0	FALSE
a	@	k	r	împăcare|=|Ncfsrn|2	împăcări|împăcare|Ncfp-n|2	e	i_0	FALSE
a	@	t	r	înaintare|=|Ncfsrn|2	naintări|înaintare|Ncfp-ny|2	e	i_0	FALSE
a	@	t	r	înaintare|=|Ncfsrn|2	înaintări|înaintare|Ncfp-n|2	e	i_0	FALSE
a	@	m	r	înarmare|=|Ncfsrn|2	narmări|înarmare|Ncfp-ny|1	e	i_0	TRUE
a	@	m	r	înarmare|=|Ncfsrn|2	înarmări|înarmare|Ncfp-n|2	e	i_0	FALSE
a	@	r	r	încadrare|=|Ncfsrn|2	încadrări|încadrare|Ncfp-n|2	e	i_0	FALSE
a	@	r	r	încarcerare|=|Ncfsrn|3	încarcerări|încarcerare|Ncfp-n|3	e	i_0	FALSE
a	@	s	r	încasare|=|Ncfsrn|2	încasări|încasare|Ncfp-n|2	e	i_0	FALSE
a	@	k	r	încercare|=|Ncfsrn|2	ncercări|încercare|Ncfp-ny|2	e	i_0	FALSE
a	@	k	r	încercare|=|Ncfsrn|2	încercări|încercare|Ncfp-n|2	e	i_0	FALSE
a	@	r	r	încifrare|=|Ncfsrn|2	încifrări|încifrare|Ncfp-n|2	e	i_0	FALSE
a	@	t	r	încleștare|=|Ncfsrn|2	încleștări|încleștare|Ncfp-n|2	e	i_0	FALSE
a	@	n	r	înclinare|=|Ncfsrn|2	înclinări|înclinare|Ncfp-n|2	e	i_0	FALSE
a	e	tS	l	încolăceală|=|Ncfsry|3	încolăceli|încolăceală|Ncfp-n|3	ă	i_0	FALSE
a	@	d	r	încordare|=|Ncfsrn|2	încordări|încordare|Ncfp-n|2	e	i_0	FALSE
a	@	n	r	încoronare|=|Ncfsrn|3	ncoronări|încoronare|Ncfp-ny|3	e	i_0	FALSE
a	@	n	r	încoronare|=|Ncfsrn|3	încoronări|încoronare|Ncfp-n|3	e	i_0	FALSE
a	@	ts	r	încredințare|=|Ncfsrn|3	ncredințări|încredințare|Ncfp-ny|3	e	i_0	FALSE
a	@	ts	r	încredințare|=|Ncfsrn|3	încredințări|încredințare|Ncfp-n|3	e	i_0	FALSE
a	@	t	r	încruntare|=|Ncfsrn|2	încruntări|încruntare|Ncfp-n|2	e	i_0	FALSE
a	@	n	r	încrâncenare|=|Ncfsrn|3	încrâncenări|încrâncenare|Ncfp-n|3	e	i_0	FALSE
a	@	n	r	încununare|=|Ncfsrn|3	încununări|încununare|Ncfp-n|3	e	i_0	FALSE
a	@	Z	r	încurajare|=|Ncfsrn|3	ncurajări|încurajare|Ncfp-ny|3	e	i_0	FALSE
a	@	Z	r	încurajare|=|Ncfsrn|3	încurajări|încurajare|Ncfp-n|3	e	i_0	FALSE
a	@	ts	r	încuviințare|=|Ncfsrn|4	ncuviințări|încuviințare|Ncfp-ny|4	e	i_0	FALSE
a	@	ts	r	încuviințare|=|Ncfsrn|4	încuviințări|încuviințare|Ncfp-n|4	e	i_0	FALSE
a	@	r	r	încăierare|=|Ncfsrn|3	ncăierări|încăierare|Ncfp-ny|3	e	i_0	FALSE
a	@	r	r	încăierare|=|Ncfsrn|3	încăierări|încăierare|Ncfp-n|3	e	i_0	FALSE
a	@	k	r	încălcare|=|Ncfsrn|2	încălcări|încălcare|Ncfp-n|2	e	i_0	FALSE
a	@	ts	r	încălțare|=|Ncfsrn|2	încălțări|încălțare|Ncfp-n|2	e	i_0	FALSE
a	@	n	r	încăpățânare|=|Ncfsrn|4	încăpățânări|încăpățânare|Ncfp-n|4	e	i_0	FALSE
a	@	k	r	încărcare|=|Ncfsrn|2	încărcări|încărcare|Ncfp-n|2	e	i_0	FALSE
a	@	r	r	îndatorare|=|Ncfsrn|3	îndatorări|îndatorare|Ncfp-n|3	e	i_0	FALSE
a	@	n	r	îndemânare|=|Ncfsrn|3	îndemânări|îndemânare|Ncfp-n|3	e	i_0	FALSE
a	@	t	r	îndepărtare|=|Ncfsrn|3	ndepărtări|îndepărtare|Ncfp-ny|3	e	i_0	FALSE
a	@	t	r	îndepărtare|=|Ncfsrn|3	îndepărtări|îndepărtare|Ncfp-n|3	e	i_0	FALSE
a	@	n	r	îndoctrinare|=|Ncfsrn|3	îndoctrinări|îndoctrinare|Ncfp-n|3	e	i_0	FALSE
a	e	j	l	îndoială|=|Ncfsrn|2	ndoieli|îndoială|Ncfp-ny|2	ă	i_0	FALSE
a	e	j	l	îndoială|=|Ncfsrn|2	îndoieli|îndoială|Ncfp-n|2	ă	i_0	FALSE
a	@	t	r	îndreptare|=|Ncfsrn|2	ndreptări|îndreptare|Ncfp-ny|2	e	i_0	FALSE
a	@	t	r	îndreptare|=|Ncfsrn|2	îndreptări|îndreptare|Ncfp-n|2	e	i_0	FALSE
a	@	m	r	îndrumare|=|Ncfsrn|2	îndrumări|îndrumare|Ncfp-n|2	e	i_0	FALSE
a	@	S	r	înduioșare|=|Ncfsrn|3	înduioșări|înduioșare|Ncfp-n|3	e	i_0	FALSE
a	@	k	r	înduplecare|=|Ncfsrn|3	înduplecări|înduplecare|Ncfp-n|3	e	i_0	FALSE
a	@	ts	r	înființare|=|Ncfsrn|3	nființări|înființare|Ncfp-ny|3	e	i_0	FALSE
a	@	ts	r	înființare|=|Ncfsrn|3	înființări|înființare|Ncfp-n|3	e	i_0	FALSE
a	@	r	r	înfrigurare|=|Ncfsrn|3	nfrigurări|înfrigurare|Ncfp-ny|3	e	i_0	FALSE
a	@	r	r	înfrigurare|=|Ncfsrn|3	înfrigurări|înfrigurare|Ncfp-n|3	e	i_0	FALSE
a	@	ts	r	înfrumusețare|=|Ncfsrn|4	nfrumusețări|înfrumusețare|Ncfp-ny|4	e	i_0	FALSE
a	@	ts	r	înfrumusețare|=|Ncfsrn|4	înfrumusețări|înfrumusețare|Ncfp-n|4	e	i_0	FALSE
a	@	t	r	înfruntare|=|Ncfsrn|2	nfruntări|înfruntare|Ncfp-ny|2	e	i_0	FALSE
a	@	t	r	înfruntare|=|Ncfsrn|2	înfruntări|înfruntare|Ncfp-n|2	e	i_0	FALSE
a	@	S	r	înfățișare|=|Ncfsrn|3	nfățișări|înfățișare|Ncfp-ny|3	e	i_0	FALSE
a	@	S	r	înfățișare|=|Ncfsrn|3	înfățișări|înfățișare|Ncfp-n|3	e	i_0	FALSE
a	@	n	r	îngemănare|=|Ncfsrn|3	îngemănări|îngemănare|Ncfp-n|3	e	i_0	FALSE
a	e	j	l	înghesuială|=|Ncfsrn|3	nghesuieli|înghesuială|Ncfp-ny|3	ă	i_0	FALSE
a	e	j	l	înghesuială|=|Ncfsrn|3	înghesuieli|înghesuială|Ncfp-n|3	ă	i_0	FALSE
a	@	ts	r	înghețare|=|Ncfsrn|2	înghețări|înghețare|Ncfp-n|2	e	i_0	FALSE
a	@	n	r	îngreunare|=|Ncfsrn|3	îngreunări|îngreunare|Ncfp-n|3	e	i_0	FALSE
a	@	r	r	îngrijorare|=|Ncfsrn|3	ngrijorări|îngrijorare|Ncfp-ny|3	e	i_0	FALSE
a	@	r	r	îngrijorare|=|Ncfsrn|3	îngrijorări|îngrijorare|Ncfp-n|3	e	i_0	FALSE
a	@	p	r	îngropare|=|Ncfsrn|2	îngropări|îngropare|Ncfp-n|2	e	i_0	FALSE
a	@	S	r	îngroșare|=|Ncfsrn|2	îngroșări|îngroșare|Ncfp-n|2	e	i_0	FALSE
a	@	S	r	îngrășare|=|Ncfsrn|2	îngrășări|îngrășare|Ncfp-n|2	e	i_0	FALSE
a	@	t	r	îngurgitare|=|Ncfsrn|3	îngurgitări|îngurgitare|Ncfp-n|3	e	i_0	FALSE
a	@	f	r	îngâmfare|=|Ncfsrn|2	îngâmfări|îngâmfare|Ncfp-n|2	e	i_0	FALSE
a	@	m	r	înhumare|=|Ncfsrn|2	înhumări|înhumare|Ncfp-n|2	e	i_0	FALSE
a	@	b	r	înjghebare|=|Ncfsrn|2	înjghebări|înjghebare|Ncfp-n|2	e	i_0	FALSE
a	@	r	r	înlăturare|=|Ncfsrn|3	înlăturări|înlăturare|Ncfp-n|3	e	i_0	FALSE
a	@	n	r	înmagazinare|=|Ncfsrn|4	înmagazinări|înmagazinare|Ncfp-n|4	e	i_0	FALSE
a	@	l	r	înmatriculare|=|Ncfsrn|4	înmatriculări|înmatriculare|Ncfp-n|4	e	i_0	FALSE
a	@	t	r	înmormântare|=|Ncfsrn|3	înmormântări|înmormântare|Ncfp-n|3	e	i_0	FALSE
a	@	r	r	înnorare|=|Ncfsrn|2	înnorări|înnorare|Ncfp-n|2	e	i_0	FALSE
a	@	r	r	înregistrare|=|Ncfsrn|3	nregistrări|înregistrare|Ncfp-ny|3	e	i_0	FALSE
a	@	r	r	înregistrare|=|Ncfsrn|3	înregistrări|înregistrare|Ncfp-n|3	e	i_0	FALSE
a	@	n	r	înscenare|=|Ncfsrn|2	înscenări|înscenare|Ncfp-n|2	e	i_0	FALSE
a	@	n	r	însemnare|=|Ncfsrn|2	nsemnări|însemnare|Ncfp-ny|2	e	i_0	FALSE
a	@	n	r	însemnare|=|Ncfsrn|2	însemnări|însemnare|Ncfp-n|2	e	i_0	FALSE
a	@	r	r	înserare|=|Ncfsrn|2	nserări|înserare|Ncfp-ny|2	e	i_0	FALSE
a	@	r	r	înserare|=|Ncfsrn|2	înserări|înserare|Ncfp-n|2	e	i_0	FALSE
a	@	r	r	însingurare|=|Ncfsrn|3	însingurări|însingurare|Ncfp-n|3	e	i_0	FALSE
a	@	n	r	înstrăinare|=|Ncfsrn|3	înstrăinări|înstrăinare|Ncfp-n|3	e	i_0	FALSE
a	@	m	r	însumare|=|Ncfsrn|2	însumări|însumare|Ncfp-n|2	e	i_0	FALSE
a	@	m	r	însămare|=|Ncfsrn|2	însămări|însămare|Ncfp-n|2	e	i_0	FALSE
a	@	ts	r	însămânțare|=|Ncfsrn|3	însămânțări|însămânțare|Ncfp-n|3	e	i_0	FALSE
a	@	r	r	întrajutorare|=|Ncfsrn|4	ntrajutorări|întrajutorare|Ncfp-ny|4	e	i_0	FALSE
a	@	r	r	întrajutorare|=|Ncfsrn|4	întrajutorări|întrajutorare|Ncfp-n|4	e	i_0	FALSE
a	@	b	r	întrebare|=|Ncfsrn|2	întrebări|întrebare|Ncfp-n|2	e	i_0	FALSE
a	@	ts	r	întrebuințare|=|Ncfsrn|4	ntrebuințări|întrebuințare|Ncfp-ny|4	e	i_0	FALSE
a	@	ts	r	întrebuințare|=|Ncfsrn|4	întrebuințări|întrebuințare|Ncfp-n|4	e	i_0	FALSE
a	@	t	r	întristare|=|Ncfsrn|2	ntristări|întristare|Ncfp-ny|2	e	i_0	FALSE
a	@	t	r	întristare|=|Ncfsrn|2	întristări|întristare|Ncfp-n|2	e	i_0	FALSE
a	@	n	r	întronare|=|Ncfsrn|2	întronări|întronare|Ncfp-n|2	e	i_0	FALSE
a	@	n	r	întâmpinare|=|Ncfsrn|3	întâmpinări|întâmpinare|Ncfp-n|3	e	i_0	FALSE
a	@	l	r	întâmplare|=|Ncfsrn|2	întâmplări|întâmplare|Ncfp-n|2	e	i_0	FALSE
a	@	n	r	înverșunare|=|Ncfsrn|3	nverșunări|înverșunare|Ncfp-ny|3	e	i_0	FALSE
a	@	n	r	înverșunare|=|Ncfsrn|3	înverșunări|înverșunare|Ncfp-n|3	e	i_0	FALSE
a	@	t	r	înveșmântare|=|Ncfsrn|3	înveșmântări|înveșmântare|Ncfp-n|3	e	i_0	FALSE
a	e	j	l	învoială|=|Ncfsrn|2	învoieli|învoială|Ncfp-n|2	ă	i_0	FALSE
a	@	t	r	învârstare|=|Ncfsrn|2	învârstări|învârstare|Ncfp-n|2	e	i_0	FALSE
a	@	ts	r	învățare|=|Ncfsrn|2	învățări|învățare|Ncfp-n|2	e	i_0	FALSE
a	@	r	r	înzestrare|=|Ncfsrn|2	înzestrări|înzestrare|Ncfp-n|2	e	i_0	FALSE
a	@	ts	r	înălțare|=|Ncfsrn|2	înălțări|înălțare|Ncfp-n|2	e	i_0	FALSE
a	@	l	r	înșelare|=|Ncfsrn|2	nșelări|înșelare|Ncfp-ny|2	e	i_0	FALSE
a	@	l	r	înșelare|=|Ncfsrn|2	înșelări|înșelare|Ncfp-n|2	e	i_0	FALSE
a	@	w	r	înșeuare|=|Ncfsrn|2	înșeuări|înșeuare|Ncfp-n|2	e	i_0	FALSE
a	@	ts	r	înștiințare|=|Ncfsrn|3	nștiințări|înștiințare|Ncfp-ny|3	e	i_0	FALSE
a	@	ts	r	înștiințare|=|Ncfsrn|3	înștiințări|înștiințare|Ncfp-n|3	e	i_0	FALSE
a	@	S	g	șagă|=|Ncfsrn|0	șăgi|șagă|Ncfp-n|0	ă	gZ	FALSE
a	@	Z	r	șantajare|=|Ncfsrn|2	șantajări|șantajare|Ncfp-n|2	e	i_0	FALSE
a	e	S	p	șapcă|=|Ncfsrn|0	șepci|șapcă|Ncfp-n|0	ă	tS	FALSE
a	e	S	r	șarpe|=|Ncms-n|0	șerpi|șarpe|Ncmp-n|0	e	i_0	FALSE
a	e	S	t	șatră|=|Ncfsrn|0	șetre|șatră|Ncfp-n|0	ă	e	FALSE
a	@	t	t	școlaritate|=|Ncfsrn|3	școlarități|școlaritate|Ncfp-n|3	e	i_0	FALSE
a	@	z	r	școlarizare|=|Ncfsrn|3	școlarizări|școlarizare|Ncfp-n|3	e	i_0	FALSE
a	e	f	r	șfară|=|Ncfsrn|0	șferi|șfară|Ncfp-n|0	ă	i_0	FALSE
a	@	k	r	șistificare|=|Ncfsrn|3	șistificări|șistificare|Ncfp-n|3	e	i_0	FALSE
a	@	p	g	șpagă|=|Ncfsrn|0	șpăgi|șpagă|Ncfp-n|0	ă	gZ	FALSE
a	@	p	n	șpangă|=|Ncfsrn|0	șpăngi|șpangă|Ncfp-n|0	ă	gZ	FALSE
a	@	t	n	ștangă|=|Ncfsrn|0	ștăngi|ștangă|Ncfp-n|0	ă	gZ	FALSE
a	@	ts	n	țandură|=|Ncfsrn|0	țănduri|țandură|Ncfp-n|0	ă	i_0	FALSE
a	@	ts	n	țandără|=|Ncfsrn|0	țăndări|țandără|Ncfp-n|0	ă	i_0	FALSE
a	@	ts	r	țarcă|=|Ncfsrn|0	țărci|țarcă|Ncfp-n|0	ă	tS	FALSE
a	@	ts	r	țarnă|=|Ncfsrn|0	țărni|țarnă|Ncfp-n|0	ă	j	FALSE
a	@	ts	r	țară|=|Ncfsrn|0	țări|țară|Ncfp-n|0	ă	i_0	FALSE
a	@	g	n	țigancă|=|Ncfsrn|1	țigănci|țigancă|Ncfp-n|1	ă	tS	FALSE
a	@	g	r	țigară|=|Ncfsrn|1	țigări|țigară|Ncfp-n|1	ă	i_0	FALSE
a	e	j	l	țopăială|=|Ncfsrn|2	țopăieli|țopăială|Ncfp-n|2	ă	i_0	FALSE
a	e	j	n	țuțuiancă|=|Ncfsrn|2	țuțuience|țuțuiancă|Ncfp-n|2	ă	e	FALSE
a	@	r	n	țărancă|=|Ncfsrn|1	țărănci|țărancă|Ncfp-n|1	ă	tS	FALSE
a	a		b	abandonat|=|Afpms-n|3	abandonați|abandonat|Ncmp-n|3		i_0	FALSE
a	a		b	abataj|=|Ncms-n|2	abataje|abataj|Ncfp-n|2		e	FALSE
a	a		b	abate|=|Ncms-n|1	abați|abate|Ncmp-n|1	e	i_0	FALSE
a	a		b	abatere|=|Ncfsrn|1	abateri|abatere|Ncfp-n|1	e	i_0	FALSE
a	a		b	abecedar|=|Ncms-n|3	abecedare|abecedar|Ncfp-n|3		e	FALSE
a	a		b	aberație|=|Ncfsrn|2	aberații|aberație|Ncfp-n|2	e	j	FALSE
a	a		b	ablactație|=|Ncfsrn|2	ablactații|ablactație|Ncfp-n|2	e	j	FALSE
a	a		b	ablaut|=|Ncms-n|0	ablauturi|ablaut|Ncfp-n|0		u r i_0	FALSE
a	a		b	abnegație|=|Ncfsrn|2	abnegații|abnegație|Ncfp-n|2	e	j	FALSE
a	a		b	abonat|=|Afpms-n|2	abonați|abonat|Ncmp-n|2		i_0	FALSE
a	a		b	abreviație|=|Ncfsrn|3	abreviații|abreviație|Ncfp-n|3	e	i	FALSE
a	a		b	abstracție|=|Ncfsrn|1	abstracții|abstracție|Ncfp-n|1	e	j	FALSE
a	a		b	abur|=|Ncms-n|0	aburi|abur|Ncmp-n|0		i_0	FALSE
a	a		k	ac|=|Ncms-n|0	ace|ac|Ncfp-n|0		e	FALSE
a	a		k	acar|=|Ncms-n|1	acare|acar|Ncfp-n|1		e	FALSE
a	a		k	acar|=|Ncms-n|1	acari|acar|Ncmp-n|1		i_0	FALSE
a	a		k	acaț|=|Ncms-n|1	acați|acaț|Ncmp-n|1		i_0	FALSE
a	a		k	accelerat|=|Afpms-n|3	accelerați|accelerat|Ncmp-n|3		i_0	FALSE
a	a		k	accelerație|=|Ncfsrn|3	accelerații|accelerație|Ncfp-n|3	e	j	FALSE
a	a		k	accentuat|=|Afpms-n|3	accentuați|accentuat|Ncmp-n|3		i_0	FALSE
a	a		k	acceptat|=|Afpms-n|2	acceptați|acceptat|Ncmp-n|2		i_0	FALSE
a	a		k	accidentat|=|Ncms-n|3	accidentați|accidentat|Ncmp-n|3		i_0	FALSE
a	a		k	accidentată|=|Ncfsrn|3	accidentate|accidentată|Ncfp-n|3	ă	e	FALSE
a	a		k_j	achitat|=|Afpms-n|2	achitați|achitat|Ncmp-n|2		i_0	FALSE
a	a		k_j	achiziționat|=|Afpms-n|5	achiziționați|achiziționat|Ncmp-n|5		i_0	FALSE
a	a		k	aclamat|=|Ncms-n|2	aclamați|aclamat|Ncmp-n|2		i_0	FALSE
a	a		k	aclamație|=|Ncfsrn|2	aclamații|aclamație|Ncfp-n|2	e	j	FALSE
a	a		k	acoladă|=|Ncfsrn|2	acolade|acoladă|Ncfp-n|2	ă	e	FALSE
a	a		k	acordat|=|Afpms-n|2	acordați|acordat|Ncmp-n|2		i_0	FALSE
a	a		k	acreditat|=|Afpms-n|3	acreditați|acreditat|Ncmp-n|3		i_0	FALSE
a	a		k	acreditată|=|Ncfsrn|3	acreditate|acreditată|Ncfp-n|3	ă	e	FALSE
a	a		k	acrobat|=|Ncms-n|2	acrobați|acrobat|Ncmp-n|2		i_0	FALSE
a	a		k	acroșaj|=|Ncms-n|2	acroșaje|acroșaj|Ncfp-n|2		e	FALSE
a	a		k	act|=|Ncms-n|0	acte|act|Ncfp-n|0		e	FALSE
a	a		k	activat|=|Ncms-n|2	activați|activat|Ncmp-n|2		i_0	FALSE
a	a		k	actualizat|=|Ncms-n|4	actualizați|actualizat|Ncmp-n|4		i_0	FALSE
a	a		k	acumulat|=|Ncms-n|3	acumulați|acumulat|Ncmp-n|3		i_0	FALSE
a	a		k	acuplaj|=|Ncms-n|2	acuplaje|acuplaj|Ncfp-n|2		e	FALSE
a	a		k	acuzat|=|Ncms-n|2	acuzați|acuzat|Ncmp-n|2		i_0	FALSE
a	a		k	acuzată|=|Ncfsrn|2	acuzate|acuzată|Ncfp-n|2	ă	e	FALSE
a	a		k	acuzație|=|Ncfsrn|2	acuzații|acuzație|Ncfp-n|2	e	j	FALSE
a	a		k	acvariu|=|Ncms-n|1	acvarii|acvariu|Ncfp-n|1	u	j	FALSE
a	a		k	acvilă|=|Ncfsrn|0	acvile|acvilă|Ncfp-n|0	ă	e	FALSE
a	a		k	acționar|=|Ncms-n|3	acționari|acționar|Ncmp-n|3		i_0	FALSE
a	a		k	acționat|=|Ncms-n|3	acționați|acționat|Ncmp-n|3		i_0	FALSE
a	a		d	adaos|=|Ncms-n|1	adaosuri|adaos|Ncfp-n|1		u r i_0	FALSE
a	a		d	adaptat|=|Afpms-n|2	adaptați|adaptat|Ncmp-n|2		i_0	FALSE
a	a		d	aderat|=|Afpms-n|2	aderați|aderat|Ncmp-n|2		i_0	FALSE
a	a		d	adjudecat|=|Ncms-n|3	adjudecați|adjudecat|Ncmp-n|3		i_0	FALSE
a	a		d	administrată|=|Ncfsrn|3	administrate|administrată|Ncfp-n|3	ă	e	FALSE
a	a		d	administrație|=|Ncfsrn|3	administrații|administrație|Ncfp-n|3	e	j	FALSE
a	a		d	admirat|=|Afpms-n|2	admirați|admirat|Ncmp-n|2		i_0	FALSE
a	a		d	admirație|=|Ncfsrn|2	admirații|admirație|Ncfp-n|2	e	j	FALSE
a	a		d	admonestat|=|Ncms-n|3	admonestați|admonestat|Ncmp-n|3		i_0	FALSE
a	a		d	adoptat|=|Ncms-n|2	adoptați|adoptat|Ncmp-n|2		i_0	FALSE
a	a		d	adoptată|=|Ncfsrn|2	adoptate|adoptată|Ncfp-n|2	ă	e	FALSE
a	a		d	adversar|=|Ncms-n|2	adversari|adversar|Ncmp-n|2		i_0	FALSE
a	a		d	adversară|=|Ncfsrn|2	adversare|adversară|Ncfp-n|2	ă	e	FALSE
a	a		d	adăugat|=|Afpms-n|3	adăugați|adăugat|Ncmp-n|3		i_0	FALSE
a	a		e	aer|=|Ncms-n|0	aere|aer|Ncfp-n|0		e	FALSE
a	a		e	aeronavă|=|Ncfsrn|3	aeronave|aeronavă|Ncfp-n|3	ă	e	FALSE
a	a		e	aeroplan|=|Ncms-n|3	aeroplane|aeroplan|Ncfp-n|3		e	FALSE
a	a		e	aerostat|=|Ncms-n|3	aerostate|aerostat|Ncfp-n|3		e	FALSE
a	a		f	afacere|=|Ncfsrn|1	afaceri|afacere|Ncfp-n|1	e	i_0	FALSE
a	a		f	afectat|=|Afpms-n|2	afectați|afectat|Ncmp-n|2		i_0	FALSE
a	a		f	afgan|=|Afpms-n|1	afgani|afgan|Ncmp-n|1		i_0	FALSE
a	a		f	afiliat|=|Afpms-n|3	afiliați|afiliat|Ncmp-n|3		i_0	FALSE
a	a		f	afirmat|=|Afpms-n|2	afirmați|afirmat|Ncmp-n|2		i_0	FALSE
a	a		f	afirmație|=|Ncfsrn|2	afirmații|afirmație|Ncfp-n|2	e	j	FALSE
a	a		f	afișaj|=|Ncms-n|2	afișaje|afișaj|Ncfp-n|2		e	FALSE
a	a		f	afișat|=|Afpms-n|2	afișați|afișat|Ncmp-n|2		i_0	FALSE
a	a		f	afișoară|=|Ncfsrn|2	afișoare|afișoară|Ncfp-n|2	ă	e	FALSE
a	a		f	aflat|=|Afpms-n|1	aflați|aflat|Ncmp-n|1		i_0	FALSE
a	a		f	african|=|Ncms-n|2	africani|african|Ncmp-n|2		i_0	FALSE
a	a		f	afrikander|=|Ncms-n|2	afrikanderi|afrikander|Ncmp-n|2		i_0	FALSE
a	a		f	aftă|=|Ncfsrn|0	afte|aftă|Ncfp-n|0	ă	e	FALSE
a	a		f	afundat|=|Afpms-n|2	afundați|afundat|Ncmp-n|2		i_0	FALSE
a	a		g_j	agheasmatar|=|Ncms-n|3	agheasmatare|agheasmatar|Ncfp-n|3		e	FALSE
a	a		g_j	aghiotant|=|Ncms-n|2	aghiotanți|aghiotant|Ncmp-n|2		i_0	FALSE
a	a		gZ	agitat|=|Ncms-n|2	agitați|agitat|Ncmp-n|2		i_0	FALSE
a	a		gZ	agitată|=|Ncfsrn|2	agitate|agitată|Ncfp-n|2	ă	e	FALSE
a	a		gZ	agitație|=|Ncfsrn|2	agitații|agitație|Ncfp-n|2	e	j	FALSE
a	a		g	aglomerat|=|Afpms-n|3	aglomerați|aglomerat|Ncmp-n|3		i_0	FALSE
a	a		g	aglomerație|=|Ncfsrn|3	aglomerații|aglomerație|Ncfp-n|3	e	j	FALSE
a	a		g	agravat|=|Ncms-n|2	agravați|agravat|Ncmp-n|2		i_0	FALSE
a	a		g	agreat|=|Ncms-n|2	agreați|agreat|Ncmp-n|2		i_0	FALSE
a	a		g	agresat|=|Afpms-n|2	agresați|agresat|Ncmp-n|2		i_0	FALSE
a	a		g	agriș|=|Ncms-n|0	agriși|agriș|Ncmp-n|0		i_0	FALSE
a	a		g	agă|=|Ncms-n|0	agi|agă|Ncmp-n|0	ă	gZ	FALSE
a	a		h	aht|=|Ncms-n|0	ahturi|aht|Ncfp-n|0		u r i_0	FALSE
a	a		j	aisberg|=|Ncms-n|0	aisberguri|aisberg|Ncfp-n|0		u r i_0	FALSE
a	a		j	aisfild|=|Ncms-n|0	aisfilduri|aisfild|Ncfp-n|0		u r i_0	FALSE
a	a		Z	ajutat|=|Afpms-n|2	ajutați|ajutat|Ncmp-n|2		i_0	FALSE
a	a		l	alabastru|=|Ncms-n|2	alabastruri|alabastru|Ncfp-n|2	u	u r i_0	FALSE
a	a		l	alambicat|=|Afpms-n|3	alambicați|alambicat|Ncmp-n|3		i_0	FALSE
a	a		l	alarmant|=|Ncms-n|2	alarmanți|alarmant|Ncmp-n|2		i_0	FALSE
a	a		l	alarmantă|=|Ncfsrn|2	alarmante|alarmantă|Ncfp-n|2	ă	e	FALSE
a	a		l	alarmat|=|Ncms-n|2	alarmați|alarmat|Ncmp-n|2		i_0	FALSE
a	a		l	alarmă|=|Ncfsrn|1	alarme|alarmă|Ncfp-n|1	ă	e	FALSE
a	a		l	alb|=|Afpms-n|0	albe|alb|Ncfp-n|0		e	FALSE
a	a		l	albie|=|Ncfsrn|0	albii|albie|Ncfp-n|0	e	j	FALSE
a	a		l	alergat|=|Ncms-n|2	alergați|alergat|Ncmp-n|2		i_0	FALSE
a	a		l	algă|=|Ncfsrn|0	alge|algă|Ncfp-n|0	ă	e	FALSE
a	a		l	aliaj|=|Ncms-n|2	aliaje|aliaj|Ncfp-n|2		e	FALSE
a	a		l	alianță|=|Ncfsrn|2	alianțe|alianță|Ncfp-n|2	ă	e	FALSE
a	a		l	aliat|=|Ncms-n|2	aliați|aliat|Ncmp-n|2		i_0	FALSE
a	a		l	aliată|=|Ncfsrn|2	aliate|aliată|Ncfp-n|2	ă	e	FALSE
a	a		l	alicuantă|=|Ncfsrn|2	alicuante|alicuantă|Ncfp-n|2	ă	e	FALSE
a	a		l	alimentat|=|Ncms-n|3	alimentați|alimentat|Ncmp-n|3		i_0	FALSE
a	a		l	alimentație|=|Ncfsrn|3	alimentații|alimentație|Ncfp-n|3	e	j	FALSE
a	a		l	alineat|=|Ncms-n|3	alineate|alineat|Ncfp-n|3		e	FALSE
a	a		l	aliniat|=|Afpms-n|3	aliniați|aliniat|Ncmp-n|3		i_0	FALSE
a	a		l	alocat|=|Afpms-n|2	alocați|alocat|Ncmp-n|2		i_0	FALSE
a	a		l	alocație|=|Ncfsrn|2	alocații|alocație|Ncfp-n|2	e	j	FALSE
a	a		l	alpenștoc|=|Ncms-n|0	alpenștocuri|alpenștoc|Ncfp-n|0		u r i_0	FALSE
a	a		l	altar|=|Ncms-n|1	altare|altar|Ncfp-n|1		e	FALSE
a	a		l	alterat|=|Ncms-n|2	alterați|alterat|Ncmp-n|2		i_0	FALSE
a	a		l	altercație|=|Ncfsrn|2	altercații|altercație|Ncfp-n|2	e	j	FALSE
a	a		l	alternanță|=|Ncfsrn|2	alternanțe|alternanță|Ncfp-n|2	ă	e	FALSE
a	a		l	althorn|=|Ncms-n|0	althorni|althorn|Ncmp-n|1		i_0	TRUE
a	a		l	althorn|=|Ncms-n|0	althornuri|althorn|Ncfp-n|0		u r i_0	FALSE
a	a		l	altostratus|=|Ncmsvn|2	altostratuși|altostratus|Ncmp-n|2		i_0	FALSE
a	a		l	aluat|=|Ncms-n|2	aluaturi|aluat|Ncfp-n|2		u r i_0	FALSE
a	a		l	alunecat|=|Afpms-n|3	alunecați|alunecat|Ncmp-n|3		i_0	FALSE
a	a		l	alungat|=|Afpms-n|2	alungați|alungat|Ncmp-n|2		i_0	FALSE
a	a		l	alvițar|=|Ncms-n|2	alvițari|alvițar|Ncmp-n|2		i_0	FALSE
a	a		l	ală|=|Ncfsrn|0	ale|ală|Ncfp-n|0	ă	e	FALSE
a	a		l	alămâioară|=|Ncfsrn|3	alămâioare|alămâioară|Ncfp-n|3	ă	e	FALSE
a	a		l	alăturat|=|Ncms-n|3	alăturați|alăturat|Ncmp-n|3		i_0	FALSE
a	a		m	amalgam|=|Ncms-n|2	amalgame|amalgam|Ncfp-n|2		e	FALSE
a	a		m	amalgam|=|Ncms-n|2	amalgamuri|amalgam|Ncfp-n|2		u r i_0	FALSE
a	a		m	amanetat|=|Ncms-n|3	amanetați|amanetat|Ncmp-n|3		i_0	FALSE
a	a		m	amant|=|Ncms-n|1	amanți|amant|Ncmp-n|1		i_0	FALSE
a	a		m	amantă|=|Ncfsrn|1	amante|amantă|Ncfp-n|1	ă	e	FALSE
a	a		m	amară|=|Ncfsrn|1	amare|amară|Ncfp-n|1	ă	e	FALSE
a	a		m	ambalaj|=|Ncms-n|2	ambalaje|ambalaj|Ncfp-n|2		e	FALSE
a	a		m	ambalat|=|Afpms-n|2	ambalați|ambalat|Ncmp-n|2		i_0	FALSE
a	a		m	ambasadă|=|Ncfsrn|2	ambasade|ambasadă|Ncfp-n|2	ă	e	FALSE
a	a		m	ambianță|=|Ncfsrn|2	ambianțe|ambianță|Ncfp-n|2	ă	e	FALSE
a	a		m	ambreiaj|=|Ncms-n|2	ambreiaje|ambreiaj|Ncfp-n|2		e	FALSE
a	a		m	ambulanță|=|Ncfsrn|2	ambulanțe|ambulanță|Ncfp-n|2	ă	e	FALSE
a	a		m	ambuscadă|=|Ncfsrn|2	ambuscade|ambuscadă|Ncfp-n|2	ă	e	FALSE
a	a		m	ambuteiaj|=|Ncms-n|3	ambuteiaje|ambuteiaj|Ncfp-n|3		e	FALSE
a	a		m	ameliorat|=|Ncms-n|4	ameliorați|ameliorat|Ncmp-n|4		i_0	FALSE
a	a		m	amenajat|=|Afpms-n|3	amenajați|amenajat|Ncmp-n|3		i_0	FALSE
a	a		m	amendat|=|Afpms-n|2	amendați|amendat|Ncmp-n|2		i_0	FALSE
a	a		m	amendată|=|Ncfsrn|2	amendate|amendată|Ncfp-n|2	ă	e	FALSE
a	a		m	amenințat|=|Afpms-n|3	amenințați|amenințat|Ncmp-n|3		i_0	FALSE
a	a		m	amenințată|=|Ncfsrn|3	amenințate|amenințată|Ncfp-n|3	ă	e	FALSE
a	a		m	american|=|Ncms-n|3	americani|american|Ncmp-n|3		i_0	FALSE
a	a		m	americancă|=|Ncfsrn|3	americance|americancă|Ncfp-n|3	ă	e	FALSE
a	a		m	americană|=|Ncfsrn|3	americane|americană|Ncfp-n|3	ă	e	FALSE
a	a		m	amestecat|=|Ncms-n|3	amestecați|amestecat|Ncmp-n|3		i_0	FALSE
a	a		m	amfibrah|=|Ncms-n|2	amfibrahi|amfibrah|Ncmp-n|2		i_0	FALSE
a	a		m	amfiteatru|=|Ncms-n|2	amfiteatre|amfiteatru|Ncfp-n|2	u	e	FALSE
a	a		m	amiaz|=|Ncms-n|1	amiazi|amiaz|Ncmp-n|1		i_0	FALSE
a	a		m	aminoplast|=|Ncmsvn|3	aminoplaste|aminoplast|Ncfp-n|3		e	FALSE
a	a		m	amiral|=|Ncms-n|2	amirali|amiral|Ncmp-n|2		i_0	FALSE
a	a		m	amplasat|=|Afpms-n|2	amplasați|amplasat|Ncmp-n|2		i_0	FALSE
a	a		m	amplificat|=|Afpms-n|3	amplificați|amplificat|Ncmp-n|3		i_0	FALSE
a	a		m	amuzat|=|Afpms-n|2	amuzați|amuzat|Ncmp-n|2		i_0	FALSE
a	a		m	amânat|=|Ncms-n|2	amânați|amânat|Ncmp-n|2		i_0	FALSE
a	a		n	an|=|Ncms-n|0	ani|an|Ncmp-n|0		i_0	FALSE
a	a		n	anacard|=|Ncms-n|2	anacarde|anacard|Ncfp-n|2		e	FALSE
a	a		n	anafrodiziac|=|Afpms-n|5	anafrodiziaci|anafrodiziac|Ncmp-n|5		tS	FALSE
a	a		n	anafură|=|Ncfsrn|1	anafure|anafură|Ncfp-n|1	ă	e	FALSE
a	a		n	analizat|=|Afpms-n|3	analizați|analizat|Ncmp-n|3		i_0	FALSE
a	a		n	ananas|=|Ncms-n|2	ananași|ananas|Ncmp-n|2		i_0	FALSE
a	a		n	ananghie|=|Ncfsrn|1	ananghii|ananghie|Ncfp-n|1	e	j	FALSE
a	a		n	anchetat|=|Afpms-n|2	anchetați|anchetat|Ncmp-n|2		i_0	FALSE
a	a		n	anchetată|=|Ncfsrn|2	anchetate|anchetată|Ncfp-n|2	ă	e	FALSE
a	a		n	anchilostomiază|=|Ncfsrn|5	anchilostomiaze|anchilostomiază|Ncfp-n|5	ă	e	FALSE
a	a		n	ancorat|=|Ncms-n|2	ancorați|ancorat|Ncmp-n|2		i_0	FALSE
a	a		n	ancoră|=|Ncfsrn|0	ancore|ancoră|Ncfp-n|0	ă	e	FALSE
a	a		n	andropauză|=|Ncfsrn|2	andropauze|andropauză|Ncfp-n|2	ă	e	FALSE
a	a		n	anexat|=|Ncms-n|2	anexați|anexat|Ncmp-n|2		i_0	FALSE
a	a		n	angajat|=|Ncms-n|2	angajați|angajat|Ncmp-n|2		i_0	FALSE
a	a		n	angajată|=|Ncfsrn|2	angajate|angajată|Ncfp-n|2	ă	e	FALSE
a	a		n	anghemaht|=|Ncms-n|0	anghemahturi|anghemaht|Ncfp-n|0		u r i_0	FALSE
a	a		n	angiospasm|=|Ncms-n|3	angiospasme|angiospasm|Ncfp-n|3		e	FALSE
a	a		n	angrenaj|=|Ncms-n|2	angrenaje|angrenaj|Ncfp-n|2		e	FALSE
a	a		n	angrenat|=|Ncms-n|2	angrenați|angrenat|Ncmp-n|2		i_0	FALSE
a	a		n	animal|=|Ncms-n|2	animale|animal|Ncfp-n|2		e	FALSE
a	a		n	animalicul|=|Ncms-n|2	animaliculi|animalicul|Ncmp-n|3		i_0	TRUE
a	a		n	animat|=|Afpms-n|2	animați|animat|Ncmp-n|2		i_0	FALSE
a	a		n	animație|=|Ncfsrn|2	animații|animație|Ncfp-n|2	e	j	FALSE
a	a		n	aniversat|=|Afpms-n|3	aniversați|aniversat|Ncmp-n|3		i_0	FALSE
a	a		n	anonimat|=|Ncms-n|3	anonimate|anonimat|Ncfp-n|3		e	FALSE
a	a		n	ansamblu|=|Ncms-n|1	ansamble|ansamblu|Ncfp-n|1	u	e	FALSE
a	a		n	ansamblu|=|Ncms-n|1	ansambluri|ansamblu|Ncfp-n|1	u	u r i_0	FALSE
a	a		n	ansă|=|Ncfsrn|0	anse|ansă|Ncfp-n|0	ă	e	FALSE
a	a		n	antal|=|Ncms-n|1	antale|antal|Ncfp-n|1		e	FALSE
a	a		n	antantă|=|Ncfsrn|1	antante|antantă|Ncfp-n|1	ă	e	FALSE
a	a		n	antebraț|=|Ncms-n|2	antebrațe|antebraț|Ncfp-n|2		e	FALSE
a	a		n	antecameră|=|Ncfsrn|2	antecamere|antecameră|Ncfp-n|2	ă	e	FALSE
a	a		n	anticameră|=|Ncfsrn|2	anticamere|anticameră|Ncfp-n|2	ă	e	FALSE
a	a		n	anticar|=|Ncms-n|2	anticari|anticar|Ncmp-n|2		i_0	FALSE
a	a		n	anticariat|=|Ncms-n|4	anticariate|anticariat|Ncfp-n|4		e	FALSE
a	a		n	anticipat|=|Ncms-n|3	anticipați|anticipat|Ncmp-n|3		i_0	FALSE
a	a		n	anticipată|=|Ncfsrn|3	anticipate|anticipată|Ncfp-n|3	ă	e	FALSE
a	a		n	anticipație|=|Ncfsrn|3	anticipații|anticipație|Ncfp-n|3	e	j	FALSE
a	a		n	antiformant|=|Ncms-n|3	antiformanți|antiformant|Ncmp-n|3		i_0	FALSE
a	a		n	antinațional|=|Ncms-n|4	antinaționali|antinațional|Ncmp-n|4		i_0	FALSE
a	a		n	antinațională|=|Ncfsrn|4	antinaționale|antinațională|Ncfp-n|4	ă	e	FALSE
a	a		n	antioxidant|=|Ncms-n|4	antioxidante|antioxidant|Ncfp-n|4		e	FALSE
a	a		n	antipapă|=|Ncfsrn|2	antipapi|antipapă|Ncmp-n|2	ă	i_0	FALSE
a	a		n	antireumatismal|=|Ncms-n|6	antireumatismale|antireumatismal|Ncfp-n|6		e	FALSE
a	a		n	antispast|=|Ncmsvn|2	antispaste|antispast|Ncfp-n|2		e	FALSE
a	a		n	antispast|=|Ncmsvn|2	antispasturi|antispast|Ncfp-n|2		u r i_0	FALSE
a	a		n	antrax|=|Ncms-n|0	antraxe|antrax|Ncfp-n|0		e	FALSE
a	a		n	antrax|=|Ncms-n|0	antraxuri|antrax|Ncfp-n|0		u r i_0	FALSE
a	a		n	antrenat|=|Ncms-n|2	antrenați|antrenat|Ncmp-n|2		i_0	FALSE
a	a		n	anturaj|=|Ncms-n|2	anturaje|anturaj|Ncfp-n|2		e	FALSE
a	a		n	anuar|=|Ncms-n|2	anuare|anuar|Ncfp-n|2		e	FALSE
a	a		n	anulat|=|Ncms-n|2	anulați|anulat|Ncmp-n|2		i_0	FALSE
a	a		n	anunțat|=|Ncms-n|2	anunțați|anunțat|Ncmp-n|2		i_0	FALSE
a	a		p	apanaj|=|Ncms-n|2	apanaje|apanaj|Ncfp-n|2		e	FALSE
a	a		p	apar|=|Ncms-n|1	apari|apar|Ncmp-n|1		i_0	FALSE
a	a		p	aparat|=|Ncms-n|2	aparate|aparat|Ncfp-n|2		e	FALSE
a	a		p	apelat|=|Ncms-n|2	apelați|apelat|Ncmp-n|2		i_0	FALSE
a	a		p	apex|=|Ncms-n|0	apexuri|apex|Ncfp-n|0		u r i_0	FALSE
a	a		p	aplaudac|=|Ncms-n|3	aplaudaci|aplaudac|Ncmp-n|3		tS	FALSE
a	a		p	aplaudat|=|Ncms-n|3	aplaudați|aplaudat|Ncmp-n|3		i_0	FALSE
a	a		p	aplecare|=|Ncfsrn|2	aplecari|aplecare|Ncfp-n|2	e	i_0	FALSE
a	a		p	aplecat|=|Ncms-n|2	aplecați|aplecat|Ncmp-n|2		i_0	FALSE
a	a		p	aplicat|=|Afpms-n|2	aplicați|aplicat|Ncmp-n|2		i_0	FALSE
a	a		p	aplicație|=|Ncfsrn|2	aplicații|aplicație|Ncfp-n|2	e	j	FALSE
a	a		p	apreciat|=|Afpms-n|3	apreciați|apreciat|Ncmp-n|3		i_0	FALSE
a	a		p	aprobat|=|Afpms-n|2	aprobați|aprobat|Ncmp-n|2		i_0	FALSE
a	a		p	apropiat|=|Afpms-n|3	apropiați|apropiat|Ncmp-n|3		i_0	FALSE
a	a		p	apropiată|=|Ncfsrn|3	apropiate|apropiată|Ncfp-n|3	ă	e	FALSE
a	a		p	aproximație|=|Ncfsrn|3	aproximații|aproximație|Ncfp-n|3	e	j	FALSE
a	a		p	apucat|=|Afpms-n|2	apucați|apucat|Ncmp-n|2		i_0	FALSE
a	a		p	apă|=|Ncfsrn|0	ape|apă|Ncfp-n|0	ă	e	FALSE
a	a		p	apărat|=|Afpms-n|2	apărați|apărat|Ncmp-n|2		i_0	FALSE
a	a		p	apăsat|=|Ncms-n|2	apăsați|apăsat|Ncmp-n|2		i_0	FALSE
a	a		r	ar|=|Ncms-n|0	ari|ar|Ncmp-n|0		i_0	FALSE
a	a		r	arabă|=|Ncfsrn|1	arabe|arabă|Ncfp-n|1	ă	e	FALSE
a	a		r	aragaz|=|Ncms-n|2	aragaze|aragaz|Ncfp-n|2		e	FALSE
a	a		r	aragaz|=|Ncms-n|2	aragazuri|aragaz|Ncfp-n|2		u r i_0	FALSE
a	a		r	aramă|=|Ncfsrn|1	arame|aramă|Ncfp-n|1	ă	e	FALSE
a	a		r	aranjat|=|Afpms-n|2	aranjați|aranjat|Ncmp-n|2		i_0	FALSE
a	a		r	arap|=|Ncms-n|1	arapi|arap|Ncmp-n|1		i_0	FALSE
a	a		r	arat|=|Ncms-n|1	arați|arat|Ncmp-n|1		i_0	FALSE
a	a		r	arbitraj|=|Ncms-n|2	arbitraje|arbitraj|Ncfp-n|2		e	FALSE
a	a		r	arbitrar|=|Afpms-n|2	arbitraruri|arbitrar|Ncfp-n|2		u r i_0	FALSE
a	a		r	arbor|=|Ncms-n|0	arbori|arbor|Ncmp-n|0		i_0	FALSE
a	a		r	arborat|=|Ncms-n|2	arborați|arborat|Ncmp-n|2		i_0	FALSE
a	a		r	arbore|=|Ncms-n|0	arbori|arbore|Ncmp-n|0	e	i_0	FALSE
a	a		r	arc|=|Ncms-n|0	arce|arc|Ncfp-n|0		e	FALSE
a	a		r	arc|=|Ncms-n|0	arcuri|arc|Ncfp-n|0		u r i_0	FALSE
a	a		r	arcadă|=|Ncfsrn|1	arcade|arcadă|Ncfp-n|1	ă	e	FALSE
a	a		r	ardere|=|Ncfsrn|0	arderi|ardere|Ncfp-n|0	e	i_0	FALSE
a	a		r	areal|=|Ncms-n|2	areale|areal|Ncfp-n|2		e	FALSE
a	a		r	areal|=|Ncms-n|2	arealuri|areal|Ncfp-n|2		u r i_0	FALSE
a	a		r	arendaș|=|Ncms-n|2	arendași|arendaș|Ncmp-n|2		i_0	FALSE
a	a		r	arendășoaică|=|Ncfsrn|3	arendășoaice|arendășoaică|Ncfp-n|3	ă	e	FALSE
a	a		r	arendășoaică|=|Ncfsrn|3	arendășoaicele|arendășoaică|Ncfp-n|3	ă	e l e	FALSE
a	a		r	areopag|=|Ncms-n|3	areopaguri|areopag|Ncfp-n|3		u r i_0	FALSE
a	a		r	arestat|=|Ncms-n|2	arestați|arestat|Ncmp-n|2		i_0	FALSE
a	a		r	arestată|=|Ncfsrn|2	arestate|arestată|Ncfp-n|2	ă	e	FALSE
a	a		r	argat|=|Ncms-n|1	argați|argat|Ncmp-n|1		i_0	FALSE
a	a		r	argumentat|=|Afpms-n|3	argumentați|argumentat|Ncmp-n|3		i_0	FALSE
a	a		r	argumentație|=|Ncfsrn|3	argumentații|argumentație|Ncfp-n|3	e	j	FALSE
a	a		r	arhanghel|=|Ncms-n|1	arhangheli|arhanghel|Ncmp-n|1		i_0	FALSE
a	a		r	arhierarh|=|Ncms-n|3	arhierarhi|arhierarh|Ncmp-n|3		i_0	FALSE
a	a		r	arhipelag|=|Ncms-n|3	arhipelaguri|arhipelag|Ncfp-n|3		u r i_0	FALSE
a	a		r	aricioaică|=|Ncfsrn|2	aricioaice|aricioaică|Ncfp-n|2	ă	e	FALSE
a	a		r	aricioaică|=|Ncfsrn|2	aricioaicele|aricioaică|Ncfp-n|2	ă	e l e	FALSE
a	a		r	arie|=|Ncfsrn|0	arii|arie|Ncfp-n|0	e	j	FALSE
a	a		r	arierată|=|Ncfsrn|3	arierate|arierată|Ncfp-n|3	ă	e	FALSE
a	a		r	aripioară|=|Ncfsrn|2	aripioare|aripioară|Ncfp-n|2	ă	e	FALSE
a	a		r	aripă|=|Ncfsrn|0	aripi|aripă|Ncfp-n|0	ă	i_0	FALSE
a	a		r	arm|=|Ncms-n|0	armuri|arm|Ncfp-n|0		u r i_0	FALSE
a	a		r	armată|=|Ncfsrn|1	armate|armată|Ncfp-n|1	ă	e	FALSE
a	a		r	armă|=|Ncfsrn|0	arme|armă|Ncfp-n|0	ă	e	FALSE
a	a		r	armăsar|=|Ncms-n|2	armăsari|armăsar|Ncmp-n|2		i_0	FALSE
a	a		r	aroganță|=|Ncfsrn|2	aroganțe|aroganță|Ncfp-n|2	ă	e	FALSE
a	a		r	ars|=|Ncms-n|0	arși|ars|Ncmp-n|0		i_0	FALSE
a	a		r	arsenal|=|Ncms-n|2	arsenale|arsenal|Ncfp-n|2		e	FALSE
a	a		r	artefact|=|Ncmsvn|2	artefacte|artefact|Ncfp-n|2		e	FALSE
a	a		r	articulat|=|Ncms-n|3	articulați|articulat|Ncmp-n|3		i_0	FALSE
a	a		r	articulație|=|Ncfsrn|3	articulații|articulație|Ncfp-n|3	e	j	FALSE
a	a		r	artizan|=|Ncms-n|2	artizani|artizan|Ncmp-n|2		i_0	FALSE
a	a		r	artizanat|=|Ncms-n|3	artizanate|artizanat|Ncfp-n|3		e	FALSE
a	a		r	artă|=|Ncfsrn|0	arte|artă|Ncfp-n|0	ă	e	FALSE
a	a		r	arz|=|Ncms-n|0	arzuri|arz|Ncfp-n|0		u r i_0	FALSE
a	a		r	arăboaică|=|Ncfsrn|2	arăboaice|arăboaică|Ncfp-n|2	ă	e	FALSE
a	a		r	arăboaică|=|Ncfsrn|2	arăboaicele|arăboaică|Ncfp-n|2	ă	e l e	FALSE
a	a		r	arăpoaică|=|Ncfsrn|2	arăpoaice|arăpoaică|Ncfp-n|2	ă	e	FALSE
a	a		r	arăpoaică|=|Ncfsrn|2	arăpoaicele|arăpoaică|Ncfp-n|2	ă	e l e	FALSE
a	a		r	arătat|=|Afpms-n|2	arătați|arătat|Ncmp-n|2		i_0	FALSE
a	a		r	arșiță|=|Ncfsrn|0	arșițe|arșiță|Ncfp-n|0	ă	e	FALSE
a	a		s	as|=|Ncms-n|0	ași|as|Ncmp-n|0		i_0	FALSE
a	a		s	asab|=|Ncms-n|1	asabi|asab|Ncmp-n|1		i_0	FALSE
a	a		s	asalt|=|Ncms-n|1	asalturi|asalt|Ncfp-n|1		u r i_0	FALSE
a	a		s	asaltat|=|Afpms-n|2	asaltați|asaltat|Ncmp-n|2		i_0	FALSE
a	a		s	asamblaj|=|Ncms-n|2	asamblaje|asamblaj|Ncfp-n|2		e	FALSE
a	a		s	asasinat|=|Afpms-n|3	asasinate|asasinat|Ncfp-n|3		e	FALSE
a	a		s	asasinat|=|Afpms-n|3	asasinați|asasinat|Ncmp-n|3		i_0	FALSE
a	a		s	asclepiad|=|Afpms-n|3	asclepiazi|asclepiad|Ncmp-n|3		i_0	FALSE
a	a		s	ascultat|=|Ncms-n|2	ascultați|ascultat|Ncmp-n|2		i_0	FALSE
a	a		s	asediat|=|Afpms-n|3	asediați|asediat|Ncmp-n|3		i_0	FALSE
a	a		s	asfalt|=|Ncms-n|1	asfalturi|asfalt|Ncfp-n|1		u r i_0	FALSE
a	a		s	asiatic|=|Afpms-n|2	asiatici|asiatic|Ncmp-n|2		tS	FALSE
a	a		s	asiatică|=|Ncfsrn|2	asiatice|asiatică|Ncfp-n|2	ă	e	FALSE
a	a		s	asigurat|=|Afpms-n|3	asigurați|asigurat|Ncmp-n|3		i_0	FALSE
a	a		s	asigurată|=|Ncfsrn|3	asigurate|asigurată|Ncfp-n|3	ă	e	FALSE
a	a		s	asimilat|=|Ncms-n|3	asimilați|asimilat|Ncmp-n|3		i_0	FALSE
a	a		s	asistat|=|Afpms-n|2	asistați|asistat|Ncmp-n|2		i_0	FALSE
a	a		s	asociat|=|Ncms-n|3	asociați|asociat|Ncmp-n|3		i_0	FALSE
a	a		s	asociată|=|Ncfsrn|3	asociate|asociată|Ncfp-n|3	ă	e	FALSE
a	a		s	asociație|=|Ncfsrn|3	asociații|asociație|Ncfp-n|3	e	j	FALSE
a	a		s	asparagus|=|Ncms-n|2	asparaguși|asparagus|Ncmp-n|2		i_0	FALSE
a	a		s	aspirat|=|Afpms-n|2	aspirați|aspirat|Ncmp-n|2		i_0	FALSE
a	a		s	aspirație|=|Ncfsrn|2	aspirații|aspirație|Ncfp-n|2	e	j	FALSE
a	a		s	astru|=|Ncms-n|0	aștri|astru|Ncmp-n|0	u	i	FALSE
a	a		s	astru|=|Ncms-n|0	astre|astru|Ncfp-n|0	u	e	FALSE
a	a		s	astrăgaci|=|Ncms-n|2	astrăgace|astrăgaci|Ncfp-n|2	i	e	FALSE
a	a		s	astupat|=|Ncms-n|2	astupați|astupat|Ncmp-n|2		i_0	FALSE
a	a		s	asumat|=|Afpms-n|2	asumați|asumat|Ncmp-n|2		i_0	FALSE
a	a		t	atac|=|Ncms-n|1	atacuri|atac|Ncfp-n|1		u r i_0	FALSE
a	a		t	atacant|=|Ncms-n|2	atacanți|atacant|Ncmp-n|2		i_0	FALSE
a	a		t	atacat|=|Afpms-n|2	atacați|atacat|Ncmp-n|2		i_0	FALSE
a	a		t	atacată|=|Ncfsrn|2	atacate|atacată|Ncfp-n|2	ă	e	FALSE
a	a		t	atașat|=|Afpms-n|2	atașați|atașat|Ncmp-n|2		i_0	FALSE
a	a		t	atașată|=|Ncfsrn|2	atașate|atașată|Ncfp-n|2	ă	e	FALSE
a	a		t	atelaj|=|Ncms-n|2	atelaje|atelaj|Ncfp-n|2		e	FALSE
a	a		t	atentat|=|Afpms-n|2	atentate|atentat|Ncfp-n|2		e	FALSE
a	a		t	atentat|=|Afpms-n|2	atentați|atentat|Ncmp-n|2		i_0	FALSE
a	a		t	atenționat|=|Ncms-n|3	atenționați|atenționat|Ncmp-n|3		i_0	FALSE
a	a		t	aterizat|=|Ncms-n|3	aterizați|aterizat|Ncmp-n|3		i_0	FALSE
a	a		t	atestat|=|Ncms-n|2	atestați|atestat|Ncmp-n|2		i_0	FALSE
a	a		t	atlant|=|Ncms-n|1	atlanți|atlant|Ncmp-n|1		i_0	FALSE
a	a		t	atlas|=|Ncms-n|1	atlase|atlas|Ncfp-n|1		e	FALSE
a	a		t	atlas|=|Ncms-n|1	atlasuri|atlas|Ncfp-n|1		u r i_0	FALSE
a	a		t	atlaz|=|Ncms-n|1	atlazuri|atlaz|Ncfp-n|1		u r i_0	FALSE
a	a		t	atracție|=|Ncfsrn|1	atracții|atracție|Ncfp-n|1	e	j	FALSE
a	a		t	atragere|=|Ncfsrn|1	atrageri|atragere|Ncfp-n|1	e	i_0	FALSE
a	a		t	atârnat|=|Ncms-n|2	atârnați|atârnat|Ncmp-n|2		i_0	FALSE
a	a		u	audiat|=|Ncms-n|3	audiați|audiat|Ncmp-n|3		i_0	FALSE
a	a		u	aulă|=|Ncfsrn|0	aule|aulă|Ncfp-n|1	ă	e	TRUE
a	a		u	aură|=|Ncfsrn|0	aure|aură|Ncfp-n|0	ă	e	FALSE
a	a		u	autentificat|=|Afpms-n|5	autentificați|autentificat|Ncmp-n|5		i_0	FALSE
a	a		u	autobasculantă|=|Ncfsrn|5	autobasculante|autobasculantă|Ncfp-n|5	ă	e	FALSE
a	a		u	autoblindat|=|Ncms-n|4	autoblindate|autoblindat|Ncfp-n|4		e	FALSE
a	a		u	autocar|=|Ncms-n|3	autocare|autocar|Ncfp-n|3		e	FALSE
a	a		u	autocunoaștere|=|Ncfsrn|4	autocunoașteri|autocunoaștere|Ncfp-n|4	e	i_0	FALSE
a	a		u	autofecundație|=|Ncfsrn|5	autofecundații|autofecundație|Ncfp-n|5	e	j	FALSE
a	a		u	autograf|=|Afpms-n|3	autografe|autograf|Ncfp-n|3		e	FALSE
a	a		u	autohaltă|=|Ncfsrn|3	autohalte|autohaltă|Ncfp-n|3	ă	e	FALSE
a	a		u	automat|=|Afpms-n|3	automate|automat|Ncfp-n|3		e	FALSE
a	a		u	autoreglaj|=|Ncms-n|4	autoreglaje|autoreglaj|Ncfp-n|4		e	FALSE
a	a		u	autorizat|=|Afpms-n|4	autorizați|autorizat|Ncmp-n|4		i_0	FALSE
a	a		u	autorizație|=|Ncfsrn|4	autorizații|autorizație|Ncfp-n|4	e	j	FALSE
a	a		u	autosanitară|=|Ncfsrn|5	autosanitare|autosanitară|Ncfp-n|5	ă	e	FALSE
a	a		u	autospecială|=|Ncfsrn|5	autospeciale|autospecială|Ncfp-n|5	ă	e	FALSE
a	a		u	autotransplant|=|Ncms-n|4	autotransplanturi|autotransplant|Ncfp-n|4		u r i_0	FALSE
a	a		u	autoutilitară|=|Ncfsrn|6	autoutilitare|autoutilitară|Ncfp-n|6	ă	e	FALSE
a	a		u	auxiliar|=|Ncms-n|4	auxiliare|auxiliar|Ncfp-n|4		e	FALSE
a	a		u	auxiliar|=|Ncms-n|4	auxiliari|auxiliar|Ncmp-n|4		i_0	FALSE
a	a		v	avalanșă|=|Ncfsrn|2	avalanșe|avalanșă|Ncfp-n|2	ă	e	FALSE
a	a		v	avangardă|=|Ncfsrn|2	avangarde|avangardă|Ncfp-n|2	ă	e	FALSE
a	a		v	avans|=|Ncms-n|1	avansuri|avans|Ncfp-n|1		u r i_0	FALSE
a	a		v	avansat|=|Afpms-n|2	avansați|avansat|Ncmp-n|2		i_0	FALSE
a	a		v	avansată|=|Ncfsrn|2	avansate|avansată|Ncfp-n|2	ă	e	FALSE
a	a		v	avantaj|=|Ncms-n|2	avantaje|avantaj|Ncfp-n|2		e	FALSE
a	a		v	avar|=|Ncms-n|1	avari|avar|Ncmp-n|1		i_0	FALSE
a	a		v	avariat|=|Ncms-n|3	avariați|avariat|Ncmp-n|3		i_0	FALSE
a	a		v	avarie|=|Ncfsrn|1	avarii|avarie|Ncfp-n|1	e	j	FALSE
a	a		v	aventurat|=|Ncms-n|3	aventurați|aventurat|Ncmp-n|3		i_0	FALSE
a	a		v	avertizat|=|Ncms-n|3	avertizați|avertizat|Ncmp-n|3		i_0	FALSE
a	a		v	aviație|=|Ncfsrn|2	aviații|aviație|Ncfp-n|1	e	j	TRUE
a	a		v	avizat|=|Ncms-n|2	avizați|avizat|Ncmp-n|2		i_0	FALSE
a	a		v	avocat|=|Ncms-n|2	avocați|avocat|Ncmp-n|2		i_0	FALSE
a	a		v	avocată|=|Ncfsrn|2	avocate|avocată|Ncfp-n|2	ă	e	FALSE
a	a		v	avram|=|Ncms-n|1	avrami|avram|Ncmp-n|1		i_0	FALSE
a	a		v	avă|=|Ncfsrn|0	ave|avă|Ncfp-n|0	ă	e	FALSE
a	a		v	avă|=|Ncfsrn|0	avi|avă|Ncmp-n|0	ă	i_0	FALSE
a	a		k	ax|=|Ncms-n|0	axe|ax|Ncfp-n|0		e	FALSE
a	a		k	ax|=|Ncms-n|0	axuri|ax|Ncfp-n|0		u r i_0	FALSE
a	a		k	axat|=|Afpms-n|1	axați|axat|Ncmp-n|1		i_0	FALSE
a	a		k	axă|=|Ncfsrn|0	axe|axă|Ncfp-n|0	ă	e	FALSE
a	a		z	azbucoavnă|=|Ncfsrn|2	azbucoavne|azbucoavnă|Ncfp-n|2	ă	e	FALSE
a	a		z	azotat|=|Ncms-n|2	azotați|azotat|Ncmp-n|2		i_0	FALSE
a	a		S	așezat|=|Ncms-n|2	așezați|așezat|Ncmp-n|2		i_0	FALSE
a	a		S	așteptat|=|Afpms-n|2	așteptați|așteptat|Ncmp-n|2		i_0	FALSE
a	a		ts	ață|=|Ncfsrn|0	ațe|ață|Ncfp-n|0	ă	e	FALSE
a	a	b	b	babă|=|Ncfsrn|0	babe|babă|Ncfp-n|0	ă	e	FALSE
a	a	b	k	bac|=|Ncms-n|0	bacuri|bac|Ncfp-n|0		u r i_0	FALSE
a	a	b	k	bacalaureat|=|Ncms-n|5	bacalaureate|bacalaureat|Ncfp-n|5		e	FALSE
a	a	b	k	bacalaureat|=|Ncms-n|5	bacalaureați|bacalaureat|Ncmp-n|5		i_0	FALSE
a	a	b	k	bacteriofag|=|Ncms-n|4	bacteriofagi|bacteriofag|Ncmp-n|4		gZ	FALSE
a	a	b	f	baftă|=|Ncfsrn|0	bafte|baftă|Ncfp-n|0	ă	e	FALSE
a	a	b	g	bagaj|=|Ncms-n|1	bagaje|bagaj|Ncfp-n|1		e	FALSE
a	a	b	h	bahnă|=|Ncfsrn|0	bahne|bahnă|Ncfp-n|0	ă	e	FALSE
a	a	b	j	baian|=|Ncms-n|1	baiane|baian|Ncfp-n|1		e	FALSE
a	a	b	j	baian|=|Ncms-n|1	baiani|baian|Ncmp-n|1		i_0	FALSE
a	a	b	j	bait|=|Ncms-n|0	baiți|bait|Ncmp-n|0		i_0	FALSE
a	a	b	j	baiț|=|Ncms-n|0	baițuri|baiț|Ncfp-n|0		u r i_0	FALSE
a	a	b	l	bal|=|Ncms-n|0	baluri|bal|Ncfp-n|0		u r i_0	FALSE
a	a	b	l	balaban|=|Ncms-n|2	balabani|balaban|Ncmp-n|2		i_0	FALSE
a	a	b	l	baladă|=|Ncfsrn|1	balade|baladă|Ncfp-n|1	ă	e	FALSE
a	a	b	l	balalaică|=|Ncfsrn|2	balalaici|balalaică|Ncfp-n|2	ă	tS	FALSE
a	a	b	l	balans|=|Ncms-n|1	balansuri|balans|Ncfp-n|1		u r i_0	FALSE
a	a	b	l	balansoar|=|Ncms-n|2	balansoare|balansoar|Ncfp-n|2		e	FALSE
a	a	b	l	balanță|=|Ncfsrn|1	balanțe|balanță|Ncfp-n|1	ă	e	FALSE
a	a	b	l	balaoacheș|=|Ncms-n|2	balaoacheși|balaoacheș|Ncmp-n|2		i_0	FALSE
a	a	b	l	balast|=|Ncms-n|1	balasturi|balast|Ncfp-n|1		u r i_0	FALSE
a	a	b	l	balaur|=|Ncms-n|1	balauri|balaur|Ncmp-n|1		i_0	FALSE
a	a	b	l	balegă|=|Ncfsrn|0	balegi|balegă|Ncfp-n|0	ă	gZ	FALSE
a	a	b	l	baligă|=|Ncfsrn|0	baligi|baligă|Ncfp-n|0	ă	gZ	FALSE
a	a	b	l	balsam|=|Ncms-n|1	balsamuri|balsam|Ncfp-n|1		u r i_0	FALSE
a	a	b	l	balustradă|=|Ncfsrn|2	balustrade|balustradă|Ncfp-n|2	ă	e	FALSE
a	a	b	l	bală|=|Ncfsrn|0	bale|bală|Ncfp-n|0	ă	e	FALSE
a	a	b	m	bambus|=|Ncms-n|0	bambuși|bambus|Ncmp-n|0		i_0	FALSE
a	a	b	n	ban|=|Ncms-n|0	bani|ban|Ncmp-n|0		i_0	FALSE
a	a	b	n	banan|=|Ncms-n|1	banani|banan|Ncmp-n|1		i_0	FALSE
a	a	b	n	banană|=|Ncfsrn|1	banane|banană|Ncfp-n|1	ă	e	FALSE
a	a	b	n	banat|=|Ncms-n|1	banate|banat|Ncfp-n|1		e	FALSE
a	a	b	n	banc|=|Ncms-n|0	bancuri|banc|Ncfp-n|0		u r i_0	FALSE
a	a	b	n	bancomat|=|Ncms-n|2	bancomate|bancomat|Ncfp-n|2		e	FALSE
a	a	b	n	bandaj|=|Ncms-n|1	bandaje|bandaj|Ncfp-n|1		e	FALSE
a	a	b	n	bandă|=|Ncfsrn|0	bande|bandă|Ncfp-n|0	ă	e	FALSE
a	a	b	o	baobab|=|Ncms-n|2	baobabi|baobab|Ncmp-n|2		i_0	FALSE
a	a	b	r	bar|=|Ncms-n|0	bari|bar|Ncmp-n|0		i_0	FALSE
a	a	b	r	bar|=|Ncms-n|0	baruri|bar|Ncfp-n|0		u r i_0	FALSE
a	a	b	r	baraj|=|Ncms-n|1	baraje|baraj|Ncfp-n|1		e	FALSE
a	a	b	r	barbar|=|Ncms-n|1	barbari|barbar|Ncmp-n|1		i_0	FALSE
a	a	b	r	barbară|=|Ncfsrn|1	barbare|barbară|Ncfp-n|1	ă	e	FALSE
a	a	b	r	bardă|=|Ncfsrn|0	barde|bardă|Ncfp-n|0	ă	e	FALSE
a	a	b	r	baricadă|=|Ncfsrn|2	baricade|baricadă|Ncfp-n|2	ă	e	FALSE
a	a	b	r	barman|=|Ncms-n|0	barmani|barman|Ncmp-n|0		i_0	FALSE
a	a	b	r	barosan|=|Ncms-n|2	barosani|barosan|Ncmp-n|2		i_0	FALSE
a	a	b	r	bară|=|Ncfsrn|0	bare|bară|Ncfp-n|0	ă	e	FALSE
a	a	b	s	bas|=|Ncms-n|0	bași|bas|Ncmp-n|0		i_0	FALSE
a	a	b	s	bas|=|Ncms-n|0	basuri|bas|Ncfp-n|0		u r i_0	FALSE
a	a	b	s	basc|=|Afpms-n|0	basci|basc|Ncmp-n|0		tS	FALSE
a	a	b	s	basc|=|Afpms-n|0	bascuri|basc|Ncfp-n|0		u r i_0	FALSE
a	a	b	s	basculantă|=|Ncfsrn|2	basculante|basculantă|Ncfp-n|2	ă	e	FALSE
a	a	b	s	bască|=|Ncfsrn|0	basce|bască|Ncfp-n|0	ă	e	FALSE
a	a	b	s	basm|=|Ncms-n|0	basme|basm|Ncfp-n|0		e	FALSE
a	a	b	s	bastingaj|=|Ncms-n|2	bastingaje|bastingaj|Ncfp-n|2		e	FALSE
a	a	b	t	batav|=|Ncms-n|1	batavi|batav|Ncmp-n|1		i_0	FALSE
a	a	b	t	batere|=|Ncfsrn|0	bateri|batere|Ncfp-n|0	e	i_0	FALSE
a	a	b	w	baubau|=|Ncms-n|1	baubai|baubau|Ncmp-n|1	u	j	FALSE
a	a	b	k	bax|=|Ncms-n|0	baxuri|bax|Ncfp-n|0		u r i_0	FALSE
a	a	b	z	bazalt|=|Ncms-n|1	bazalturi|bazalt|Ncfp-n|1		u r i_0	FALSE
a	a	b	z	bazar|=|Ncms-n|1	bazaruri|bazar|Ncfp-n|1		u r i_0	FALSE
a	a	b	z	bazat|=|Afpms-n|1	bazați|bazat|Ncmp-n|1		i_0	FALSE
a	a	b	z	bază|=|Ncfsrn|0	baze|bază|Ncfp-n|0	ă	e	FALSE
a	a	b	S	baștină|=|Ncfsrn|0	baștine|baștină|Ncfp-n|0	ă	e	FALSE
a	a	e_X	g	bedreag|=|Ncms-n|1	bedreaguri|bedreag|Ncfp-n|1		u r i_0	FALSE
a	a	i	r	beneficiar|=|Ncms-n|4	beneficiari|beneficiar|Ncmp-n|4		i_0	FALSE
a	a	i	r	beneficiară|=|Ncfsrn|4	beneficiare|beneficiară|Ncfp-n|4	ă	e	FALSE
a	a	i	t	beneficiat|=|Ncms-n|4	beneficiați|beneficiat|Ncmp-n|4		i_0	FALSE
a	a	n	r	benzinar|=|Ncms-n|2	benzinari|benzinar|Ncmp-n|2		i_0	FALSE
a	a	r	f	biblioraft|=|Ncms-n|3	bibliorafturi|biblioraft|Ncfp-n|3		u r i_0	FALSE
a	a	k	r	bibliotecar|=|Ncms-n|4	bibliotecari|bibliotecar|Ncmp-n|4		i_0	FALSE
a	a	k	r	bibliotecară|=|Ncfsrn|4	bibliotecare|bibliotecară|Ncfp-n|4	ă	e	FALSE
a	a	f	t	bifat|=|Ncms-n|1	bifați|bifat|Ncmp-n|1		i_0	FALSE
a	a	l	n	bilanț|=|Ncms-n|1	bilanțuri|bilanț|Ncfp-n|1		u r i_0	FALSE
a	a	i	r	biliard|=|Ncms-n|2	biliarde|biliard|Ncfp-n|2		e	FALSE
a	a	f	tS	binefacere|=|Ncfsrn|2	binefaceri|binefacere|Ncfp-n|2	e	i_0	FALSE
a	a	t	t	binemeritat|=|Afpms-n|4	binemeritați|binemeritat|Ncmp-n|4		i_0	FALSE
a	a	r	f	biograf|=|Ncms-n|2	biografi|biograf|Ncmp-n|2		i_0	FALSE
a	a	Z	r	birjar|=|Ncms-n|1	birjari|birjar|Ncmp-n|1		i_0	FALSE
a	a	k	m	biscameră|=|Ncfsrn|1	biscamere|biscameră|Ncfp-n|1	ă	e	FALSE
a	a	t	n	bitang|=|Ncms-n|1	bitangi|bitang|Ncmp-n|1		gZ	FALSE
a	a	ts	r	bișnițar|=|Ncms-n|2	bișnițari|bișnițar|Ncmp-n|2		i_0	FALSE
a	a	l	m	blam|=|Ncms-n|0	blamuri|blam|Ncfp-n|0		u r i_0	FALSE
a	a	l	n	blanc|=|Ncms-n|0	blancuri|blanc|Ncfp-n|0		u r i_0	FALSE
a	a	l	t	blat|=|Ncms-n|0	blaturi|blat|Ncfp-n|0		u r i_0	FALSE
a	a	e_X	h	bleah|=|Ncms-n|0	bleahuri|bleah|Ncfp-n|0		u r i_0	FALSE
a	a	e_X		bleau|=|Ncms-n|0	bleauri|bleau|Ncfp-n|0	u	u r i_0	FALSE
a	a	e_X	v	bleav|=|Ncm--n|0	bleavuri|bleav|Ncfp-n|0		u r i_0	FALSE
a	a	d	t	blindat|=|Ncms-n|1	blindați|blindat|Ncmp-n|1		i_0	FALSE
a	a	k	Z	blocaj|=|Ncms-n|1	blocaje|blocaj|Ncfp-n|1		e	FALSE
a	a	k	t	blocat|=|Ncms-n|1	blocați|blocat|Ncmp-n|1		i_0	FALSE
a	a	t	r	blocstart|=|Ncms-n|1	blocstarturi|blocstart|Ncfp-n|1		u r i_0	FALSE
a	a	o_X	b	boabă|=|Ncfsrn|0	boabe|boabă|Ncfp-n|0	ă	e	FALSE
a	a	o_X	k	boacănă|=|Ncfsrn|0	boacăne|boacănă|Ncfp-n|0	ă	e	FALSE
a	a	o_X	l	boaltă|=|Ncfsrn|0	boalte|boaltă|Ncfp-n|0	ă	e	FALSE
a	a	o_X	l	boală|=|Ncfsrn|0	boale|boală|Ncfp-n|0	ă	e	FALSE
a	a	o_X	m	boambă|=|Ncfsrn|0	boambe|boambă|Ncfp-n|0	ă	e	FALSE
a	a	o_X	r	boarfă|=|Ncfsrn|0	boarfe|boarfă|Ncfp-n|0	ă	e	FALSE
a	a	b	i	bobaică|=|Ncfsrn|1	bobaice|bobaică|Ncfp-n|1	ă	e	FALSE
a	a	k	n	bocanc|=|Ncms-n|1	bocanci|bocanc|Ncmp-n|1		tS	FALSE
a	a	g	t	bogat|=|Afpms-n|1	bogați|bogat|Ncmp-n|1		i_0	FALSE
a	a	g	t	bogată|=|Ncfsrn|1	bogate|bogată|Ncfp-n|1	ă	e	FALSE
a	a	d	n	bogdan|=|Ncms-n|1	bogdani|bogdan|Ncmp-n|1		i_0	FALSE
a	a	l	r	boglar|=|Ncms-n|1	boglari|boglar|Ncmp-n|1		i_0	FALSE
a	a	n	v	bolnav|=|Ncms-n|1	bolnavi|bolnav|Ncmp-n|1		i_0	FALSE
a	a	n	v	bolnavă|=|Ncfsrn|1	bolnave|bolnavă|Ncfp-n|1	ă	e	FALSE
a	a	v	n	bolovan|=|Ncms-n|2	bolovani|bolovan|Ncmp-n|2		i_0	FALSE
a	a	ts	r	bolțar|=|Ncms-n|1	bolțare|bolțar|Ncfp-n|1		e	FALSE
a	a	ts	r	bolțar|=|Ncms-n|1	bolțari|bolțar|Ncmp-n|1		i_0	FALSE
a	a	b	r	bombardat|=|Ncms-n|2	bombardați|bombardat|Ncmp-n|2		i_0	FALSE
a	a	o_X	n	bomboană|=|Ncfsrn|1	bomboane|bomboană|Ncfp-n|1	ă	e	FALSE
a	a	k	ts	bonificație|=|Ncfsrn|3	bonificații|bonificație|Ncfp-n|3	e	j	FALSE
a	a	k	n	borcan|=|Ncms-n|1	borcane|borcan|Ncfp-n|1		e	FALSE
a	a	d	Z	bordaj|=|Ncms-n|1	bordaje|bordaj|Ncfp-n|1		e	FALSE
a	a	f	S	borfaș|=|Ncms-n|1	borfași|borfaș|Ncmp-n|1		i_0	FALSE
a	a	o_X	ts	boroboață|=|Ncfsrn|2	boroboațe|boroboață|Ncfp-n|2	ă	e	FALSE
a	a	t	r	boschetar|=|Ncms-n|2	boschetari|boschetar|Ncmp-n|2		i_0	FALSE
a	a	o_X	n	boscoană|=|Ncfsrn|1	boscoane|boscoană|Ncfp-n|1	ă	e	FALSE
a	a	z	t	botezat|=|Afpms-n|2	botezați|botezat|Ncmp-n|2		i_0	FALSE
a	a	z	t	botezată|=|Ncfsrn|2	botezate|botezată|Ncfp-n|2	ă	e	FALSE
a	a	r	k	braconaj|=|Ncms-n|2	braconaje|braconaj|Ncfp-n|2		e	FALSE
a	a	r	d	brad|=|Ncms-n|0	brazi|brad|Ncmp-n|0		i_0	FALSE
a	a	r	n	brand|=|Ncms-n|0	branduri|brand|Ncfp-n|0		u r i_0	FALSE
a	a	r	n	branșă|=|Ncfsrn|0	branșe|branșă|Ncfp-n|0	ă	e	FALSE
a	a	r	n	branț|=|Ncms-n|0	branțuri|branț|Ncfp-n|0		u r i_0	FALSE
a	a	r	ts	braț|=|Ncms-n|0	brațe|braț|Ncfp-n|0		e	FALSE
a	a	l	S	breslaș|=|Ncms-n|1	breslași|breslaș|Ncmp-n|1		i_0	FALSE
a	a	k	b	bricabrac|=|Ncms-n|2	bricabracuri|bricabrac|Ncfp-n|2		u r i_0	FALSE
a	a	g	n	brigand|=|Ncms-n|1	briganzi|brigand|Ncmp-n|1		i_0	FALSE
a	a	i	n	briliant|=|Ncms-n|2	briliante|briliant|Ncfp-n|2		e	FALSE
a	a	t	n	britanic|=|Afpms-n|1	britanici|britanic|Ncmp-n|1		tS	FALSE
a	a	t	n	britanică|=|Ncfsrn|1	britanice|britanică|Ncfp-n|1	ă	e	FALSE
a	a	o_X	Z	broajbă|=|Ncfsrn|0	broajbe|broajbă|Ncfp-n|0	ă	e	FALSE
a	a	o_X	s	broască|=|Ncfsrn|0	broaște|broască|Ncfp-n|0	ă	e	FALSE
a	a	o_X	d	broboadă|=|Ncfsrn|1	broboade|broboadă|Ncfp-n|1	ă	e	FALSE
a	a	k	r	brocart|=|Ncms-n|1	brocarturi|brocart|Ncfp-n|1		u r i_0	FALSE
a	a	r	Z	brokeraj|=|Ncms-n|2	brokeraje|brokeraj|Ncfp-n|2		e	FALSE
a	a	k	t	bruscat|=|Afpms-n|1	bruscați|bruscat|Ncmp-n|1		i_0	FALSE
a	a	k	t	bucată|=|Ncfsrn|1	bucate|bucată|Ncfp-n|1	ă	e	FALSE
a	a	r	t	bucurat|=|Ncms-n|2	bucurați|bucurat|Ncmp-n|2		i_0	FALSE
a	a	t	r	bucătar|=|Ncms-n|2	bucătari|bucătar|Ncmp-n|2		i_0	FALSE
a	a	v	r	bulevard|=|Ncms-n|2	bulevarde|bulevard|Ncfp-n|2		e	FALSE
a	a	g	r	bulgar|=|Ncms-n|1	bulgari|bulgar|Ncmp-n|1		i_0	FALSE
a	a	g	r	bulgară|=|Ncfsrn|1	bulgare|bulgară|Ncfp-n|1	ă	e	FALSE
a	a	o_X	j	bulgăroaică|=|Ncfsrn|2	bulgăroaice|bulgăroaică|Ncfp-n|2	ă	e	FALSE
a	a	h	k	bulhac|=|Ncms-n|1	bulhace|bulhac|Ncfp-n|1		e	FALSE
a	a	b	S	bulibașă|=|Ncms-n|2	bulibași|bulibașă|Ncmp-n|2	ă	i_0	FALSE
a	a	m	k	bulumac|=|Ncms-n|2	bulumaci|bulumac|Ncmp-n|2		tS	FALSE
a	a	s	t	bulversat|=|Afpms-n|2	bulversați|bulversat|Ncmp-n|2		i_0	FALSE
a	a	b	k	bumbac|=|Ncms-n|1	bumbaci|bumbac|Ncmp-n|1		tS	FALSE
a	a	b	k	bumbac|=|Ncms-n|1	bumbacuri|bumbac|Ncfp-n|1		u r i_0	FALSE
a	a	r	n	bumerang|=|Ncms-n|2	bumeranguri|bumerang|Ncfp-n|2		u r i_0	FALSE
a	a	r	v	burgrav|=|Ncms-n|1	burgravi|burgrav|Ncmp-n|1		i_0	FALSE
a	a	l	k	burlac|=|Ncms-n|1	burlaci|burlac|Ncmp-n|1		tS	FALSE
a	a	l	n	burlan|=|Ncms-n|1	burlane|burlan|Ncfp-n|1		e	FALSE
a	a	l	d	busculadă|=|Ncfsrn|2	busculade|busculadă|Ncfp-n|2	ă	e	FALSE
a	a	j	S	butoiaș|=|Ncms-n|2	butoiașe|butoiaș|Ncfp-n|2		e	FALSE
a	a	n	r	buzunar|=|Ncms-n|2	buzunare|buzunar|Ncfp-n|2		e	FALSE
a	a	h	n	buștihan|=|Ncms-n|2	buștihani|buștihan|Ncmp-n|2		i_0	FALSE
a	a	l	n	bâtlan|=|Ncms-n|1	bâtlani|bâtlan|Ncmp-n|1		i_0	FALSE
a	a	g	n	bâzdâganie|=|Ncfsrn|2	bâzdâganii|bâzdâganie|Ncfp-n|2	e	j	FALSE
a	a	w	n	băcăuan|=|Afpms-n|2	băcăuani|băcăuan|Ncmp-n|2		i_0	FALSE
a	a	w	n	băcăuancă|=|Ncfsrn|2	băcăuance|băcăuancă|Ncfp-n|2	ă	e	FALSE
a	a	w	n	băcăuană|=|Ncfsrn|2	băcăuane|băcăuană|Ncfp-n|2	ă	e	FALSE
a	a	g	t	băgat|=|Ncms-n|1	băgați|băgat|Ncmp-n|1		i_0	FALSE
a	a	t	n	băietan|=|Ncms-n|2	băietani|băietan|Ncmp-n|2		i_0	FALSE
a	a	g	r	bălegar|=|Ncms-n|2	bălegare|bălegar|Ncfp-n|2		e	FALSE
a	a	g	r	bălegar|=|Ncms-n|2	bălegari|bălegar|Ncmp-n|2		i_0	FALSE
a	a	g	r	băligar|=|Ncms-n|2	băligare|băligar|Ncfp-n|2		e	FALSE
a	a	g	r	băligar|=|Ncms-n|2	băligari|băligar|Ncmp-n|2		i_0	FALSE
a	a	o_X	r	bănicioară|=|Ncfsrn|2	bănicioare|bănicioară|Ncfp-n|2	ă	e	FALSE
a	a	b	t	bărbat|=|Ncms-n|1	bărbați|bărbat|Ncmp-n|1		i_0	FALSE
a	a	k	b	cabală|=|Ncfsrn|1	cabale|cabală|Ncfp-n|1	ă	e	FALSE
a	a	k	b	cabană|=|Ncfsrn|1	cabane|cabană|Ncfp-n|1	ă	e	FALSE
a	a	k	b	cabaz|=|Ncms-n|1	cabazi|cabaz|Ncmp-n|1		i_0	FALSE
a	a	k	b	cablu|=|Ncms-n|0	cabluri|cablu|Ncfp-n|0	u	u r i_0	FALSE
a	a	k	b	cabotaj|=|Ncms-n|2	cabotaje|cabotaj|Ncfp-n|2		e	FALSE
a	a	k	k	cactus|=|Ncms-n|0	cactuși|cactus|Ncmp-n|0		i_0	FALSE
a	a	k	d	cadastru|=|Ncms-n|1	cadastre|cadastru|Ncfp-n|1	u	e	FALSE
a	a	k	d	cadavru|=|Ncms-n|1	cadavre|cadavru|Ncfp-n|1	u	e	FALSE
a	a	k	d	cadran|=|Ncms-n|1	cadrane|cadran|Ncfp-n|1		e	FALSE
a	a	k	d	cadru|=|Ncms-n|0	cadre|cadru|Ncfp-n|0	u	e	FALSE
a	a	k	d	cadră|=|Ncfsrn|0	cadre|cadră|Ncfp-n|0	ă	e	FALSE
a	a	k	f	cafru|=|Ncms-n|0	cafri|cafru|Ncmp-n|0	u	i	FALSE
a	a	k	h	cahlă|=|Ncfsrn|0	cahle|cahlă|Ncfp-n|0	ă	e	FALSE
a	a	k	j	caimacam|=|Ncms-n|2	caimacami|caimacam|Ncmp-n|2		i_0	FALSE
a	a	k	l	cal|=|Ncms-n|0	cai|cal|Ncmp-n|0		j	FALSE
a	a	k	l	calafat|=|Ncms-n|2	calafaturi|calafat|Ncfp-n|2		u r i_0	FALSE
a	a	k	l	calc|=|Ncms-n|0	calcuri|calc|Ncfp-n|0		u r i_0	FALSE
a	a	k	l	calcar|=|Ncms-n|0	calcare|calcar|Ncfp-n|0		e	FALSE
a	a	k	l	calcul|=|Ncms-n|0	calcule|calcul|Ncfp-n|0		e	FALSE
a	a	k	l	calcul|=|Ncms-n|0	calculi|calcul|Ncmp-n|0		i_0	FALSE
a	a	k	l	calendar|=|Ncms-n|2	calendare|calendar|Ncfp-n|2		e	FALSE
a	a	k	l	calfă|=|Ncfsrn|0	calfe|calfă|Ncfp-n|0	ă	e	FALSE
a	a	k	l	calibraj|=|Ncms-n|2	calibraje|calibraj|Ncfp-n|2		e	FALSE
a	a	k	l	califat|=|Ncms-n|2	califate|califat|Ncfp-n|2		e	FALSE
a	a	k	l	calm|=|Afpms-n|0	calmuri|calm|Ncfp-n|0		u r i_0	FALSE
a	a	k	l	calmant|=|Ncms-n|1	calmante|calmant|Ncfp-n|1		e	FALSE
a	a	k	l	calvar|=|Ncms-n|1	calvaruri|calvar|Ncfp-n|1		u r i_0	FALSE
a	a	k	l	cală|=|Ncfsrn|0	cale|cală|Ncfp-n|0	ă	e	FALSE
a	a	k	m	camarad|=|Ncms-n|2	camarazi|camarad|Ncmp-n|2		i_0	FALSE
a	a	k	m	cameraman|=|Ncms-n|3	cameramani|cameraman|Ncmp-n|3		i_0	FALSE
a	a	k	m	cameră|=|Ncfsrn|0	camere|cameră|Ncfp-n|0	ă	e	FALSE
a	a	k	m	camilafcă|=|Ncfsrn|2	camilafce|camilafcă|Ncfp-n|2	ă	e	FALSE
a	a	k	m	campanie|=|Ncfsrn|1	campanii|campanie|Ncfp-n|1	e	j	FALSE
a	a	k	m	campioană|=|Ncfsrn|2	campioane|campioană|Ncfp-n|2	ă	e	FALSE
a	a	k	m	campionat|=|Ncms-n|3	campionate|campionat|Ncfp-n|3		e	FALSE
a	a	k	m	campus|=|Ncms-n|0	campusuri|campus|Ncfp-n|0		u r i_0	FALSE
a	a	k	m	camuflaj|=|Ncms-n|2	camuflaje|camuflaj|Ncfp-n|2		e	FALSE
a	a	k	m	camătă|=|Ncfsrn|0	camăte|camătă|Ncfp-n|0	ă	e	FALSE
a	a	k	m	camătă|=|Ncfsrn|0	camete|camătă|Ncfp-n|0	ă	e	FALSE
a	a	k	n	canal|=|Ncms-n|1	canale|canal|Ncfp-n|1		e	FALSE
a	a	k	n	canal|=|Ncms-n|1	canaluri|canal|Ncfp-n|1		u r i_0	FALSE
a	a	k	n	canastă|=|Ncfsrn|1	canaste|canastă|Ncfp-n|1	ă	e	FALSE
a	a	k	n	cancan|=|Ncms-n|1	cancanuri|cancan|Ncfp-n|1		u r i_0	FALSE
a	a	k	n	cancelar|=|Ncms-n|2	cancelari|cancelar|Ncmp-n|2		i_0	FALSE
a	a	k	n	cancelarie|=|Ncfsrn|2	cancelarii|cancelarie|Ncfp-n|2	e	j	FALSE
a	a	k	n	cancer|=|Ncms-n|0	cancere|cancer|Ncfp-n|0		e	FALSE
a	a	k	n	canceroasă|=|Ncfsrn|2	canceroase|canceroasă|Ncfp-n|2	ă	e	FALSE
a	a	k	n	candelabru|=|Ncms-n|2	candelabre|candelabru|Ncfp-n|2	u	e	FALSE
a	a	k	n	candelă|=|Ncfsrn|0	candele|candelă|Ncfp-n|0	ă	e	FALSE
a	a	k	n	candidat|=|Afpms-n|2	candidați|candidat|Ncmp-n|2		i_0	FALSE
a	a	k	n	candidată|=|Ncfsrn|2	candidate|candidată|Ncfp-n|2	ă	e	FALSE
a	a	k	n	cangur|=|Ncms-n|0	canguri|cangur|Ncmp-n|0		i_0	FALSE
a	a	k	n	canonarh|=|Ncms-n|2	canonarhi|canonarh|Ncmp-n|2		i_0	FALSE
a	a	k	n	canotaj|=|Ncms-n|2	canotaje|canotaj|Ncfp-n|2		e	FALSE
a	a	k	n	cană|=|Ncfsrn|0	cane|cană|Ncfp-n|0	ă	e	FALSE
a	a	k	p	cap|=|Ncms-n|0	capete|cap|Ncfp-n|0		e t e	FALSE
a	a	k	p	cap|=|Ncms-n|0	capi|cap|Ncmp-n|0		i_0	FALSE
a	a	k	p	cap|=|Ncms-n|0	capuri|cap|Ncfp-n|0		u r i_0	FALSE
a	a	k	p	capac|=|Ncms-n|1	capace|capac|Ncfp-n|1		e	FALSE
a	a	k	p	capcană|=|Ncfsrn|1	capcane|capcană|Ncfp-n|1	ă	e	FALSE
a	a	k	p	capie|=|Ncfsrn|0	capii|capie|Ncfp-n|0	e	j	FALSE
a	a	k	p	capilar|=|Afpms-n|2	capilare|capilar|Ncfp-n|2		e	FALSE
a	a	k	p	capital|=|Afpms-n|2	capitaluri|capital|Ncfp-n|2		u r i_0	FALSE
a	a	k	p	capitală|=|Ncfsrn|2	capitale|capitală|Ncfp-n|2	ă	e	FALSE
a	a	k	p	capitălaș|=|Ncms-n|3	capitălașe|capitălaș|Ncfp-n|3		e	FALSE
a	a	k	p	capiște|=|Ncfsrn|0	capiști|capiște|Ncfp-n|0	e	i_0	FALSE
a	a	k	p	caporal|=|Ncms-n|2	caporali|caporal|Ncmp-n|2		i_0	FALSE
a	a	k	p	capră|=|Ncfsrn|0	capre|capră|Ncfp-n|0	ă	e	FALSE
a	a	k	p	capă|=|Ncfsrn|0	cape|capă|Ncfp-n|0	ă	e	FALSE
a	a	k	p	capăt|=|Ncms-n|0	capete|capăt|Ncfp-n|0		e	FALSE
a	a	k	r	car|=|Ncms-n|0	care|car|Ncfp-n|0		e	FALSE
a	a	k	r	car|=|Ncms-n|0	cari|car|Ncmp-n|0		i_0	FALSE
a	a	k	r	car|=|Ncms-n|0	caruri|car|Ncfp-n|0		u r i_0	FALSE
a	a	k	r	caracatiță|=|Ncfsrn|2	caracatițe|caracatiță|Ncfp-n|2	ă	e	FALSE
a	a	k	r	carafă|=|Ncfsrn|1	carafe|carafă|Ncfp-n|1	ă	e	FALSE
a	a	k	r	caraghioasă|=|Ncfsrn|2	caraghioase|caraghioasă|Ncfp-n|2	ă	e	FALSE
a	a	k	r	caras|=|Ncms-n|1	carași|caras|Ncmp-n|1		i_0	FALSE
a	a	k	r	caravană|=|Ncfsrn|2	caravane|caravană|Ncfp-n|2	ă	e	FALSE
a	a	k	r	carburant|=|Ncms-n|2	carburanți|carburant|Ncmp-n|2		i_0	FALSE
a	a	k	r	carcasă|=|Ncfsrn|1	carcase|carcasă|Ncfp-n|1	ă	e	FALSE
a	a	k	r	card|=|Ncms-n|0	carduri|card|Ncfp-n|0		u r i_0	FALSE
a	a	k	r	cardiacă|=|Ncfsrn|2	cardiace|cardiacă|Ncfp-n|2	ă	e	FALSE
a	a	k	r	cardinal|=|Ncms-n|2	cardinali|cardinal|Ncmp-n|2		i_0	FALSE
a	a	k	r	cardiospasm|=|Ncms-n|3	cardiospasme|cardiospasm|Ncfp-n|3		e	FALSE
a	a	k	r	carie|=|Ncfsrn|0	carii|carie|Ncfp-n|0	e	j	FALSE
a	a	k	r	carnaval|=|Ncms-n|2	carnavaluri|carnaval|Ncfp-n|2		u r i_0	FALSE
a	a	k	r	carpocapsă|=|Ncfsrn|2	carpocapse|carpocapsă|Ncfp-n|2	ă	e	FALSE
a	a	k	r	carter|=|Ncms-n|0	cartere|carter|Ncfp-n|0		e	FALSE
a	a	k	r	cartilaj|=|Ncms-n|2	cartilaje|cartilaj|Ncfp-n|2		e	FALSE
a	a	k	r	cartnic|=|Ncms-n|0	cartnici|cartnic|Ncmp-n|0		tS	FALSE
a	a	k	r	cartonaș|=|Ncms-n|2	cartonașe|cartonaș|Ncfp-n|2		e	FALSE
a	a	k	s	casap|=|Ncms-n|1	casapi|casap|Ncmp-n|1		i_0	FALSE
a	a	k	s	casată|=|Ncfsrn|1	casate|casată|Ncfp-n|1	ă	e	FALSE
a	a	k	s	casație|=|Ncfsrn|1	casații|casație|Ncfp-n|1	e	j	FALSE
a	a	k	s	cascadă|=|Ncfsrn|1	cascade|cascadă|Ncfp-n|1	ă	e	FALSE
a	a	k	s	casnică|=|Ncfsrn|0	casnice|casnică|Ncfp-n|0	ă	e	FALSE
a	a	k	s	castană|=|Ncfsrn|1	castane|castană|Ncfp-n|1	ă	e	FALSE
a	a	k	s	castor|=|Ncms-n|0	castori|castor|Ncmp-n|0		i_0	FALSE
a	a	k	s	castru|=|Ncms-n|0	castre|castru|Ncfp-n|0	u	e	FALSE
a	a	k	s	castă|=|Ncfsrn|0	caste|castă|Ncfp-n|0	ă	e	FALSE
a	a	k	s	casă|=|Ncfsrn|0	case|casă|Ncfp-n|0	ă	e	FALSE
a	a	k	t	cat|=|Ncms-n|0	caturi|cat|Ncfp-n|0		u r i_0	FALSE
a	a	k	t	catafalc|=|Ncms-n|2	catafalcuri|catafalc|Ncfp-n|2		u r i_0	FALSE
a	a	k	t	catahris|=|Ncms-n|1	catahrisuri|catahris|Ncfp-n|1		u r i_0	FALSE
a	a	k	t	cataif|=|Ncms-n|1	cataifuri|cataif|Ncfp-n|1		u r i_0	FALSE
a	a	k	t	catalan|=|Ncms-n|2	catalani|catalan|Ncmp-n|2		i_0	FALSE
a	a	k	t	catalană|=|Ncfsrn|2	catalane|catalană|Ncfp-n|2	ă	e	FALSE
a	a	k	t	cataractă|=|Ncfsrn|2	cataracte|cataractă|Ncfp-n|2	ă	e	FALSE
a	a	k	t	cataramă|=|Ncfsrn|2	catarame|cataramă|Ncfp-n|2	ă	e	FALSE
a	a	k	t	catarg|=|Ncms-n|1	catarge|catarg|Ncfp-n|1		e	FALSE
a	a	k	t	catedrală|=|Ncfsrn|2	catedrale|catedrală|Ncfp-n|2	ă	e	FALSE
a	a	k	t	catgut|=|Ncm--n|0	catguturi|catgut|Ncfp-n|0		u r i_0	FALSE
a	a	k	u	cauză|=|Ncfsrn|0	cauze|cauză|Ncfp-n|0	ă	e	FALSE
a	a	k	v	cavaf|=|Ncms-n|1	cavafi|cavaf|Ncmp-n|1		i_0	FALSE
a	a	k	z	caz|=|Ncms-n|0	cazuri|caz|Ncfp-n|0		u r i_0	FALSE
a	a	k	z	cazac|=|Ncms-n|1	cazaci|cazac|Ncmp-n|1		tS	FALSE
a	a	k	z	cazan|=|Ncms-n|1	cazane|cazan|Ncfp-n|1		e	FALSE
a	a	k	z	cazemată|=|Ncfsrn|2	cazemate|cazemată|Ncfp-n|2	ă	e	FALSE
a	a	k	z	caznă|=|Ncfsrn|0	cazne|caznă|Ncfp-n|0	ă	e	FALSE
a	a	k	S	cașcaval|=|Ncms-n|2	cașcavaluri|cașcaval|Ncfp-n|2		u r i_0	FALSE
a	a	tS		ceai|=|Ncms-n|0	ceaiuri|ceai|Ncfp-n|0	i	j u r i_0	FALSE
a	a	tS	p	ceapcân|=|Ncms-n|0	ceapcâni|ceapcân|Ncmp-n|0		i_0	FALSE
a	a	tS	p	ceapcă|=|Ncfsrn|0	ceapce|ceapcă|Ncfp-n|0	ă	e	FALSE
a	a	tS	r	cearceaf|=|Ncms-n|1	cearceafuri|cearceaf|Ncfp-n|1		u r i_0	FALSE
a	a	tS	r	ceardac|=|Ncms-n|1	ceardace|ceardac|Ncfp-n|1		e	FALSE
a	a	tS	r	ceardac|=|Ncms-n|1	ceardacuri|ceardac|Ncfp-n|1		u r i_0	FALSE
a	a	tS	r	ceardaș|=|Ncms-n|0	ceardașuri|ceardaș|Ncfp-n|0		u r i_0	FALSE
a	a	tS	r	cearșaf|=|Ncms-n|1	cearșafuri|cearșaf|Ncfp-n|1		u r i_0	FALSE
a	a	tS	s	ceas|=|Ncms-n|0	ceasuri|ceas|Ncfp-n|0		u r i_0	FALSE
a	a	tS	S	ceașnic|=|Ncms-n|0	ceașnici|ceașnic|Ncmp-n|0		tS	FALSE
a	a	o_X	j	cehoaică|=|Ncfsrn|1	cehoaice|cehoaică|Ncfp-n|1	ă	e	FALSE
a	a	v	k	cehoslovac|=|Afpms-n|3	cehoslovaci|cehoslovac|Ncmp-n|3		tS	FALSE
a	a	l	r	celular|=|Ncms-n|2	celulare|celular|Ncfp-n|2		e	FALSE
a	a	n	k	cenaclu|=|Ncms-n|1	cenacle|cenaclu|Ncfp-n|1	u	e	FALSE
a	a	n	k	cenaclu|=|Ncms-n|1	cenacluri|cenaclu|Ncfp-n|1	u	u r i_0	FALSE
a	a	n	r	centenar|=|Ncms-n|2	centenare|centenar|Ncfp-n|2		e	FALSE
a	a	r	l	centrală|=|Ncfsrn|1	centrale|centrală|Ncfp-n|1	ă	e	FALSE
a	a	r	m	ceramică|=|Ncfsrn|1	ceramici|ceramică|Ncfp-n|1	ă	tS	FALSE
a	a	t	S	cercetaș|=|Ncms-n|2	cercetași|cercetaș|Ncmp-n|2		i_0	FALSE
a	a	d	k	cerdac|=|Ncms-n|1	cerdace|cerdac|Ncfp-n|1		e	FALSE
a	a	d	k	cerdac|=|Ncms-n|1	cerdacuri|cerdac|Ncfp-n|1		u r i_0	FALSE
a	a	e	l	cereală|=|Ncfsrn|2	cereale|cereală|Ncfp-n|2	ă	e	FALSE
a	a	i	l	ceremonial|=|Ncms-n|4	ceremoniale|ceremonial|Ncfp-n|4		e	FALSE
a	a	i	l	ceremonial|=|Ncms-n|4	ceremonialuri|ceremonial|Ncfp-n|4		u r i_0	FALSE
a	a	k	t	certificat|=|Ncms-n|3	certificate|certificat|Ncfp-n|3		e	FALSE
a	a	z	r	cezar|=|Ncms-n|1	cezari|cezar|Ncmp-n|1		i_0	FALSE
a	a	z	r	cezariană|=|Ncfsrn|3	cezariane|cezariană|Ncfp-n|3	ă	e	FALSE
a	a	tS	r	charter|=|Ncms-n|0	chartere|charter|Ncfp-n|0		e	FALSE
a	a	k_j	g	cheag|=|Ncms-n|0	cheaguri|cheag|Ncfp-n|0		u r i_0	FALSE
a	a	r	t	chelicerată|=|Ncfsrn|3	chelicerate|chelicerată|Ncfp-n|3	ă	e	FALSE
a	a	n	f	chenaf|=|Ncms-n|1	chenafi|chenaf|Ncmp-n|1		i_0	FALSE
a	a	e_X	g	chepeneag|=|Ncms-n|2	chepeneaguri|chepeneag|Ncfp-n|2		u r i_0	FALSE
a	a	n	r	chestionar|=|Ncms-n|3	chestionare|chestionar|Ncfp-n|3		e	FALSE
a	a	o_X	j	chinezoaică|=|Ncfsrn|2	chinezoaice|chinezoaică|Ncfp-n|2	ă	e	FALSE
a	a	o_X	r	chioară|=|Ncfsrn|0	chioare|chioară|Ncfp-n|0	ă	e	FALSE
a	a	k	r	chioșcar|=|Ncms-n|1	chioșcari|chioșcar|Ncmp-n|1		i_0	FALSE
a	a	i	S	chiriaș|=|Ncms-n|2	chiriași|chiriaș|Ncmp-n|2		i_0	FALSE
a	a	t	n	chitanță|=|Ncfsrn|1	chitanțe|chitanță|Ncfp-n|1	ă	e	FALSE
a	a	t	r	chitară|=|Ncfsrn|1	chitare|chitară|Ncfp-n|1	ă	e	FALSE
a	a	n	g	chitonag|=|Ncms-n|2	chitonage|chitonag|Ncfp-n|2		e	FALSE
a	a	h	n	chiulhan|=|Ncms-n|1	chiulhanuri|chiulhan|Ncfp-n|1		u r i_0	FALSE
a	a	o_X	k	chiștoacă|=|Ncfsrn|1	chiștoace|chiștoacă|Ncfp-n|1	ă	e	FALSE
a	a	k	n	chițcan|=|Ncms-n|1	chițcani|chițcan|Ncmp-n|1		i_0	FALSE
a	a	l	n	ciclan|=|Ncms-n|1	ciclani|ciclan|Ncmp-n|1		i_0	FALSE
a	a	e	s	cineast|=|Ncms-n|2	cineaști|cineast|Ncmp-n|2		i_0	FALSE
a	a	n	k	cinecenaclu|=|Ncms-n|3	cinecenacluri|cinecenaclu|Ncfp-n|3	u	u r i_0	FALSE
a	a	m	t	cinematograf|=|Ncms-n|4	cinematografe|cinematograf|Ncfp-n|4		e	FALSE
a	a	o_X	k	cioacă|=|Ncfsrn|0	cioace|cioacă|Ncfp-n|0	ă	e	FALSE
a	a	o_X	n	cioancă|=|Ncfsrn|0	cioance|cioancă|Ncfp-n|0	ă	e	FALSE
a	a	o_X	r	cioarsă|=|Ncfsrn|0	cioarse|cioarsă|Ncfp-n|0	ă	e	FALSE
a	a	o_X	t	cioatcă|=|Ncfsrn|0	cioatce|cioatcă|Ncfp-n|0	ă	e	FALSE
a	a	b	n	cioban|=|Ncms-n|1	ciobani|cioban|Ncmp-n|1		i_0	FALSE
a	a	k	n	ciocan|=|Ncms-n|1	ciocane|ciocan|Ncfp-n|1		e	FALSE
a	a	k	n	ciocan|=|Ncms-n|1	ciocani|ciocan|Ncmp-n|1		i_0	FALSE
a	a	o_X	i	ciocoaică|=|Ncfsrn|1	ciocoaice|ciocoaică|Ncfp-n|1	ă	e	FALSE
a	a	l	t	ciocolată|=|Ncfsrn|2	ciocolate|ciocolată|Ncfp-n|2	ă	e	FALSE
a	a	l	n	ciolan|=|Ncms-n|1	ciolane|ciolan|Ncfp-n|1		e	FALSE
a	a	p	n	ciolpan|=|Ncms-n|1	ciolpani|ciolpan|Ncmp-n|1		i_0	FALSE
a	a	r	p	ciorap|=|Ncms-n|1	ciorapi|ciorap|Ncmp-n|1		i_0	FALSE
a	a	j	g	ciormoiag|=|Ncms-n|2	ciormoiagi|ciormoiag|Ncmp-n|2		gZ	FALSE
a	a	r	k	cirac|=|Ncms-n|1	ciraci|cirac|Ncmp-n|1		tS	FALSE
a	a	k	r	circar|=|Ncms-n|1	circari|circar|Ncmp-n|1		i_0	FALSE
a	a	l	r	circulară|=|Ncfsrn|2	circulare|circulară|Ncfp-n|2	ă	e	FALSE
a	a	l	ts	circulație|=|Ncfsrn|2	circulații|circulație|Ncfp-n|2	e	j	FALSE
a	a	t	n	circumstanță|=|Ncfsrn|2	circumstanțe|circumstanță|Ncfp-n|2	ă	e	FALSE
a	a	t	r	citarea|=|Ncfsrn|1	citarele|citarea|Ncfp-n|2	a	l e	TRUE
a	a	t	t	citat|=|Ncms-n|1	citate|citat|Ncfp-n|1		e	FALSE
a	a	t	ts	citație|=|Ncfsrn|1	citații|citație|Ncfp-n|1	e	j	FALSE
a	a	m	t	ciumată|=|Ncfsrn|1	ciumate|ciumată|Ncfp-n|1	ă	e	FALSE
a	a	p	l	ciumpalac|=|Ncms-n|2	ciumpalaci|ciumpalac|Ncmp-n|2		tS	FALSE
a	a	d	r	ciurdar|=|Ncms-n|1	ciurdari|ciurdar|Ncmp-n|1		i_0	FALSE
a	a	z	ts	civilizație|=|Ncfsrn|3	civilizații|civilizație|Ncfp-n|3	e	j	FALSE
a	a	m	r	cizmar|=|Ncms-n|1	cizmari|cizmar|Ncmp-n|1		i_0	FALSE
a	a	l	k	clac|=|Ncms-n|0	clacuri|clac|Ncfp-n|0		u r i_0	FALSE
a	a	l	n	clan|=|Ncms-n|0	clanuri|clan|Ncfp-n|0		u r i_0	FALSE
a	a	l	n	clancăt|=|Ncms-n|0	clancăte|clancăt|Ncfp-n|0		e	FALSE
a	a	l	n	clanț|=|Ncms-n|0	clanțuri|clanț|Ncfp-n|0		u r i_0	FALSE
a	a	l	n	clanță|=|Ncfsrn|0	clanțe|clanță|Ncfp-n|0	ă	e	FALSE
a	a	l	p	clapcă|=|Ncfsrn|0	clapce|clapcă|Ncfp-n|0	ă	e	FALSE
a	a	l	s	clastocarst|=|Ncms-n|2	clastocarsturi|clastocarst|Ncfp-n|2		u r i_0	FALSE
a	a	l	s	clasă|=|Ncfsrn|0	clase|clasă|Ncfp-n|0	ă	e	FALSE
a	a	l	u	clauză|=|Ncfsrn|0	clauze|clauză|Ncfp-n|0	ă	e	FALSE
a	a	l	v	clavicimbal|=|Ncms-n|3	clavicimbaluri|clavicimbal|Ncfp-n|3		u r i_0	FALSE
a	a	l	v	clavus|=|Ncms-n|0	clavusuri|clavus|Ncfp-n|0		u r i_0	FALSE
a	a	m	t	climat|=|Ncms-n|1	climaturi|climat|Ncfp-n|2		u r i_0	TRUE
a	a	v	Z	clivaj|=|Ncms-n|1	clivaje|clivaj|Ncfp-n|1		e	FALSE
a	a	o_X	m	cloambă|=|Ncfsrn|0	cloambe|cloambă|Ncfp-n|0	ă	e	FALSE
a	a	o_X	n	cloanță|=|Ncfsrn|0	cloanțe|cloanță|Ncfp-n|0	ă	e	FALSE
a	a	p	r	clăpar|=|Ncms-n|1	clăpari|clăpar|Ncmp-n|1		i_0	FALSE
a	a	z	t	cnezat|=|Ncms-n|1	cnezate|cnezat|Ncfp-n|1		e	FALSE
a	a	l	s	cnidoblast|=|Ncms-n|2	cnidoblaste|cnidoblast|Ncfp-n|2		e	FALSE
a	a	o_X	tS	coacere|=|Ncfsrn|0	coaceri|coacere|Ncfp-n|0	e	i_0	FALSE
a	a	o_X	k	coacăz|=|Ncms-n|0	coacăzi|coacăz|Ncmp-n|0		i_0	FALSE
a	a	o_X	k	coacăză|=|Ncfsrn|0	coacăze|coacăză|Ncfp-n|0	ă	e	FALSE
a	a	o_X	d	coadă|=|Ncfsrn|0	coade|coadă|Ncfp-n|0	ă	e	FALSE
a	a	o	g	coagul|=|Ncms-n|1	coaguli|coagul|Ncmp-n|1		i_0	FALSE
a	a	o_X	l	coală|=|Ncfsrn|0	coale|coală|Ncfp-n|0	ă	e	FALSE
a	a	o_X	m	coamă|=|Ncfsrn|0	coame|coamă|Ncfp-n|0	ă	e	FALSE
a	a	o_X	p	coapsă|=|Ncfsrn|0	coapse|coapsă|Ncfp-n|0	ă	e	FALSE
a	a	o_X	p	coaptă|=|Ncfsrn|0	coapte|coaptă|Ncfp-n|0	ă	e	FALSE
a	a	o_X	r	coarbă|=|Ncfsrn|0	coarbe|coarbă|Ncfp-n|0	ă	e	FALSE
a	a	o_X	r	coardă|=|Ncfsrn|0	coarde|coardă|Ncfp-n|0	ă	e	FALSE
a	a	o_X	r	coarnă|=|Ncfsrn|0	coarne|coarnă|Ncfp-n|0	ă	e	FALSE
a	a	o_X	s	coasere|=|Ncfsrn|0	coaseri|coasere|Ncfp-n|0	e	i_0	FALSE
a	a	o_X	s	coastă|=|Ncfsrn|0	coaste|coastă|Ncfp-n|0	ă	e	FALSE
a	a	o_X	s	coasă|=|Ncfsrn|0	coase|coasă|Ncfp-n|0	ă	e	FALSE
a	a	o_X	r	cobzișoară|=|Ncfsrn|2	cobzișoare|cobzișoară|Ncfp-n|2	ă	e	FALSE
a	a	k	i	cocainoman|=|Ncms-n|4	cocainomani|cocainoman|Ncmp-n|4		i_0	FALSE
a	a	k	j	cocaină|=|Ncfsrn|1	cocaine|cocaină|Ncfp-n|1	ă	e	FALSE
a	a	o_X	b	cocioabă|=|Ncfsrn|1	cocioabe|cocioabă|Ncfp-n|1	ă	e	FALSE
a	a	t	j	coctail|=|Ncms-n|1	coctailuri|coctail|Ncfp-n|1		u r i_0	FALSE
a	a	d	l	codalb|=|Ncms-n|1	codalbi|codalb|Ncmp-n|1		i_0	FALSE
a	a	b	t	codobatură|=|Ncfsrn|2	codobaturi|codobatură|Ncfp-n|2	ă	i_0	FALSE
a	a	n	n	codominanță|=|Ncfsrn|3	codominanțe|codominanță|Ncfp-n|3	ă	e	FALSE
a	a	t	r	cofetar|=|Ncms-n|2	cofetari|cofetar|Ncmp-n|2		i_0	FALSE
a	a	r	Z	cofraj|=|Ncms-n|1	cofraje|cofraj|Ncfp-n|1		e	FALSE
a	a	h	l	cohalm|=|Ncms-n|1	cohalmuri|cohalm|Ncfp-n|1		u r i_0	FALSE
a	a	k	r	cojocar|=|Ncms-n|2	cojocari|cojocar|Ncmp-n|2		i_0	FALSE
a	a	l	k	colac|=|Ncms-n|1	colaci|colac|Ncmp-n|1		tS	FALSE
a	a	l	Z	colaj|=|Ncms-n|1	colaje|colaj|Ncfp-n|1		e	FALSE
a	a	l	p	colaps|=|Ncms-n|1	colapsuri|colaps|Ncfp-n|1		u r i_0	FALSE
a	a	n	r	colecționar|=|Ncms-n|4	colecționari|colecționar|Ncmp-n|4		i_0	FALSE
a	a	o_X	n	coloană|=|Ncfsrn|1	coloane|coloană|Ncfp-n|1	ă	e	FALSE
a	a	n	d	colonadă|=|Ncfsrn|2	colonade|colonadă|Ncfp-n|2	ă	e	FALSE
a	a	r	n	colorant|=|Ncms-n|2	coloranți|colorant|Ncmp-n|2		i_0	FALSE
a	a	n	S	colțunaș|=|Ncms-n|2	colțunași|colțunaș|Ncmp-n|2		i_0	FALSE
a	a	m	n	coman|=|Ncms-n|1	comani|coman|Ncmp-n|1		i_0	FALSE
a	a	m	n	comandant|=|Ncms-n|2	comandanți|comandant|Ncmp-n|2		i_0	FALSE
a	a	m	n	comando|=|Ncms-n|1	comandouri|comando|Ncfp-n|1	o	o u r i_0	FALSE
a	a	m	n	comană|=|Ncfsrn|1	comane|comană|Ncfp-n|1	ă	e	FALSE
a	a	m	n	comanș|=|Afpms-n|1	comanși|comanș|Ncmp-n|1		i_0	FALSE
a	a	m	r	comarnic|=|Ncms-n|1	comarnice|comarnic|Ncfp-n|1		e	FALSE
a	a	b	t	combatant|=|Ncms-n|2	combatanți|combatant|Ncmp-n|2		i_0	FALSE
a	a	b	t	combatere|=|Ncfsrn|1	combateri|combatere|Ncfp-n|1	e	i_0	FALSE
a	a	n	t	combinat|=|Ncms-n|2	combinate|combinat|Ncfp-n|2		e	FALSE
a	a	n	ts	combinație|=|Ncfsrn|2	combinații|combinație|Ncfp-n|2	e	j	FALSE
a	a	i	n	comediant|=|Ncms-n|3	comedianți|comediant|Ncmp-n|3		i_0	FALSE
a	a	t	r	comentariu|=|Ncms-n|2	comentarii|comentariu|Ncfp-n|2	u	j	FALSE
a	a	i	n	comerciant|=|Ncms-n|3	comercianți|comerciant|Ncmp-n|3		i_0	FALSE
a	a	i	n	comerciantă|=|Ncfsrn|3	comerciante|comerciantă|Ncfp-n|3	ă	e	FALSE
a	a	s	r	comisar|=|Ncms-n|2	comisari|comisar|Ncmp-n|2		i_0	FALSE
a	a	s	r	comisariat|=|Ncms-n|4	comisariate|comisariat|Ncfp-n|4		e	FALSE
a	a	t	t	comitat|=|Ncms-n|2	comitate|comitat|Ncfp-n|2		e	FALSE
a	a	p	r	comparație|=|Ncfsrn|2	comparații|comparație|Ncfp-n|2	e	j	FALSE
a	a	p	t	compatrioată|=|Ncfsrn|3	compatrioate|compatrioată|Ncfp-n|3	ă	e	FALSE
a	a	s	ts	compensație|=|Ncfsrn|2	compensații|compensație|Ncfp-n|2	e	j	FALSE
a	a	l	ts	compilație|=|Ncfsrn|2	compilații|compilație|Ncfp-n|2	e	j	FALSE
a	a	k	ts	complicație|=|Ncfsrn|2	complicații|complicație|Ncfp-n|2	e	j	FALSE
a	a	m	t	comprimat|=|Ncms-n|2	comprimate|comprimat|Ncfp-n|2		e	FALSE
a	a	k	t	comunicat|=|Ncms-n|3	comunicate|comunicat|Ncfp-n|3		e	FALSE
a	a	k	ts	comunicație|=|Ncfsrn|3	comunicații|comunicație|Ncfp-n|3	e	j	FALSE
a	a	n	k	conac|=|Ncms-n|1	conace|conac|Ncfp-n|1		e	FALSE
a	a	n	ts	conațional|=|Ncms-n|4	conaționali|conațional|Ncmp-n|4		i_0	FALSE
a	a	r	t	concentrat|=|Ncms-n|2	concentrate|concentrat|Ncfp-n|2		e	FALSE
a	a	r	ts	concentrație|=|Ncfsrn|2	concentrații|concentrație|Ncfp-n|2	e	j	FALSE
a	a	m	j	concertmaistru|=|Ncms-n|2	concertmaiștri|concertmaistru|Ncmp-n|2	u	i	FALSE
a	a	n	r	concesionar|=|Ncms-n|4	concesionari|concesionar|Ncmp-n|4		i_0	FALSE
a	a	l	v	conclav|=|Ncms-n|1	conclave|conclav|Ncfp-n|1		e	FALSE
a	a	l	v	conclav|=|Ncms-n|1	conclavuri|conclav|Ncfp-n|1		u r i_0	FALSE
a	a	d	n	concordanță|=|Ncfsrn|2	concordanțe|concordanță|Ncfp-n|2	ă	e	FALSE
a	a	d	t	concordat|=|Ncms-n|2	concordate|concordat|Ncfp-n|2		e	FALSE
a	a	n	Z	concubinaj|=|Ncms-n|3	concubinaje|concubinaj|Ncfp-n|3		e	FALSE
a	a	d	m	condamnat|=|Afpms-n|2	condamnați|condamnat|Ncmp-n|2		i_0	FALSE
a	a	d	m	condamnată|=|Ncfsrn|2	condamnate|condamnată|Ncfp-n|2	ă	e	FALSE
a	a	r	ts	confederație|=|Ncfsrn|3	confederații|confederație|Ncfp-n|3	e	j	FALSE
a	a	i	r	conferențiar|=|Ncms-n|4	conferențiari|conferențiar|Ncmp-n|4		i_0	FALSE
a	a	n	l	confesional|=|Ncms-n|4	confesionale|confesional|Ncfp-n|4		e	FALSE
a	a	r	ts	configurație|=|Ncfsrn|3	configurații|configurație|Ncfp-n|3	e	j	FALSE
a	a	l	g	conflagrație|=|Ncfsrn|2	conflagrații|conflagrație|Ncfp-n|2	e	j	FALSE
a	a	r	t	confrate|=|Ncms-n|1	confrați|confrate|Ncmp-n|1	e	i_0	FALSE
a	a	r	t	conglomerat|=|Afpms-n|3	conglomerate|conglomerat|Ncfp-n|3		e	FALSE
a	a	g	ts	congregație|=|Ncfsrn|2	congregații|congregație|Ncfp-n|2	e	j	FALSE
a	a	i	k	coniac|=|Ncms-n|2	coniacuri|coniac|Ncfp-n|2		u r i_0	FALSE
a	a	t	ts	conotație|=|Ncfsrn|2	conotații|conotație|Ncfp-n|2	e	j	FALSE
a	a	v	n	conservant|=|Afpms-n|2	conservante|conservant|Ncfp-n|2		e	FALSE
a	a	v	n	conservant|=|Afpms-n|2	conservanți|conservant|Ncmp-n|2		i_0	FALSE
a	a	r	ts	considerație|=|Ncfsrn|3	considerații|considerație|Ncfp-n|3	e	j	FALSE
a	a	o_X	n	consoană|=|Ncfsrn|1	consoane|consoană|Ncfp-n|1	ă	e	FALSE
a	a	o_X	r	consoartă|=|Ncfsrn|1	consoarte|consoartă|Ncfp-n|1	ă	e	FALSE
a	a	n	n	consonanță|=|Ncfsrn|2	consonanțe|consonanță|Ncfp-n|2	ă	e	FALSE
a	a	r	ts	conspirație|=|Ncfsrn|2	conspirații|conspirație|Ncfp-n|2	e	j	FALSE
a	a	t	n	constantă|=|Ncfsrn|1	constante|constantă|Ncfp-n|1	ă	e	FALSE
a	a	t	n	constanță|=|Ncfsrn|1	constanțe|constanță|Ncfp-n|1	ă	e	FALSE
a	a	p	ts	constipație|=|Ncfsrn|2	constipații|constipație|Ncfp-n|2	e	j	FALSE
a	a	l	t	consulat|=|Ncms-n|2	consulate|consulat|Ncfp-n|2		e	FALSE
a	a	t	n	consultant|=|Ncms-n|2	consultanți|consultant|Ncmp-n|2		i_0	FALSE
a	a	t	n	consultanță|=|Ncfsrn|2	consultanțe|consultanță|Ncfp-n|2	ă	e	FALSE
a	a	t	ts	consultație|=|Ncfsrn|2	consultații|consultație|Ncfp-n|2	e	j	FALSE
a	a	m	ts	consumație|=|Ncfsrn|2	consumații|consumație|Ncfp-n|2	e	j	FALSE
a	a	t	b	contabil|=|Afpms-n|1	contabili|contabil|Ncmp-n|1		i_0	FALSE
a	a	t	b	contabilă|=|Ncfsrn|1	contabile|contabilă|Ncfp-n|1	ă	e	FALSE
a	a	t	k	contact|=|Ncms-n|1	contacte|contact|Ncfp-n|1		e	FALSE
a	a	t	i	container|=|Ncms-n|1	containere|container|Ncfp-n|1		e	FALSE
a	a	r	n	contemporană|=|Ncfsrn|3	contemporane|contemporană|Ncfp-n|3	ă	e	FALSE
a	a	t	ts	contestație|=|Ncfsrn|2	contestații|contestație|Ncfp-n|2	e	j	FALSE
a	a	r	a	contraatac|=|Ncms-n|3	contraatacuri|contraatac|Ncfp-n|3		u r i_0	FALSE
a	a	r	b	contrabandă|=|Ncfsrn|2	contrabande|contrabandă|Ncfp-n|2	ă	e	FALSE
a	a	r	b	contrabas|=|Ncms-n|2	contrabași|contrabas|Ncmp-n|2		i_0	FALSE
a	a	r	b	contrabas|=|Ncms-n|2	contrabasuri|contrabas|Ncfp-n|2		u r i_0	FALSE
a	a	r	k	contracandidat|=|Ncms-n|4	contracandidați|contracandidat|Ncmp-n|4		i_0	FALSE
a	a	r	k	contracandidată|=|Ncfsrn|4	contracandidate|contracandidată|Ncfp-n|4	ă	e	FALSE
a	a	r	k	contract|=|Ncms-n|1	contracte|contract|Ncfp-n|1		e	FALSE
a	a	r	k	contractantă|=|Ncfsrn|2	contractante|contractantă|Ncfp-n|2	ă	e	FALSE
a	a	r	k	contracție|=|Ncfsrn|1	contracții|contracție|Ncfp-n|1	e	j	FALSE
a	a	r	d	contradans|=|Ncms-n|2	contradansuri|contradans|Ncfp-n|2		u r i_0	FALSE
a	a	r	d	contradanț|=|Ncms-n|2	contradanțuri|contradanț|Ncfp-n|2		u r i_0	FALSE
a	a	r	f	contrafacere|=|Ncfsrn|2	contrafaceri|contrafacere|Ncfp-n|2	e	i_0	FALSE
a	a	r	i	contraindicație|=|Ncfsrn|4	contraindicații|contraindicație|Ncfp-n|4	e	j	FALSE
a	a	r	i	contrainformație|=|Ncfsrn|4	contrainformații|contrainformație|Ncfp-n|4	e	j	FALSE
a	a	r	m	contramaistru|=|Ncms-n|2	contramaiștri|contramaistru|Ncmp-n|2	u	i	FALSE
a	a	r	m	contramarș|=|Ncms-n|2	contramarșuri|contramarș|Ncfp-n|2		u r i_0	FALSE
a	a	r	p	contrapagină|=|Ncfsrn|2	contrapagini|contrapagină|Ncfp-n|2	ă	i_0	FALSE
a	a	r	p	contraperformanță|=|Ncfsrn|4	contraperformanțe|contraperformanță|Ncfp-n|4	ă	e	FALSE
a	a	r	p	contraplacaj|=|Ncms-n|3	contraplacaje|contraplacaj|Ncfp-n|3		e	FALSE
a	a	r	r	contrarevoluționar|=|Ncms-n|6	contrarevoluționari|contrarevoluționar|Ncmp-n|6		i_0	FALSE
a	a	r	r	contrarevoluționară|=|Ncfsrn|6	contrarevoluționare|contrarevoluționară|Ncfp-n|6	ă	e	FALSE
a	a	r	r	contrariu|=|Ncms-n|1	contrarii|contrariu|Ncfp-n|1	u	j	FALSE
a	a	r	s	contraspionaj|=|Ncms-n|4	contraspionaje|contraspionaj|Ncfp-n|4		e	FALSE
a	a	r	s	contrast|=|Ncms-n|1	contraste|contrast|Ncfp-n|1		e	FALSE
a	a	u	b	contribuabil|=|Ncms-n|3	contribuabili|contribuabil|Ncmp-n|3		i_0	FALSE
a	a	u	b	contribuabilă|=|Ncfsrn|3	contribuabile|contribuabilă|Ncfp-n|3	ă	e	FALSE
a	a	b	ts	conurbație|=|Ncfsrn|2	conurbații|conurbație|Ncfp-n|2	e	j	FALSE
a	a	s	ts	conversație|=|Ncfsrn|2	conversații|conversație|Ncfp-n|2	e	j	FALSE
a	a	r	ts	cooperație|=|Ncfsrn|3	cooperații|cooperație|Ncfp-n|3	e	j	FALSE
a	a	n	t	coordonată|=|Ncfsrn|3	coordonate|coordonată|Ncfp-n|3	ă	e	FALSE
a	a	p	k	copac|=|Ncms-n|1	copaci|copac|Ncmp-n|1		tS	FALSE
a	a	i	t	copiat|=|Afpms-n|2	copiați|copiat|Ncmp-n|2		i_0	FALSE
a	a	l	S	copilaș|=|Ncms-n|2	copilași|copilaș|Ncmp-n|2		i_0	FALSE
a	a	t	r	coproprietar|=|Ncms-n|4	coproprietari|coproprietar|Ncmp-n|4		i_0	FALSE
a	a	l	ts	copulație|=|Ncfsrn|2	copulații|copulație|Ncfp-n|2	e	j	FALSE
a	a	r	l	coral|=|Ncms-n|1	corali|coral|Ncmp-n|1		i_0	FALSE
a	a	r	l	coral|=|Ncms-n|1	coraluri|coral|Ncfp-n|1		u r i_0	FALSE
a	a	r	f	coregraf|=|Ncms-n|2	coregrafi|coregraf|Ncmp-n|2		i_0	FALSE
a	a	l	ts	corelație|=|Ncfsrn|2	corelații|corelație|Ncfp-n|2	e	j	FALSE
a	a	i	m	coriamb|=|Ncms-n|2	coriambi|coriamb|Ncmp-n|2		i_0	FALSE
a	a	r	n	cormoran|=|Ncms-n|2	cormorani|cormoran|Ncmp-n|2		i_0	FALSE
a	a	o_X	n	coroană|=|Ncfsrn|1	coroane|coroană|Ncfp-n|1	ă	e	FALSE
a	a	l	s	coroplast|=|Ncms-n|2	coroplaști|coroplast|Ncmp-n|2		i_0	FALSE
a	a	r	ts	corporație|=|Ncfsrn|2	corporații|corporație|Ncfp-n|2	e	j	FALSE
a	a	s	r	corsar|=|Ncms-n|1	corsari|corsar|Ncmp-n|1		i_0	FALSE
a	a	s	k	cosac|=|Ncms-n|1	cosaci|cosac|Ncmp-n|1		tS	FALSE
a	a	s	S	cosaș|=|Ncms-n|1	cosași|cosaș|Ncmp-n|1		i_0	FALSE
a	a	m	ts	costumație|=|Ncfsrn|2	costumații|costumație|Ncfp-n|2	e	j	FALSE
a	a	t	ts	cotație|=|Ncfsrn|1	cotații|cotație|Ncfp-n|1	e	j	FALSE
a	a	i	n	cotidian|=|Afpms-n|3	cotidiane|cotidian|Ncfp-n|2		e	TRUE
a	a	z	ts	cotizație|=|Ncfsrn|2	cotizații|cotizație|Ncfp-n|2	e	j	FALSE
a	a	n	k	cozonac|=|Ncms-n|2	cozonaci|cozonac|Ncmp-n|2		tS	FALSE
a	a	S	r	coșar|=|Ncms-n|1	coșare|coșar|Ncfp-n|1		e	FALSE
a	a	S	r	coșar|=|Ncms-n|1	coșari|coșar|Ncmp-n|1		i_0	FALSE
a	a	m	r	coșmar|=|Ncms-n|1	coșmare|coșmar|Ncfp-n|1		e	FALSE
a	a	m	r	coșmar|=|Ncms-n|1	coșmaruri|coșmar|Ncfp-n|1		u r i_0	FALSE
a	a	r	b	crab|=|Ncms-n|0	crabi|crab|Ncmp-n|0		i_0	FALSE
a	a	r	k	crac|=|Ncms-n|0	craci|crac|Ncmp-n|0		tS	FALSE
a	a	r	h	crah|=|Ncms-n|0	crahuri|crah|Ncfp-n|0		u r i_0	FALSE
a	a	r	j	crainic|=|Ncms-n|0	crainici|crainic|Ncmp-n|0		tS	FALSE
a	a	r	j	crainică|=|Ncfsrn|0	crainice|crainică|Ncfp-n|0	ă	e	FALSE
a	a	r	m	crampă|=|Ncfsrn|0	crampe|crampă|Ncfp-n|0	ă	e	FALSE
a	a	r	m	cramă|=|Ncfsrn|0	crame|cramă|Ncfp-n|0	ă	e	FALSE
a	a	r	n	craniu|=|Ncms-n|0	cranii|craniu|Ncfp-n|0	u	i	FALSE
a	a	r	p	crap|=|Ncms-n|0	crapi|crap|Ncmp-n|0		i_0	FALSE
a	a	r	t	crater|=|Ncms-n|0	cratere|crater|Ncfp-n|0		e	FALSE
a	a	r	t	cratiță|=|Ncfsrn|0	cratițe|cratiță|Ncfp-n|0	ă	e	FALSE
a	a	r	v	cravată|=|Ncfsrn|1	cravate|cravată|Ncfp-n|1	ă	e	FALSE
a	a	e	n	creanță|=|Ncfsrn|1	creanțe|creanță|Ncfp-n|1	ă	e	FALSE
a	a	e	ts	creație|=|Ncfsrn|1	creații|creație|Ncfp-n|0	e	j	TRUE
a	a	o_X	s	credincioasă|=|Ncfsrn|2	credincioase|credincioasă|Ncfp-n|2	ă	e	FALSE
a	a	ts	r	creițar|=|Ncms-n|1	creițari|creițar|Ncmp-n|1		i_0	FALSE
a	a	Z	k	crijac|=|Ncms-n|1	crijaci|crijac|Ncmp-n|1		tS	FALSE
a	a	n	l	criminal|=|Afpms-n|2	criminali|criminal|Ncmp-n|2		i_0	FALSE
a	a	n	l	criminal|=|Afpms-n|2	criminaluri|criminal|Ncfp-n|2		u r i_0	FALSE
a	a	n	l	criminală|=|Ncfsrn|2	criminale|criminală|Ncfp-n|2	ă	e	FALSE
a	a	t	l	cristal|=|Ncms-n|1	cristale|cristal|Ncfp-n|1		e	FALSE
a	a	t	l	cristal|=|Ncms-n|1	cristaluri|cristal|Ncfp-n|1		u r i_0	FALSE
a	a	i	n	cristiană|=|Ncfsrn|2	cristiane|cristiană|Ncfp-n|2	ă	e	FALSE
a	a	o	t	croat|=|Ncms-n|1	croați|croat|Ncmp-n|1		i_0	FALSE
a	a	o	t	croată|=|Ncfsrn|1	croate|croată|Ncfp-n|1	ă	e	FALSE
a	a	m	t	cromatică|=|Ncfsrn|1	cromatici|cromatică|Ncfp-n|1	ă	tS	FALSE
a	a	k	r	cronicar|=|Ncms-n|2	cronicari|cronicar|Ncmp-n|2		i_0	FALSE
a	a	r	Z	cronometraj|=|Ncms-n|3	cronometraje|cronometraj|Ncfp-n|3		e	FALSE
a	a	i	t	cruciat|=|Ncms-n|2	cruciați|cruciat|Ncmp-n|2		i_0	FALSE
a	a	w	d	cuadrant|=|Ncms-n|1	cuadrante|cuadrant|Ncfp-n|1		e	FALSE
a	a	w	n	cuantum|=|Ncms-n|0	cuantumuri|cuantum|Ncfp-n|0		u r i_0	FALSE
a	a	w	r	cuarț|=|Ncms-n|0	cuarțuri|cuarț|Ncfp-n|0		u r i_0	FALSE
a	a	o_X	n	cucoană|=|Ncfsrn|1	cucoane|cucoană|Ncfp-n|1	ă	e	FALSE
a	a	z	S	cucuruzaștină|=|Ncfsrn|3	cucuruzaștine|cucuruzaștină|Ncfp-n|3	ă	e	FALSE
a	a	z	S	cucuruzaștină|=|Ncfsrn|3	cucuruzaștini|cucuruzaștină|Ncfp-n|3	ă	i_0	FALSE
a	a	d	k	cufundac|=|Ncms-n|2	cufundaci|cufundac|Ncmp-n|2		tS	FALSE
a	a	u	r	cuguar|=|Ncms-n|2	cuguari|cuguar|Ncmp-n|2		i_0	FALSE
a	a	k	t	culcat|=|Ncms-n|1	culcaturi|culcat|Ncfp-n|2		u r i_0	TRUE
a	a	o_X	r	culoar|=|Ncms-n|1	culoare|culoar|Ncfp-n|1		e	FALSE
a	a	v	t	cultivat|=|Ncms-n|2	cultivați|cultivat|Ncmp-n|2		i_0	FALSE
a	a	n	t	cumnat|=|Ncms-n|1	cumnați|cumnat|Ncmp-n|1		i_0	FALSE
a	a	n	t	cumnată|=|Ncfsrn|1	cumnate|cumnată|Ncfp-n|1	ă	e	FALSE
a	a	o_X	S	cunoaștere|=|Ncfsrn|1	cunoașteri|cunoaștere|Ncfp-n|1	e	i_0	FALSE
a	a	r	r	cuptorar|=|Ncms-n|2	cuptorari|cuptorar|Ncmp-n|2		i_0	FALSE
a	a	r	Z	curaj|=|Ncms-n|1	curajuri|curaj|Ncfp-n|1		u r i_0	FALSE
a	a	k	n	curcan|=|Ncms-n|1	curcani|curcan|Ncmp-n|1		i_0	FALSE
a	a	m	l	curmal|=|Ncms-n|1	curmali|curmal|Ncmp-n|1		i_0	FALSE
a	a	s	n	cursant|=|Ncms-n|1	cursanți|cursant|Ncmp-n|1		i_0	FALSE
a	a	z	n	cutezanță|=|Ncfsrn|2	cutezanțe|cutezanță|Ncfp-n|2	ă	e	FALSE
a	a	S	k	cușac|=|Ncms-n|1	cușaci|cușac|Ncmp-n|1		tS	FALSE
a	a	S	k	cușac|=|Ncms-n|1	cușacuri|cușac|Ncfp-n|1		u r i_0	FALSE
a	a	b	p	cușchebap|=|Ncms-n|2	cușchebapuri|cușchebap|Ncfp-n|2		u r i_0	FALSE
a	a	l	h	cuțovlah|=|Ncms-n|2	cuțovlahi|cuțovlah|Ncmp-n|2		i_0	FALSE
a	a	v	n	cvantum|=|Ncms-n|0	cvantumuri|cvantum|Ncfp-n|0		u r i_0	FALSE
a	a	v	r	cvarț|=|Ncms-n|0	cvarțuri|cvarț|Ncfp-n|0		u r i_0	FALSE
a	a	v	s	cvas|=|Ncms-n|0	cvasuri|cvas|Ncfp-n|0		u r i_0	FALSE
a	a	t	r	cântar|=|Ncms-n|1	cântare|cântar|Ncfp-n|1		e	FALSE
a	a	m	r	cârciumar|=|Ncms-n|2	cârciumari|cârciumar|Ncmp-n|2		i_0	FALSE
a	a	j	k	cârcăiac|=|Ncms-n|2	cârcăiaci|cârcăiac|Ncmp-n|2		tS	FALSE
a	a	o_X	r	cârligioară|=|Ncfsrn|2	cârligioare|cârligioară|Ncfp-n|2	ă	e	FALSE
a	a	n	t	cârnat|=|Ncms-n|1	cârnați|cârnat|Ncmp-n|1		i_0	FALSE
a	a	n	ts	cârnaț|=|Ncms-n|1	cârnați|cârnaț|Ncmp-n|1		i_0	FALSE
a	a	k	t	căcat|=|Ncms-n|1	căcaturi|căcat|Ncfp-n|1		u r i_0	FALSE
a	a	k	t	căcat|=|Ncms-n|1	căcați|căcat|Ncmp-n|1		i_0	FALSE
a	a	r	S	călăraș|=|Ncms-n|2	călărași|călăraș|Ncmp-n|2		i_0	FALSE
a	a	t	r	cămătar|=|Ncms-n|2	cămătari|cămătar|Ncmp-n|2		i_0	FALSE
a	a	t	n	căpitan|=|Ncms-n|2	căpitani|căpitan|Ncmp-n|2		i_0	FALSE
a	a	r	r	căprar|=|Ncms-n|1	căprari|căprar|Ncmp-n|1		i_0	FALSE
a	a	o_X	r	căprioară|=|Ncfsrn|2	căprioare|căprioară|Ncfp-n|2	ă	e	FALSE
a	a	r	r	cărturar|=|Ncms-n|2	cărturari|cărturar|Ncmp-n|2		i_0	FALSE
a	a	o_X	r	cărucioară|=|Ncfsrn|2	cărucioare|cărucioară|Ncfp-n|2	ă	e	FALSE
a	a	ts	S	căruțaș|=|Ncms-n|2	căruțași|căruțaș|Ncmp-n|2		i_0	FALSE
a	a	d	r	cărămidar|=|Ncms-n|3	cărămidari|cărămidar|Ncmp-n|3		i_0	FALSE
a	a	k	t	căscat|=|Ncms-n|1	căscaturi|căscat|Ncfp-n|1		u r i_0	FALSE
a	a	t	n	cătană|=|Ncfsrn|1	cătane|cătană|Ncfp-n|1	ă	e	FALSE
a	a	t	t	căutat|=|Ncms-n|2	căutate|căutat|Ncfp-n|2		e	FALSE
a	a	d	k	dac|=|Ncms-n|0	daci|dac|Ncmp-n|0		tS	FALSE
a	a	d	k	dacă|=|Ncfsrn|0	dace|dacă|Ncfp-n|0	ă	e	FALSE
a	a	d	f	dafnie|=|Ncfsrn|0	dafnii|dafnie|Ncfp-n|0	e	j	FALSE
a	a	d	j	daiac|=|Ncms-n|1	daiaci|daiac|Ncmp-n|1		tS	FALSE
a	a	d	j	daică|=|Ncfsrn|0	daici|daică|Ncfp-n|0	ă	tS	FALSE
a	a	d	l	dală|=|Ncfsrn|0	dale|dală|Ncfp-n|0	ă	e	FALSE
a	a	d	m	damf|=|Ncms-n|0	damfuri|damf|Ncfp-n|0		u r i_0	FALSE
a	a	d	m	dami|=|Ncms-n|0	damiuri|dami|Ncfp-n|1	i	i u r i_0	TRUE
a	a	d	m	damă|=|Ncfsrn|0	dame|damă|Ncfp-n|0	ă	e	FALSE
a	a	d	n	dan|=|Ncms-n|0	dani|dan|Ncmp-n|0		i_0	FALSE
a	a	d	n	dans|=|Ncms-n|0	dansuri|dans|Ncfp-n|0		u r i_0	FALSE
a	a	d	n	dană|=|Ncfsrn|0	dane|dană|Ncfp-n|0	ă	e	FALSE
a	a	d	r	dar|=|Ncms-n|0	daruri|dar|Ncfp-n|0		u r i_0	FALSE
a	a	d	r	daraban|=|Ncms-n|2	darabani|daraban|Ncmp-n|2		i_0	FALSE
a	a	d	r	darie|=|Ncfsrn|0	darii|darie|Ncfp-n|0	e	j	FALSE
a	a	d	r	dară|=|Ncfsrn|0	dare|dară|Ncfp-n|0	ă	e	FALSE
a	a	d	s	dascăl|=|Ncms-n|0	dascăli|dascăl|Ncmp-n|0		i_0	FALSE
a	a	d	t	dat|=|Afpms-n|0	daturi|dat|Ncfp-n|0		u r i_0	FALSE
a	a	d	t	datină|=|Ncfsrn|0	datini|datină|Ncfp-n|0	ă	i_0	FALSE
a	a	d	t	dată|=|Ncfsrn|0	date|dată|Ncfp-n|0	ă	e	FALSE
a	a	d	w	daună|=|Ncfsrn|0	daune|daună|Ncfp-n|0	ă	e	FALSE
a	a	e_X	l	deal|=|Ncms-n|0	dealuri|deal|Ncfp-n|0		u r i_0	FALSE
a	a	b	n	debandadă|=|Ncfsrn|2	debandade|debandadă|Ncfp-n|2	ă	e	FALSE
a	a	j	Z	debreiaj|=|Ncms-n|2	debreiaje|debreiaj|Ncfp-n|2		e	FALSE
a	a	t	n	debutant|=|Ncms-n|2	debutanți|debutant|Ncmp-n|2		i_0	FALSE
a	a	t	n	debutantă|=|Ncfsrn|2	debutante|debutantă|Ncfp-n|2	ă	e	FALSE
a	a	k	d	decadraj|=|Ncms-n|2	decadraje|decadraj|Ncfp-n|2		e	FALSE
a	a	k	d	decadă|=|Ncfsrn|1	decade|decadă|Ncfp-n|1	ă	e	FALSE
a	a	k	l	decalaj|=|Ncms-n|2	decalaje|decalaj|Ncfp-n|2		e	FALSE
a	a	k	n	decan|=|Ncms-n|1	decani|decan|Ncmp-n|1		i_0	FALSE
a	a	k	p	decapaj|=|Ncms-n|2	decapaje|decapaj|Ncfp-n|2		e	FALSE
a	a	k	r	decar|=|Ncms-n|1	decari|decar|Ncmp-n|1		i_0	FALSE
a	a	d	t	decedat|=|Afpms-n|2	decedați|decedat|Ncmp-n|2		i_0	FALSE
a	a	d	t	decedată|=|Ncfsrn|2	decedate|decedată|Ncfp-n|2	ă	e	FALSE
a	a	l	m	declamație|=|Ncfsrn|2	declamații|declamație|Ncfp-n|2	e	j	FALSE
a	a	l	r	declarație|=|Ncfsrn|2	declarații|declarație|Ncfp-n|2	e	j	FALSE
a	a	r	Z	decofraj|=|Ncms-n|2	decofraje|decofraj|Ncfp-n|2		e	FALSE
a	a	r	ts	decorație|=|Ncfsrn|2	decorații|decorație|Ncfp-n|2	e	j	FALSE
a	a	p	Z	decupaj|=|Ncms-n|2	decupaje|decupaj|Ncfp-n|2		e	FALSE
a	a	k	ts	dedicație|=|Ncfsrn|2	dedicații|dedicație|Ncfp-n|2	e	j	FALSE
a	a	v	t	definitivat|=|Ncms-n|4	definitivate|definitivat|Ncfp-n|4		e	FALSE
a	a	l	g	deflagrație|=|Ncfsrn|2	deflagrații|deflagrație|Ncfp-n|2	e	j	FALSE
a	a	l	ts	deflație|=|Ncfsrn|1	deflații|deflație|Ncfp-n|1	e	j	FALSE
a	a	m	ts	deformație|=|Ncfsrn|2	deformații|deformație|Ncfp-n|2	e	j	FALSE
a	a	r	t	degenerat|=|Ncms-n|3	degenerați|degenerat|Ncmp-n|3		i_0	FALSE
a	a	r	s	degras|=|Ncms-n|1	degrasuri|degras|Ncfp-n|1		u r i_0	FALSE
a	a	l	d	degringoladă|=|Ncfsrn|3	degringolade|degringoladă|Ncfp-n|3	ă	e	FALSE
a	a	g	t	delegat|=|Ncms-n|2	delegați|delegat|Ncmp-n|2		i_0	FALSE
a	a	g	ts	delegație|=|Ncfsrn|2	delegații|delegație|Ncfp-n|2	e	j	FALSE
a	a	m	k_j	demachiant|=|Ncms-n|2	demachianți|demachiant|Ncmp-n|2		i_0	FALSE
a	a	m	r	demaraj|=|Ncms-n|2	demaraje|demaraj|Ncfp-n|2		e	FALSE
a	a	m	r	demarcație|=|Ncfsrn|2	demarcații|demarcație|Ncfp-n|2	e	j	FALSE
a	a	t	r	demnitar|=|Ncms-n|2	demnitari|demnitar|Ncmp-n|2		i_0	FALSE
a	a	r	t	democrat|=|Ncms-n|2	democrați|democrat|Ncmp-n|2		i_0	FALSE
a	a	r	t	democrată|=|Ncfsrn|2	democrate|democrată|Ncfp-n|2	ă	e	FALSE
a	a	r	n	demonstrant|=|Ncms-n|2	demonstranți|demonstrant|Ncmp-n|2		i_0	FALSE
a	a	r	ts	demonstrație|=|Ncfsrn|2	demonstrații|demonstrație|Ncfp-n|2	e	j	FALSE
a	a	l	r	depolarizant|=|Ncms-n|4	depolarizanți|depolarizant|Ncmp-n|4		i_0	FALSE
a	a	t	t	deportat|=|Afpms-n|2	deportați|deportat|Ncmp-n|2		i_0	FALSE
a	a	t	r	depozitar|=|Ncms-n|3	depozitari|depozitar|Ncmp-n|3		i_0	FALSE
a	a	t	r	depozitară|=|Ncfsrn|3	depozitare|depozitară|Ncfp-n|3	ă	e	FALSE
a	a	t	t	deputat|=|Ncms-n|2	deputați|deputat|Ncmp-n|2		i_0	FALSE
a	a	r	n	deranj|=|Ncms-n|1	deranjuri|deranj|Ncfp-n|1		u r i_0	FALSE
a	a	r	p	derapaj|=|Ncms-n|2	derapaje|derapaj|Ncfp-n|2		e	FALSE
a	a	v	t	derivat|=|Afpms-n|2	derivate|derivat|Ncfp-n|2		e	FALSE
a	a	v	t	derivat|=|Afpms-n|2	derivați|derivat|Ncmp-n|2		i_0	FALSE
a	a	v	t	derivată|=|Ncfsrn|2	derivate|derivată|Ncfp-n|2	ă	e	FALSE
a	a	s	g	desag|=|Ncms-n|1	desagi|desag|Ncmp-n|1		gZ	FALSE
a	a	s	g	desagă|=|Ncfsrn|1	desage|desagă|Ncfp-n|1	ă	e	FALSE
a	a	s	g	desagă|=|Ncfsrn|1	desagi|desagă|Ncfp-n|1	ă	gZ	FALSE
a	a	s	n	desant|=|Ncms-n|1	desanturi|desant|Ncfp-n|1		u r i_0	FALSE
a	a	o_X	s	descoasere|=|Ncfsrn|1	descoaseri|descoasere|Ncfp-n|1	e	i_0	FALSE
a	a	f	tS	desfacere|=|Ncfsrn|1	desfaceri|desfacere|Ncfp-n|1	e	i_0	FALSE
a	a	n	t	desfrânată|=|Ncfsrn|2	desfrânate|desfrânată|Ncfp-n|2	ă	e	FALSE
a	a	n	t	destinatar|=|Ncms-n|3	destinatari|destinatar|Ncmp-n|3		i_0	FALSE
a	a	n	ts	destinație|=|Ncfsrn|2	destinații|destinație|Ncfp-n|2	e	j	FALSE
a	a	t	l	detaliu|=|Ncms-n|1	detalii|detaliu|Ncfp-n|1	u	j	FALSE
a	a	t	r	detartraj|=|Ncms-n|2	detartraje|detartraj|Ncfp-n|2		e	FALSE
a	a	n	n	determinant|=|Afpms-n|3	determinante|determinant|Ncfp-n|3		e	FALSE
a	a	n	n	determinant|=|Afpms-n|3	determinanți|determinant|Ncmp-n|3		i_0	FALSE
a	a	v	n	devans|=|Ncms-n|1	devansuri|devans|Ncfp-n|1		u r i_0	FALSE
a	a	i	ts	deviație|=|Ncfsrn|2	deviații|deviație|Ncfp-n|1	e	j	TRUE
a	a	z	s	dezastru|=|Ncms-n|1	dezastre|dezastru|Ncfp-n|1	u	e	FALSE
a	a	z	v	dezavantaj|=|Ncms-n|3	dezavantaje|dezavantaj|Ncfp-n|3		e	FALSE
a	a	b	t	dezbatere|=|Ncfsrn|1	dezbateri|dezbatere|Ncfp-n|1	e	i_0	FALSE
a	a	n	n	dezemulsionant|=|Ncms-n|5	dezemulsionanți|dezemulsionant|Ncmp-n|5		i_0	FALSE
a	a	p	t	dezgropat|=|Ncms-n|2	dezgropaturi|dezgropat|Ncfp-n|2		u r i_0	FALSE
a	a	r	t	deziderat|=|Ncms-n|3	deziderate|deziderat|Ncfp-n|3		e	FALSE
a	a	t	n	dezinfectant|=|Ncms-n|3	dezinfectante|dezinfectant|Ncfp-n|3		e	FALSE
a	a	ts	t	deșănțată|=|Ncfsrn|2	deșănțate|deșănțată|Ncfp-n|2	ă	e	FALSE
a	a	j	b	diabolo|=|Ncms-n|0	diabolouri|diabolo|Ncfp-n|2	o	o u r i_0	TRUE
a	a	j	k	diacon|=|Ncms-n|0	diaconi|diacon|Ncmp-n|0		i_0	FALSE
a	a	i	f	diafragmă|=|Ncfsrn|2	diafragme|diafragmă|Ncfp-n|2	ă	e	FALSE
a	a	i	g	diagonală|=|Ncfsrn|3	diagonale|diagonală|Ncfp-n|3	ă	e	FALSE
a	a	i	g	diagramă|=|Ncfsrn|2	diagrame|diagramă|Ncfp-n|2	ă	e	FALSE
a	a	i	m	diamant|=|Ncms-n|2	diamante|diamant|Ncfp-n|2		e	FALSE
a	a	i	s	diasporă|=|Ncfsrn|1	diaspore|diasporă|Ncfp-n|1	ă	e	FALSE
a	a	j	v	diavol|=|Ncms-n|0	diavoli|diavol|Ncmp-n|0		i_0	FALSE
a	a	l	r	diblar|=|Ncms-n|1	diblari|diblar|Ncmp-n|1		i_0	FALSE
a	a	t	t	dictat|=|Ncms-n|1	dictate|dictat|Ncfp-n|1		e	FALSE
a	a	n	r	dicționar|=|Ncms-n|3	dicționare|dicționar|Ncfp-n|3		e	FALSE
a	a	r	S	dicționăraș|=|Ncms-n|4	dicționărașe|dicționăraș|Ncfp-n|4		e	FALSE
a	a	d	k	didactică|=|Ncfsrn|1	didactici|didactică|Ncfp-n|1	ă	tS	FALSE
a	a	t	l	digitală|=|Ncfsrn|2	digitale|digitală|Ncfp-n|2	ă	e	FALSE
a	a	n	m	dinamică|=|Ncfsrn|1	dinamici|dinamică|Ncfp-n|1	ă	tS	FALSE
a	a	n	r	dinar|=|Ncms-n|1	dinari|dinar|Ncmp-n|1		i_0	FALSE
a	a	z	u	dinozaur|=|Ncms-n|2	dinozauri|dinozaur|Ncmp-n|2		i_0	FALSE
a	a	m	t	diplomatică|=|Ncfsrn|2	diplomatice|diplomatică|Ncfp-n|2	ă	e	FALSE
a	a	h	m	dirham|=|Ncms-n|1	dirhami|dirham|Ncmp-n|1		i_0	FALSE
a	a	p	n	discrepanță|=|Ncfsrn|2	discrepanțe|discrepanță|Ncfp-n|2	ă	e	FALSE
a	a	r	t	dispecerat|=|Ncms-n|3	dispecerate|dispecerat|Ncfp-n|3		e	FALSE
a	a	s	r	dispensar|=|Ncms-n|2	dispensare|dispensar|Ncfp-n|2		e	FALSE
a	a	t	n	distanță|=|Ncfsrn|1	distanțe|distanță|Ncfp-n|1	ă	e	FALSE
a	a	r	k	distracție|=|Ncfsrn|1	distracții|distracție|Ncfp-n|1	e	j	FALSE
a	a	r	gZ	distragere|=|Ncfsrn|1	distrageri|distragere|Ncfp-n|1	e	i_0	FALSE
a	a	r	m	ditiramb|=|Ncms-n|2	ditirambi|ditiramb|Ncmp-n|2		i_0	FALSE
a	a	v	g	divagație|=|Ncfsrn|2	divagații|divagație|Ncfp-n|2	e	j	FALSE
a	a	v	n	divan|=|Ncms-n|1	divane|divan|Ncfp-n|1		e	FALSE
a	a	v	n	divan|=|Ncms-n|1	divanuri|divan|Ncfp-n|1		u r i_0	FALSE
a	a	n	ts	divinație|=|Ncfsrn|2	divinații|divinație|Ncfp-n|2	e	j	FALSE
a	a	t	ts	dizertație|=|Ncfsrn|2	dizertații|dizertație|Ncfp-n|2	e	j	FALSE
a	a	r	ts	dizgrație|=|Ncfsrn|1	dizgrații|dizgrație|Ncfp-n|1	e	j	FALSE
a	a	v	n	dizolvant|=|Ncms-n|2	dizolvanți|dizolvant|Ncmp-n|2		i_0	FALSE
a	a	o_X	g	doagă|=|Ncfsrn|0	doage|doagă|Ncfp-n|0	ă	e	FALSE
a	a	o_X	m	doamnă|=|Ncfsrn|0	doamne|doamnă|Ncfp-n|0	ă	e	FALSE
a	a	r	n	doctorand|=|Ncms-n|2	doctoranzi|doctorand|Ncmp-n|2		i_0	FALSE
a	a	r	t	doctorat|=|Ncms-n|2	doctorate|doctorat|Ncfp-n|2		e	FALSE
a	a	n	r	doctrinară|=|Ncfsrn|2	doctrinare|doctrinară|Ncfp-n|2	ă	e	FALSE
a	a	t	r	documentar|=|Ncms-n|3	documentare|documentar|Ncfp-n|3		e	FALSE
a	a	t	ts	documentație|=|Ncfsrn|3	documentații|documentație|Ncfp-n|3	e	j	FALSE
a	a	k	s	dodecasilab|=|Ncms-n|4	dodecasilabe|dodecasilab|Ncfp-n|4		e	FALSE
a	a	k	s	dodecasilab|=|Ncms-n|4	dodecasilabi|dodecasilab|Ncmp-n|4		i_0	FALSE
a	a	g	r	dogar|=|Ncms-n|1	dogare|dogar|Ncfp-n|1		e	FALSE
a	a	g	r	dogar|=|Ncms-n|1	dogari|dogar|Ncmp-n|1		i_0	FALSE
a	a	l	r	dolar|=|Ncms-n|1	dolari|dolar|Ncmp-n|1		i_0	FALSE
a	a	e	n	doleanță|=|Ncfsrn|2	doleanțe|doleanță|Ncfp-n|2	ă	e	FALSE
a	a	n	n	dominantă|=|Ncfsrn|2	dominante|dominantă|Ncfp-n|2	ă	e	FALSE
a	a	n	ts	dominație|=|Ncfsrn|2	dominații|dominație|Ncfp-n|2	e	j	FALSE
a	a	k	n	dominicană|=|Ncfsrn|3	dominicane|dominicană|Ncfp-n|3	ă	e	FALSE
a	a	o_X	r	domnișoară|=|Ncfsrn|2	domnișoare|domnișoară|Ncfp-n|2	ă	e	FALSE
a	a	n	ts	donație|=|Ncfsrn|1	donații|donație|Ncfp-n|1	e	j	FALSE
a	a	p	Z	dopaj|=|Ncms-n|1	dopaje|dopaj|Ncfp-n|1		e	FALSE
a	a	b	n	dorobanț|=|Ncms-n|2	dorobanți|dorobanț|Ncmp-n|2		i_0	FALSE
a	a	s	r	dosar|=|Ncms-n|1	dosare|dosar|Ncfp-n|1		e	FALSE
a	a	z	Z	dozaj|=|Ncms-n|1	dozaje|dozaj|Ncfp-n|1		e	FALSE
a	a	r	k	drac|=|Ncms-n|0	draci|drac|Ncmp-n|0		tS	FALSE
a	a	r	g	dragă|=|Ncfsrn|0	drage|dragă|Ncfp-n|0	ă	e	FALSE
a	a	r	j	draibăr|=|Ncms-n|0	draibăre|draibăr|Ncfp-n|0		e	FALSE
a	a	r	m	dram|=|Ncms-n|0	dramuri|dram|Ncfp-n|0		u r i_0	FALSE
a	a	r	m	dramă|=|Ncfsrn|0	drame|dramă|Ncfp-n|0	ă	e	FALSE
a	a	n	Z	drenaj|=|Ncms-n|1	drenaje|drenaj|Ncfp-n|1		e	FALSE
a	a	o_X	r	drojdioară|=|Ncfsrn|2	drojdioare|drojdioară|Ncfp-n|2	ă	e	FALSE
a	a	m	r	drumar|=|Ncms-n|1	drumari|drumar|Ncmp-n|1		i_0	FALSE
a	a	e_X	g	drumeag|=|Ncms-n|1	drumeaguri|drumeag|Ncfp-n|1		u r i_0	FALSE
a	a	u	l	dual|=|Ncms-n|1	duale|dual|Ncfp-n|1		e	FALSE
a	a	k	t	ducat|=|Ncms-n|1	ducați|ducat|Ncmp-n|1		i_0	FALSE
a	a	p	l	ducipal|=|Ncms-n|2	ducipali|ducipal|Ncmp-n|2		i_0	FALSE
a	a	l	m	dulamă|=|Ncfsrn|1	dulame|dulamă|Ncfp-n|1	ă	e	FALSE
a	a	l	p	dulap|=|Ncms-n|1	dulapi|dulap|Ncmp-n|1		i_0	FALSE
a	a	l	p	dulap|=|Ncms-n|1	dulapuri|dulap|Ncfp-n|1		u r i_0	FALSE
a	a	r	v	dumbravnic|=|Ncms-n|1	dumbravnici|dumbravnic|Ncmp-n|1		tS	FALSE
a	a	r	t	durată|=|Ncfsrn|1	durate|durată|Ncfp-n|1	ă	e	FALSE
a	a	m	n	dușman|=|Afpms-n|1	dușmani|dușman|Ncmp-n|1		i_0	FALSE
a	a	m	n	dușmancă|=|Ncfsrn|1	dușmance|dușmancă|Ncfp-n|1	ă	e	FALSE
a	a	k	r	ecart|=|Ncms-n|1	ecarturi|ecart|Ncfp-n|1		u r i_0	FALSE
a	a	t	n	echidistanță|=|Ncfsrn|3	echidistanțe|echidistanță|Ncfp-n|3	ă	e	FALSE
a	a	p	Z	echipaj|=|Ncms-n|2	echipaje|echipaj|Ncfp-n|2		e	FALSE
a	a	i	r	ecleziarh|=|Ncms-n|3	ecleziarhi|ecleziarh|Ncmp-n|3		i_0	FALSE
a	a	o_X	m	econoamă|=|Ncfsrn|2	econoame|econoamă|Ncfp-n|2	ă	e	FALSE
a	a	r	n	ecran|=|Ncms-n|1	ecrane|ecran|Ncfp-n|1		e	FALSE
a	a	u	ts	ecuație|=|Ncfsrn|2	ecuații|ecuație|Ncfp-n|1	e	j	TRUE
a	a	i	l	editorial|=|Ncms-n|4	editoriale|editorial|Ncfp-n|4		e	FALSE
a	a	k	ts	educație|=|Ncfsrn|2	educații|educație|Ncfp-n|2	e	j	FALSE
a	a	g	l	egal|=|Afpms-n|1	egali|egal|Ncmp-n|1		i_0	FALSE
a	a	g	l	egală|=|Ncfsrn|1	egale|egală|Ncfp-n|1	ă	e	FALSE
a	a	l	n	elan|=|Ncms-n|1	elani|elan|Ncmp-n|1		i_0	FALSE
a	a	l	n	elan|=|Ncms-n|1	elanuri|elan|Ncfp-n|1		u r i_0	FALSE
a	a	r	t	electorat|=|Ncms-n|3	electorate|electorat|Ncfp-n|3		e	FALSE
a	a	f	l	electroencefalograf|=|Ncms-n|7	electroencefalografe|electroencefalograf|Ncfp-n|7		e	FALSE
a	a	f	l	electroencefalogramă|=|Ncfsrn|7	electroencefalograme|electroencefalogramă|Ncfp-n|7	ă	e	FALSE
a	a	l	n	electroizolant|=|Afpms-n|5	electroizolanți|electroizolant|Ncmp-n|5		i_0	FALSE
a	a	f	n	elefant|=|Ncms-n|2	elefanți|elefant|Ncmp-n|2		i_0	FALSE
a	a	g	n	eleganță|=|Ncfsrn|2	eleganțe|eleganță|Ncfp-n|2	ă	e	FALSE
a	a	r	t	eliberat|=|Afpms-n|3	eliberați|eliberat|Ncmp-n|3		i_0	FALSE
a	a	r	ts	elucubrație|=|Ncfsrn|3	elucubrații|elucubrație|Ncfp-n|3	e	j	FALSE
a	a	m	j	email|=|Ncms-n|1	emailuri|email|Ncfp-n|1		u r i_0	FALSE
a	a	m	n	emanație|=|Ncfsrn|2	emanații|emanație|Ncfp-n|2	e	j	FALSE
a	a	f	z	emfază|=|Ncfsrn|1	emfaze|emfază|Ncfp-n|1	ă	e	FALSE
a	a	r	n	emigrant|=|Ncms-n|2	emigranți|emigrant|Ncmp-n|2		i_0	FALSE
a	a	r	t	emigrat|=|Ncms-n|2	emigrați|emigrat|Ncmp-n|2		i_0	FALSE
a	a	s	r	emisar|=|Ncms-n|2	emisare|emisar|Ncfp-n|2		e	FALSE
a	a	s	r	emisar|=|Ncms-n|2	emisari|emisar|Ncmp-n|2		i_0	FALSE
a	a	l	ts	emulație|=|Ncfsrn|2	emulații|emulație|Ncfp-n|2	e	j	FALSE
a	a	l	v	enclavă|=|Ncfsrn|1	enclave|enclavă|Ncfp-n|1	ă	e	FALSE
a	a	o_X	j	englezoaică|=|Ncfsrn|2	englezoaice|englezoaică|Ncfp-n|2	ă	e	FALSE
a	a	i	S	enoriaș|=|Ncms-n|3	enoriași|enoriaș|Ncmp-n|3		i_0	FALSE
a	a	i	S	enoriașă|=|Ncfsrn|3	enoriașe|enoriașă|Ncfp-n|3	ă	e	FALSE
a	a	i	s	entuziasm|=|Ncms-n|3	entuziasme|entuziasm|Ncfp-n|3		e	FALSE
a	a	i	s	entuziast|=|Ncms-n|3	entuziaști|entuziast|Ncmp-n|2		i_0	TRUE
a	a	r	m	epigramă|=|Ncfsrn|2	epigrame|epigramă|Ncfp-n|2	ă	e	FALSE
a	a	l	r	epistolar|=|Ncms-n|3	epistolare|epistolar|Ncfp-n|3		e	FALSE
a	a	t	f	epitaf|=|Ncms-n|2	epitafuri|epitaf|Ncfp-n|2		u r i_0	FALSE
a	a	r	t	erată|=|Ncfsrn|1	erate|erată|Ncfp-n|1	ă	e	FALSE
a	a	l	s	eritroblast|=|Ncms-n|3	eritroblaști|eritroblast|Ncmp-n|3		i_0	FALSE
a	a	t	ts	eructație|=|Ncfsrn|2	eructații|eructație|Ncfp-n|2	e	j	FALSE
a	a	z	ts	erzaț|=|Ncms-n|1	erzațuri|erzaț|Ncfp-n|1		u r i_0	FALSE
a	a	k	l	escaladă|=|Ncfsrn|2	escalade|escaladă|Ncfp-n|2	ă	e	FALSE
a	a	k	l	escală|=|Ncfsrn|1	escale|escală|Ncfp-n|1	ă	e	FALSE
a	a	k	p	escapadă|=|Ncfsrn|2	escapade|escapadă|Ncfp-n|2	ă	e	FALSE
a	a	o_X	k	escroacă|=|Ncfsrn|1	escroace|escroacă|Ncfp-n|1	ă	e	FALSE
a	a	l	p	esculap|=|Ncms-n|2	esculapi|esculap|Ncmp-n|2		i_0	FALSE
a	a	f	g	esofag|=|Ncms-n|2	esofage|esofag|Ncfp-n|2		e	FALSE
a	a	f	g	esofag|=|Ncms-n|2	esofaguri|esofag|Ncfp-n|2		u r i_0	FALSE
a	a	l	n	esplanadă|=|Ncfsrn|2	esplanade|esplanadă|Ncfp-n|2	ă	e	FALSE
a	a	t	k	estacadă|=|Ncfsrn|2	estacade|estacadă|Ncfp-n|2	ă	e	FALSE
a	a	u	r	estuar|=|Ncms-n|2	estuare|estuar|Ncfp-n|2		e	FALSE
a	a	t	Z	etaj|=|Ncms-n|1	etaje|etaj|Ncfp-n|1		e	FALSE
a	a	t	p	etapă|=|Ncfsrn|1	etape|etapă|Ncfp-n|1	ă	e	FALSE
a	a	r	v	etravă|=|Ncfsrn|1	etrave|etravă|Ncfp-n|1	ă	e	FALSE
a	a	b	r	euribar|=|Ncms-n|3	euribari|euribar|Ncmp-n|3		i_0	FALSE
a	a	t	t	eurodeputat|=|Ncmsrn|5	eurodeputați|eurodeputat|Ncmp-n|5		i_0	FALSE
a	a	v	n	evantai|=|Ncms-n|2	evantaie|evantai|Ncfp-n|2	i	j e	FALSE
a	a	i	t	evidențiat|=|Ncms-n|4	evidențiați|evidențiat|Ncmp-n|4		i_0	FALSE
a	a	i	t	evidențiată|=|Ncfsrn|4	evidențiate|evidențiată|Ncfp-n|4	ă	e	FALSE
a	a	z	m	examen|=|Ncms-n|1	examene|examen|Ncfp-n|1		e	FALSE
a	a	z	r	exarh|=|Ncms-n|1	exarhi|exarh|Ncmp-n|1		i_0	FALSE
a	a	t	n	executant|=|Ncms-n|3	executanți|executant|Ncmp-n|3		i_0	FALSE
a	a	l	r	exemplar|=|Afpms-n|2	exemplare|exemplar|Ncfp-n|2		e	FALSE
a	a	l	r	exilarh|=|Ncms-n|2	exilarhi|exilarh|Ncmp-n|2		i_0	FALSE
a	a	t	ts	expectație|=|Ncfsrn|2	expectații|expectație|Ncfp-n|2	e	j	FALSE
a	a	r	ts	expirație|=|Ncfsrn|2	expirații|expirație|Ncfp-n|2	e	j	FALSE
a	a	k	ts	explicație|=|Ncfsrn|2	explicații|explicație|Ncfp-n|2	e	j	FALSE
a	a	o_X	t	exploatată|=|Ncfsrn|2	exploatate|exploatată|Ncfp-n|2	ă	e	FALSE
a	a	o_X	t	exploatație|=|Ncfsrn|2	exploatații|exploatație|Ncfp-n|2	e	j	FALSE
a	a	n	t	exponat|=|Ncms-n|2	exponate|exponat|Ncfp-n|2		e	FALSE
a	a	z	n	expozant|=|Ncms-n|2	expozanți|expozant|Ncmp-n|2		i_0	FALSE
a	a	t	z	extaz|=|Ncms-n|1	extaze|extaz|Ncfp-n|1		e	FALSE
a	a	n	t	externat|=|Ncms-n|2	externate|externat|Ncfp-n|2		e	FALSE
a	a	r	k	extract|=|Ncms-n|1	extracte|extract|Ncfp-n|1		e	FALSE
a	a	r	k	extracție|=|Ncfsrn|1	extracții|extracție|Ncfp-n|1	e	j	FALSE
a	a	r	gZ	extragere|=|Ncfsrn|1	extrageri|extragere|Ncfp-n|1	e	i_0	FALSE
a	a	r	s	extras|=|Afpms-n|1	extrase|extras|Ncfp-n|1		e	FALSE
a	a	r	s	extras|=|Afpms-n|1	extrasuri|extras|Ncfp-n|1		u r i_0	FALSE
a	a	S	r	eșarfă|=|Ncfsrn|1	eșarfe|eșarfă|Ncfp-n|1	ă	e	FALSE
a	a	f	b	fabricant|=|Ncms-n|2	fabricanți|fabricant|Ncmp-n|2		i_0	FALSE
a	a	f	b	fabricat|=|Afpms-n|2	fabricate|fabricat|Ncfp-n|2		e	FALSE
a	a	f	b	fabricație|=|Ncfsrn|2	fabricații|fabricație|Ncfp-n|2	e	j	FALSE
a	a	f	b	fabrică|=|Ncfsrn|0	fabrici|fabrică|Ncfp-n|0	ă	tS	FALSE
a	a	f	b	fabulație|=|Ncfsrn|2	fabulații|fabulație|Ncfp-n|2	e	j	FALSE
a	a	f	b	fabulă|=|Ncfsrn|0	fabule|fabulă|Ncfp-n|0	ă	e	FALSE
a	a	f	tS	facere|=|Ncfsrn|0	faceri|facere|Ncfp-n|0	e	i_0	FALSE
a	a	f	k	factor|=|Ncms-n|0	factori|factor|Ncmp-n|0		i_0	FALSE
a	a	f	g	fag|=|Ncms-n|0	fagi|fag|Ncmp-n|0		gZ	FALSE
a	a	f	g	fagure|=|Ncms-n|0	faguri|fagure|Ncmp-n|0	e	i_0	FALSE
a	a	f	g	fagure|=|Ncms-n|0	fagurii|fagure|Ncmp-n|0	e	i j	FALSE
a	a	f	j	faianță|=|Ncfsrn|1	faianțe|faianță|Ncfp-n|1	ă	e	FALSE
a	a	f	j	faimă|=|Ncfsrn|0	faime|faimă|Ncfp-n|0	ă	e	FALSE
a	a	f	l	falangă|=|Ncfsrn|1	falange|falangă|Ncfp-n|1	ă	e	FALSE
a	a	f	l	fald|=|Ncms-n|0	falduri|fald|Ncfp-n|0		u r i_0	FALSE
a	a	f	l	falie|=|Ncfsrn|0	falii|falie|Ncfp-n|0	e	j	FALSE
a	a	f	l	fals|=|Ncms-n|0	falsuri|fals|Ncfp-n|0		u r i_0	FALSE
a	a	f	l	falus|=|Ncms-n|0	falusuri|falus|Ncfp-n|0		u r i_0	FALSE
a	a	f	l	falț|=|Ncms-n|0	falțuri|falț|Ncfp-n|0		u r i_0	FALSE
a	a	f	n	fan|=|Ncms-n|0	fani|fan|Ncmp-n|0		i_0	FALSE
a	a	f	n	fanatic|=|Ncms-n|1	fanatici|fanatic|Ncmp-n|1		tS	FALSE
a	a	f	n	fanfară|=|Ncfsrn|1	fanfare|fanfară|Ncfp-n|1	ă	e	FALSE
a	a	f	n	fantasmă|=|Ncfsrn|1	fantasme|fantasmă|Ncfp-n|1	ă	e	FALSE
a	a	f	n	fantast|=|Ncms-n|1	fantaști|fantast|Ncmp-n|1		i_0	FALSE
a	a	f	p	fapt|=|Ncms-n|0	fapte|fapt|Ncfp-n|0		e	FALSE
a	a	f	p	fapt|=|Ncms-n|0	fapturi|fapt|Ncfp-n|0		u r i_0	FALSE
a	a	f	p	fapt|=|Ncms-n|0	fapți|fapt|Ncmp-n|0		i_0	FALSE
a	a	f	p	faptă|=|Ncfsrn|0	fapte|faptă|Ncfp-n|0	ă	e	FALSE
a	a	f	r	far|=|Ncms-n|0	faruri|far|Ncfp-n|0		u r i_0	FALSE
a	a	f	r	fard|=|Ncms-n|0	farduri|fard|Ncfp-n|0		u r i_0	FALSE
a	a	f	r	farmec|=|Ncms-n|0	farmece|farmec|Ncfp-n|0		e	FALSE
a	a	f	r	farsă|=|Ncfsrn|0	farse|farsă|Ncfp-n|0	ă	e	FALSE
a	a	f	r	fară|=|Ncfsrn|0	fare|fară|Ncfp-n|0	ă	e	FALSE
a	a	f	s	fascinație|=|Ncfsrn|2	fascinații|fascinație|Ncfp-n|2	e	j	FALSE
a	a	f	s	fasung|=|Ncms-n|0	fasunguri|fasung|Ncfp-n|0		u r i_0	FALSE
a	a	f	u	fault|=|Ncms-n|0	faulturi|fault|Ncfp-n|0		u r i_0	FALSE
a	a	f	u	faună|=|Ncfsrn|0	faune|faună|Ncfp-n|0	ă	e	FALSE
a	a	f	k	fax|=|Ncms-n|0	faxuri|fax|Ncfp-n|0		u r i_0	FALSE
a	a	f	z	fazan|=|Ncms-n|1	fazani|fazan|Ncmp-n|1		i_0	FALSE
a	a	f	z	fază|=|Ncfsrn|0	faze|fază|Ncfp-n|0	ă	e	FALSE
a	a	f	ts	fațadă|=|Ncfsrn|1	fațade|fațadă|Ncfp-n|1	ă	e	FALSE
a	a	o_X	r	fecioară|=|Ncfsrn|1	fecioare|fecioară|Ncfp-n|1	ă	e	FALSE
a	a	r	t	federat|=|Ncms-n|2	federați|federat|Ncmp-n|2		i_0	FALSE
a	a	r	ts	federație|=|Ncfsrn|2	federații|federație|Ncfp-n|2	e	j	FALSE
a	a	S	g	feliușag|=|Ncms-n|2	feliușaguri|feliușag|Ncfp-n|3		u r i_0	TRUE
a	a	t	r	ferentar|=|Ncms-n|2	ferentari|ferentar|Ncmp-n|2		i_0	FALSE
a	a	o_X	r	fermoar|=|Ncms-n|1	fermoare|fermoar|Ncfp-n|1		e	FALSE
a	a	o	l	feroaliaj|=|Ncms-n|4	feroaliaje|feroaliaj|Ncfp-n|4		e	FALSE
a	a	i	r	feroviar|=|Afpms-n|3	feroviari|feroviar|Ncmp-n|3		i_0	FALSE
a	a	i	r	feroviară|=|Ncfsrn|3	feroviare|feroviară|Ncfp-n|3	ă	e	FALSE
a	a	v	l	festival|=|Ncms-n|2	festivaluri|festival|Ncfp-n|2		u r i_0	FALSE
a	a	k	n	fetișcană|=|Ncfsrn|2	fetișcane|fetișcană|Ncfp-n|2	ă	e	FALSE
a	a	j	r	fiară|=|Ncfsrn|0	fiare|fiară|Ncfp-n|0	ă	e	FALSE
a	a	l	ts	fibrilație|=|Ncfsrn|2	fibrilații|fibrilație|Ncfp-n|2	e	j	FALSE
a	a	k	r	fibrocartilaj|=|Ncms-n|4	fibrocartilaje|fibrocartilaj|Ncfp-n|4		e	FALSE
a	a	k	t	ficat|=|Ncms-n|1	ficați|ficat|Ncmp-n|1		i_0	FALSE
a	a	r	r	fierar|=|Ncms-n|1	fierari|fierar|Ncmp-n|1		i_0	FALSE
a	a	r	n	figurant|=|Ncms-n|2	figuranți|figurant|Ncmp-n|2		i_0	FALSE
a	a	r	ts	figurație|=|Ncfsrn|2	figurații|figurație|Ncfp-n|2	e	j	FALSE
a	a	l	Z	filaj|=|Ncms-n|1	filaje|filaj|Ncfp-n|1		e	FALSE
a	a	i	l	filială|=|Ncfsrn|2	filiale|filială|Ncfp-n|2	ă	e	FALSE
a	a	r	f	filmfonograf|=|Ncms-n|3	filmfonografe|filmfonograf|Ncfp-n|3		e	FALSE
a	a	n	l	final|=|Afpms-n|1	finale|final|Ncfp-n|1		e	FALSE
a	a	n	l	final|=|Afpms-n|1	finaluri|final|Ncfp-n|1		u r i_0	FALSE
a	a	n	l	finală|=|Ncfsrn|1	finale|finală|Ncfp-n|1	ă	e	FALSE
a	a	n	n	financiară|=|Ncfsrn|3	financiare|financiară|Ncfp-n|3	ă	e	FALSE
a	a	s	Z	finisaj|=|Ncms-n|2	finisaje|finisaj|Ncfp-n|2		e	FALSE
a	a	s	ts	fixație|=|Ncfsrn|1	fixații|fixație|Ncfp-n|1	e	j	FALSE
a	a	l	k	flacără|=|Ncfsrn|0	flacăre|flacără|Ncfp-n|0	ă	e	FALSE
a	a	l	k	flacără|=|Ncfsrn|0	flacări|flacără|Ncfp-n|0	ă	i_0	FALSE
a	a	l	n	flanc|=|Ncms-n|0	flancuri|flanc|Ncfp-n|0		u r i_0	FALSE
a	a	l	u	flaut|=|Ncms-n|0	flaute|flaut|Ncfp-n|0		e	FALSE
a	a	l	u	flaut|=|Ncms-n|0	flauți|flaut|Ncmp-n|0		i_0	FALSE
a	a	l	S	flașnetar|=|Ncms-n|2	flașnetari|flașnetar|Ncmp-n|2		i_0	FALSE
a	a	e_X	k	fleac|=|Ncms-n|0	fleacuri|fleac|Ncfp-n|0		u r i_0	FALSE
a	a	o_X	n	fleoancă|=|Ncfsrn|0	fleoance|fleoancă|Ncfp-n|0	ă	e	FALSE
a	a	o_X	r	fleoarcă|=|Ncfsrn|0	fleoarce|fleoarcă|Ncfp-n|0	ă	e	FALSE
a	a	u	ts	fluctuație|=|Ncfsrn|2	fluctuații|fluctuație|Ncfp-n|1	e	j	TRUE
a	a	r	S	fluturaș|=|Ncms-n|2	fluturași|fluturaș|Ncmp-n|2		i_0	FALSE
a	a	o_X	k	foac|=|Ncms-n|0	foaci|foac|Ncmp-n|0		tS	FALSE
a	a	o_X	r	foarfec|=|Ncms-n|0	foarfeci|foarfec|Ncmp-n|0		tS	FALSE
a	a	o_X	r	foarfecă|=|Ncfsrn|0	foarfece|foarfecă|Ncfp-n|0	ă	e	FALSE
a	a	o_X	r	foarfecă|=|Ncfsrn|0	foarfeci|foarfecă|Ncfp-n|0	ă	tS	FALSE
a	a	k	r	focar|=|Ncms-n|1	focare|focar|Ncfp-n|1		e	FALSE
a	a	r	Z	foraj|=|Ncms-n|1	foraje|foraj|Ncfp-n|1		e	FALSE
a	a	m	t	format|=|Ncms-n|1	formate|format|Ncfp-n|1		e	FALSE
a	a	m	ts	formație|=|Ncfsrn|1	formații|formație|Ncfp-n|1	e	j	FALSE
a	a	l	r	formular|=|Ncms-n|2	formulare|formular|Ncfp-n|2		e	FALSE
a	a	k	ts	fortificație|=|Ncfsrn|3	fortificații|fortificație|Ncfp-n|3	e	j	FALSE
a	a	p	n	forșpan|=|Ncms-n|1	forșpane|forșpan|Ncfp-n|1		e	FALSE
a	a	p	n	forșpan|=|Ncms-n|1	forșpanuri|forșpan|Ncfp-n|1		u r i_0	FALSE
a	a	f	t	fosfat|=|Ncms-n|1	fosfați|fosfat|Ncmp-n|1		i_0	FALSE
a	a	r	f	fotograf|=|Ncms-n|2	fotografi|fotograf|Ncmp-n|2		i_0	FALSE
a	a	r	f	fotografă|=|Ncfsrn|2	fotografe|fotografă|Ncfp-n|2	ă	e	FALSE
a	a	r	k	fracție|=|Ncfsrn|0	fracții|fracție|Ncfp-n|0	e	j	FALSE
a	a	r	g	fragă|=|Ncfsrn|0	fragi|fragă|Ncfp-n|0	ă	gZ	FALSE
a	a	r	h	fraht|=|Ncms-n|0	frahturi|fraht|Ncfp-n|0		u r i_0	FALSE
a	a	r	j	fraier|=|Afpms-n|0	fraieri|fraier|Ncmp-n|0		i_0	FALSE
a	a	r	n	franc|=|Ncms-n|0	franci|franc|Ncmp-n|0		tS	FALSE
a	a	r	n	francă|=|Ncfsrn|0	france|francă|Ncfp-n|0	ă	e	FALSE
a	a	r	n	franj|=|Ncms-n|0	franjuri|franj|Ncfp-n|0		u r i_0	FALSE
a	a	r	n	franklin|=|Ncms-n|0	franklini|franklin|Ncmp-n|0		i_0	FALSE
a	a	r	n	franțuzoaică|=|Ncfsrn|2	franțuzoaice|franțuzoaică|Ncfp-n|2	ă	e	FALSE
a	a	r	s	frasin|=|Ncms-n|0	frasini|frasin|Ncmp-n|0		i_0	FALSE
a	a	r	t	frate|=|Ncms-n|0	frați|frate|Ncmp-n|0	e	i_0	FALSE
a	a	r	u	fraudă|=|Ncfsrn|0	fraude|fraudă|Ncfp-n|0	ă	e	FALSE
a	a	r	z	frază|=|Ncfsrn|0	fraze|frază|Ncfp-n|0	ă	e	FALSE
a	a	g	t	fregată|=|Ncfsrn|1	fregate|fregată|Ncfp-n|1	ă	e	FALSE
a	a	k	ts	fructificație|=|Ncfsrn|3	fructificații|fructificație|Ncfp-n|3	e	j	FALSE
a	a	o_X	s	frumoasă|=|Ncfsrn|1	frumoase|frumoasă|Ncfp-n|1	ă	e	FALSE
a	a	t	S	fruntaș|=|Afpms-n|1	fruntași|fruntaș|Ncmp-n|1		i_0	FALSE
a	a	t	S	fruntașă|=|Ncfsrn|1	fruntașe|fruntașă|Ncfp-n|1	ă	e	FALSE
a	a	g	r	fugar|=|Afpms-n|1	fugari|fugar|Ncmp-n|1		i_0	FALSE
a	a	l	r	fular|=|Ncms-n|1	fulare|fular|Ncfp-n|1		e	FALSE
a	a	w	r	fumuar|=|Ncms-n|1	fumuare|fumuar|Ncfp-n|2		e	TRUE
a	a	n	r	funcționar|=|Ncms-n|3	funcționari|funcționar|Ncmp-n|3		i_0	FALSE
a	a	n	r	funcționară|=|Ncfsrn|3	funcționare|funcționară|Ncfp-n|3	ă	e	FALSE
a	a	r	S	funcționăraș|=|Ncms-n|4	funcționărași|funcționăraș|Ncmp-n|4		i_0	FALSE
a	a	d	l	fundal|=|Ncms-n|1	fundale|fundal|Ncfp-n|1		e	FALSE
a	a	d	l	fundal|=|Ncms-n|1	fundaluri|fundal|Ncfp-n|1		u r i_0	FALSE
a	a	d	S	fundaș|=|Ncms-n|1	fundași|fundaș|Ncmp-n|1		i_0	FALSE
a	a	d	ts	fundație|=|Ncfsrn|1	fundații|fundație|Ncfp-n|1	e	j	FALSE
a	a	r	Z	furaj|=|Ncms-n|1	furaje|furaj|Ncfp-n|1		e	FALSE
a	a	n	l	furnal|=|Ncms-n|1	furnale|furnal|Ncfp-n|1		e	FALSE
a	a	k	r	furnicar|=|Ncms-n|2	furnicare|furnicar|Ncfp-n|2		e	FALSE
a	a	k	r	furnicar|=|Ncms-n|2	furnicari|furnicar|Ncmp-n|2		i_0	FALSE
a	a	S	g	furtișag|=|Ncms-n|2	furtișaguri|furtișag|Ncfp-n|2		u r i_0	FALSE
a	a	g	ts	fustigație|=|Ncfsrn|2	fustigații|fustigație|Ncfp-n|2	e	j	FALSE
a	a	l	Z	fuzelaj|=|Ncms-n|2	fuzelaje|fuzelaj|Ncfp-n|2		e	FALSE
a	a	o_X	r	fântâioară|=|Ncfsrn|2	fântâioare|fântâioară|Ncfp-n|2	ă	e	FALSE
a	a	o_X	r	fântânioară|=|Ncfsrn|2	fântânioare|fântânioară|Ncfp-n|2	ă	e	FALSE
a	a	g	S	făgaș|=|Ncms-n|1	făgașe|făgaș|Ncfp-n|1		e	FALSE
a	a	g	S	făgaș|=|Ncms-n|1	făgașuri|făgaș|Ncfp-n|1		u r i_0	FALSE
a	a	t	S	făptaș|=|Ncms-n|1	făptași|făptaș|Ncmp-n|1		i_0	FALSE
a	a	r	S	făraș|=|Ncms-n|1	fărașe|făraș|Ncfp-n|1		e	FALSE
a	a	ts	r	fățarnic|=|Ncms-n|1	fățarnici|fățarnic|Ncmp-n|1		tS	FALSE
a	a	g	f	gafă|=|Ncfsrn|0	gafe|gafă|Ncfp-n|0	ă	e	FALSE
a	a	g	g	gag|=|Ncms-n|0	gaguri|gag|Ncfp-n|0		u r i_0	FALSE
a	a	g	i	gaiță|=|Ncfsrn|0	gaițe|gaiță|Ncfp-n|0	ă	e	FALSE
a	a	g	Z	gaj|=|Ncms-n|0	gajuri|gaj|Ncfp-n|0		u r i_0	FALSE
a	a	g	l	gal|=|Ncms-n|0	gali|gal|Ncmp-n|0		i_0	FALSE
a	a	g	l	galb|=|Ncms-n|0	galburi|galb|Ncfp-n|0		u r i_0	FALSE
a	a	g	l	galbenă|=|Ncfsrn|0	galbene|galbenă|Ncfp-n|0	ă	e	FALSE
a	a	g	l	gală|=|Ncfsrn|0	gale|gală|Ncfp-n|0	ă	e	FALSE
a	a	g	m	gambă|=|Ncfsrn|0	gambe|gambă|Ncfp-n|0	ă	e	FALSE
a	a	g	m	gamă|=|Ncfsrn|0	game|gamă|Ncfp-n|0	ă	e	FALSE
a	a	g	n	gang|=|Ncms-n|0	ganguri|gang|Ncfp-n|0		u r i_0	FALSE
a	a	g	n	gangster|=|Ncms-n|0	gangsteri|gangster|Ncmp-n|0		i_0	FALSE
a	a	g	o	gaolean|=|Ncms-n|3	gaoleani|gaolean|Ncmp-n|3		i_0	FALSE
a	a	g	r	garaj|=|Ncms-n|1	garaje|garaj|Ncfp-n|1		e	FALSE
a	a	g	r	garant|=|Ncms-n|1	garanți|garant|Ncmp-n|1		i_0	FALSE
a	a	g	r	garantă|=|Ncfsrn|1	garante|garantă|Ncfp-n|1	ă	e	FALSE
a	a	g	r	gard|=|Ncms-n|0	garduri|gard|Ncfp-n|0		u r i_0	FALSE
a	a	g	r	garf|=|Ncms-n|0	garfuri|garf|Ncfp-n|0		u r i_0	FALSE
a	a	g	r	gargară|=|Ncfsrn|1	gargare|gargară|Ncfp-n|1	ă	e	FALSE
a	a	g	r	garnizoană|=|Ncfsrn|2	garnizoane|garnizoană|Ncfp-n|2	ă	e	FALSE
a	a	g	t	gater|=|Ncms-n|0	gatere|gater|Ncfp-n|0		e	FALSE
a	a	g	u	gauss|=|Ncms-n|0	gauși|gauss|Ncmp-n|0		i_0	FALSE
a	a	g	z	gaz|=|Ncms-n|0	gaze|gaz|Ncfp-n|0		e	FALSE
a	a	g	z	gazdă|=|Ncfsrn|0	gazde|gazdă|Ncfp-n|0	ă	e	FALSE
a	a	g	z	gazetar|=|Ncms-n|2	gazetari|gazetar|Ncmp-n|2		i_0	FALSE
a	a	g	S	gașperiță|=|Ncfsrn|0	gașperițe|gașperiță|Ncfp-n|0	ă	e	FALSE
a	a	gZ	m	geam|=|Ncms-n|0	geamuri|geam|Ncfp-n|0		u r i_0	FALSE
a	a	gZ	m	geamantan|=|Ncms-n|2	geamantane|geamantan|Ncfp-n|2		e	FALSE
a	a	gZ	m	geamantănaș|=|Ncms-n|3	geamantănașe|geamantănaș|Ncfp-n|3		e	FALSE
a	a	gZ	m	geamblac|=|Ncms-n|1	geamblacuri|geamblac|Ncfp-n|1		u r i_0	FALSE
a	a	gZ	r	gear|=|Ncms-n|0	gearuri|gear|Ncfp-n|0		u r i_0	FALSE
a	a	r	l	general|=|Ncms-n|2	generali|general|Ncmp-n|2		i_0	FALSE
a	a	r	ts	generație|=|Ncfsrn|2	generații|generație|Ncfp-n|2	e	j	FALSE
a	a	r	f	geograf|=|Ncms-n|2	geografi|geograf|Ncmp-n|2		i_0	FALSE
a	a	r	h	gerah|=|Ncms-n|1	gerahi|gerah|Ncmp-n|1		i_0	FALSE
a	a	m	n	german|=|Afpms-n|1	germani|german|Ncmp-n|1		i_0	FALSE
a	a	n	r	gestionar|=|Ncms-n|3	gestionari|gestionar|Ncmp-n|3		i_0	FALSE
a	a	n	r	gestionară|=|Ncfsrn|3	gestionare|gestionară|Ncfp-n|3	ă	e	FALSE
a	a	g_j	r	gheară|=|Ncfsrn|0	gheare|gheară|Ncfp-n|0	ă	e	FALSE
a	a	d	p	gherdap|=|Ncms-n|1	gherdapuri|gherdap|Ncfp-n|1		u r i_0	FALSE
a	a	t	r	gheșeftar|=|Ncms-n|2	gheșeftari|gheșeftar|Ncmp-n|2		i_0	FALSE
a	a	ts	r	ghețar|=|Ncms-n|1	ghețare|ghețar|Ncfp-n|1		e	FALSE
a	a	ts	r	ghețar|=|Ncms-n|1	ghețari|ghețar|Ncmp-n|1		i_0	FALSE
a	a	d	Z	ghidaj|=|Ncms-n|1	ghidaje|ghidaj|Ncfp-n|1		e	FALSE
a	a	r	n	ghidran|=|Ncms-n|1	ghidrani|ghidran|Ncmp-n|1		i_0	FALSE
a	a	ts	r	ghiocear|=|Ncms-n|1	ghioceari|ghiocear|Ncmp-n|2		i_0	TRUE
a	a	d	n	ghiozdan|=|Ncms-n|1	ghiozdane|ghiozdan|Ncfp-n|1		e	FALSE
a	a	n	S	ghiozdănaș|=|Ncms-n|2	ghiozdănașe|ghiozdănaș|Ncfp-n|2		e	FALSE
a	a	l	n	ghirlandă|=|Ncfsrn|1	ghirlande|ghirlandă|Ncfp-n|1	ă	e	FALSE
a	a	gZ	k	giacă|=|Ncfsrn|0	giace|giacă|Ncfp-n|0	ă	e	FALSE
a	a	gZ	r	giardia|=|Ncfsry|0	giardii|giardia|Ncfp-n|0	a	j	FALSE
a	a	g	n	gigant|=|Ncms-n|1	giganți|gigant|Ncmp-n|1		i_0	FALSE
a	a	n	s	gimnast|=|Ncms-n|1	gimnaști|gimnast|Ncmp-n|1		i_0	FALSE
a	a	n	s	gimnastică|=|Ncfsrn|1	gimnastici|gimnastică|Ncfp-n|1	ă	tS	FALSE
a	a	n	s	gimnastă|=|Ncfsrn|1	gimnaste|gimnastă|Ncfp-n|1	ă	e	FALSE
a	a	n	z	gimnaziu|=|Ncms-n|1	gimnazii|gimnaziu|Ncfp-n|1	u	i	FALSE
a	a	o_X	l	gioală|=|Ncfsrn|0	gioale|gioală|Ncfp-n|0	ă	e	FALSE
a	a	o_X	r	gioarsă|=|Ncfsrn|0	gioarse|gioarsă|Ncfp-n|0	ă	e	FALSE
a	a	r	f	girafă|=|Ncfsrn|1	girafe|girafă|Ncfp-n|1	ă	e	FALSE
a	a	l	d	gladiș|=|Ncms-n|0	gladiși|gladiș|Ncmp-n|0		i_0	FALSE
a	a	l	f	glaf|=|Ncms-n|0	glafuri|glaf|Ncfp-n|0		u r i_0	FALSE
a	a	l	n	gland|=|Ncms-n|0	glanduri|gland|Ncfp-n|0		u r i_0	FALSE
a	a	l	n	glandă|=|Ncfsrn|0	glande|glandă|Ncfp-n|0	ă	e	FALSE
a	a	l	n	glanț|=|Ncms-n|0	glanțuri|glanț|Ncfp-n|0		u r i_0	FALSE
a	a	l	s	glas|=|Ncms-n|0	glasuri|glas|Ncfp-n|0		u r i_0	FALSE
a	a	l	s	glasvand|=|Ncms-n|0	glasvanduri|glasvand|Ncfp-n|0		u r i_0	FALSE
a	a	o_X	b	gloabă|=|Ncfsrn|0	gloabe|gloabă|Ncfp-n|0	ă	e	FALSE
a	a	n	j	gnais|=|Ncms-n|0	gnaisuri|gnais|Ncfp-n|0		u r i_0	FALSE
a	a	o_X	n	goangă|=|Ncfsrn|0	goange|goangă|Ncfp-n|0	ă	e	FALSE
a	a	o_X	n	goană|=|Ncfsrn|0	goane|goană|Ncfp-n|0	ă	e	FALSE
a	a	o_X	r	goarnă|=|Ncfsrn|0	goarne|goarnă|Ncfp-n|0	ă	e	FALSE
a	a	l	n	goeland|=|Ncms-n|2	goelanzi|goeland|Ncmp-n|2		i_0	FALSE
a	a	o_X	S	gogoașă|=|Ncfsrn|1	gogoașe|gogoașă|Ncfp-n|1	ă	e	FALSE
a	a	l	n	golan|=|Ncms-n|1	golani|golan|Ncmp-n|1		i_0	FALSE
a	a	l	v	golaveraj|=|Ncms-n|3	golaveraje|golaveraj|Ncfp-n|3		e	FALSE
a	a	i	r	goliard|=|Ncms-n|2	goliarzi|goliard|Ncmp-n|2		i_0	FALSE
a	a	d	r	gospodar|=|Ncms-n|2	gospodari|gospodar|Ncmp-n|2		i_0	FALSE
a	a	k	n	gotcan|=|Ncms-n|1	gotcani|gotcan|Ncmp-n|1		i_0	FALSE
a	a	n	r	goștinar|=|Ncms-n|2	goștinari|goștinar|Ncmp-n|2		i_0	FALSE
a	a	r	d	grad|=|Ncms-n|0	grade|grad|Ncfp-n|0		e	FALSE
a	a	r	f	graf|=|Ncms-n|0	grafe|graf|Ncfp-n|0		e	FALSE
a	a	r	f	graf|=|Ncms-n|0	grafi|graf|Ncmp-n|0		i_0	FALSE
a	a	r	f	graf|=|Ncms-n|0	grafuri|graf|Ncfp-n|0		u r i_0	FALSE
a	a	r	f	grafic|=|Afpms-n|0	grafice|grafic|Ncfp-n|0		e	FALSE
a	a	r	f	grafică|=|Ncfsrn|0	grafici|grafică|Ncfp-n|0	ă	tS	FALSE
a	a	r	j	graifer|=|Ncms-n|0	graifere|graifer|Ncfp-n|0		e	FALSE
a	a	r	Z	grajd|=|Ncms-n|0	grajduri|grajd|Ncfp-n|0		u r i_0	FALSE
a	a	r	m	gram|=|Ncms-n|0	grame|gram|Ncfp-n|0		e	FALSE
a	a	r	m	gramatică|=|Ncfsrn|1	gramatice|gramatică|Ncfp-n|1	ă	e	FALSE
a	a	r	m	gramatică|=|Ncfsrn|1	gramatici|gramatică|Ncfp-n|1	ă	tS	FALSE
a	a	r	n	grande|=|Ncms-n|0	granzi|grande|Ncmp-n|0	e	i_0	FALSE
a	a	r	n	grangor|=|Ncms-n|0	grangori|grangor|Ncmp-n|0		i_0	FALSE
a	a	r	n	graniță|=|Ncfsrn|0	granițe|graniță|Ncfp-n|0	ă	e	FALSE
a	a	r	n	grant|=|Ncms-n|0	granturi|grant|Ncfp-n|0		u r i_0	FALSE
a	a	r	t	gratie|=|Ncfsrn|0	gratii|gratie|Ncfp-n|0	e	j	FALSE
a	a	r	u	graur|=|Ncms-n|0	grauri|graur|Ncmp-n|0		i_0	FALSE
a	a	r	v	gravitație|=|Ncfsrn|2	gravitații|gravitație|Ncfp-n|2	e	j	FALSE
a	a	r	ts	grație|=|Ncfsrn|0	grații|grație|Ncfp-n|0	e	j	FALSE
a	a	n	d	grenadă|=|Ncfsrn|1	grenade|grenadă|Ncfp-n|1	ă	e	FALSE
a	a	Z	n	grijanie|=|Ncfsrn|1	grijanii|grijanie|Ncfp-n|1	e	j	FALSE
a	a	m	s	grimasă|=|Ncfsrn|1	grimase|grimasă|Ncfp-n|1	ă	e	FALSE
a	a	o_X	z	groază|=|Ncfsrn|0	groaze|groază|Ncfp-n|0	ă	e	FALSE
a	a	p	r	gropar|=|Ncms-n|1	gropari|gropar|Ncmp-n|1		i_0	FALSE
a	a	m	z	grumaz|=|Ncms-n|1	grumaji|grumaz|Ncmp-n|1		i_0	FALSE
a	a	m	z	grumaz|=|Ncms-n|1	grumazi|grumaz|Ncmp-n|1		i_0	FALSE
a	a	m	z	grumaz|=|Ncms-n|1	grumazuri|grumaz|Ncfp-n|1		u r i_0	FALSE
a	a	p	Z	grupaj|=|Ncms-n|1	grupaje|grupaj|Ncfp-n|1		e	FALSE
a	a	n	r	grânar|=|Ncms-n|1	grânare|grânar|Ncfp-n|1		e	FALSE
a	a	n	r	grânar|=|Ncms-n|1	grânari|grânar|Ncmp-n|1		i_0	FALSE
a	a	n	r	grădinar|=|Ncms-n|2	grădinari|grădinar|Ncmp-n|2		i_0	FALSE
a	a	d	r	grăjdar|=|Ncms-n|1	grăjdari|grăjdar|Ncmp-n|1		i_0	FALSE
a	a	t	r	grătar|=|Ncms-n|1	grătare|grătar|Ncfp-n|1		e	FALSE
a	a	w	r	guard|=|Ncms-n|0	guarzi|guard|Ncmp-n|0		i_0	FALSE
a	a	w	r	guardaman|=|Ncms-n|2	guardamane|guardaman|Ncfp-n|2		e	FALSE
a	a	l	s	gumilastic|=|Ncms-n|2	gumilastice|gumilastic|Ncfp-n|2		e	FALSE
a	a	r		guturai|=|Ncms-n|2	guturaie|guturai|Ncfp-n|2	i	j e	FALSE
a	a	n	n	guvernant|=|Afpms-n|2	guvernanți|guvernant|Ncmp-n|2		i_0	FALSE
a	a	n	n	guvernantă|=|Ncfsrn|2	guvernante|guvernantă|Ncfp-n|2	ă	e	FALSE
a	a	g	n	guzgan|=|Ncms-n|1	guzgani|guzgan|Ncmp-n|1		i_0	FALSE
a	a	d	k	gândac|=|Ncms-n|1	gândaci|gândac|Ncmp-n|1		tS	FALSE
a	a	k	r	gâscariță|=|Ncfsrn|1	gâscarițe|gâscariță|Ncfp-n|1	ă	e	FALSE
a	a	n	ts	găinaț|=|Ncms-n|2	găinațe|găinaț|Ncfp-n|1		e	TRUE
a	a	n	ts	găinaț|=|Ncms-n|2	găinațuri|găinaț|Ncfp-n|1		u r i_0	TRUE
a	a	m	n	găman|=|Ncms-n|1	gămani|găman|Ncmp-n|1		i_0	FALSE
a	a	o_X	r	gărăfioară|=|Ncfsrn|2	gărăfioare|gărăfioară|Ncfp-n|3	ă	e	TRUE
a	a	h	b	habitaclu|=|Ncms-n|2	habitacle|habitaclu|Ncfp-n|2	u	e	FALSE
a	a	h	b	habitaclu|=|Ncms-n|2	habitacluri|habitaclu|Ncfp-n|2	u	u r i_0	FALSE
a	a	h	k	hac|=|Ncms-n|0	hacuri|hac|Ncfp-n|0		u r i_0	FALSE
a	a	h	d	hadarag|=|Ncms-n|2	hadaragi|hadarag|Ncmp-n|2		gZ	FALSE
a	a	h	j	haidoș|=|Ncms-n|0	haidoși|haidoș|Ncmp-n|0		i_0	FALSE
a	a	h	j	haină|=|Ncfsrn|0	haine|haină|Ncfp-n|0	ă	e	FALSE
a	a	h	j	haită|=|Ncfsrn|0	haite|haită|Ncfp-n|0	ă	e	FALSE
a	a	h	l	hal|=|Ncms-n|0	haluri|hal|Ncfp-n|0		u r i_0	FALSE
a	a	h	l	halat|=|Ncms-n|1	halate|halat|Ncfp-n|1		e	FALSE
a	a	h	l	halat|=|Ncms-n|1	halaturi|halat|Ncfp-n|1		u r i_0	FALSE
a	a	h	l	halbă|=|Ncfsrn|0	halbe|halbă|Ncfp-n|0	ă	e	FALSE
a	a	h	l	half|=|Ncms-n|0	halfi|half|Ncmp-n|0		i_0	FALSE
a	a	h	l	halucinație|=|Ncfsrn|3	halucinații|halucinație|Ncfp-n|3	e	j	FALSE
a	a	h	l	hală|=|Ncfsrn|0	hale|hală|Ncfp-n|0	ă	e	FALSE
a	a	h	m	ham|=|Ncms-n|0	hamuri|ham|Ncfp-n|0		u r i_0	FALSE
a	a	h	m	hamburger|=|Ncms-n|0	hamburgeri|hamburger|Ncmp-n|0		i_0	FALSE
a	a	h	n	han|=|Ncms-n|0	hani|han|Ncmp-n|0		i_0	FALSE
a	a	h	n	han|=|Ncms-n|0	hanuri|han|Ncfp-n|0		u r i_0	FALSE
a	a	h	n	handicap|=|Ncms-n|2	handicapuri|handicap|Ncfp-n|2		u r i_0	FALSE
a	a	h	n	hang|=|Ncms-n|0	hanguri|hang|Ncfp-n|0		u r i_0	FALSE
a	a	h	n	hangar|=|Ncms-n|1	hangare|hangar|Ncfp-n|1		e	FALSE
a	a	h	n	hanorac|=|Ncms-n|2	hanorace|hanorac|Ncfp-n|2		e	FALSE
a	a	h	o	haos|=|Ncms-n|0	haosuri|haos|Ncfp-n|0		u r i_0	FALSE
a	a	h	p	hapcă|=|Ncfsrn|0	hapci|hapcă|Ncfp-n|0	ă	tS	FALSE
a	a	h	r	har|=|Ncms-n|0	haruri|har|Ncfp-n|0		u r i_0	FALSE
a	a	h	r	harapnic|=|Ncms-n|1	harapnice|harapnic|Ncfp-n|1		e	FALSE
a	a	h	r	hard|=|Ncm--n|0	harduri|hard|Ncfp-n|0		u r i_0	FALSE
a	a	h	r	hardpan|=|Ncms-n|0	hardpane|hardpan|Ncfp-n|0		e	FALSE
a	a	h	r	harpă|=|Ncfsrn|0	harpe|harpă|Ncfp-n|0	ă	e	FALSE
a	a	h	r	harșchină|=|Ncfsrn|0	harșchine|harșchină|Ncfp-n|0	ă	e	FALSE
a	a	h	v	havană|=|Ncfsrn|1	havane|havană|Ncfp-n|1	ă	e	FALSE
a	a	h	z	haz|=|Ncms-n|0	hazuri|haz|Ncfp-n|0		u r i_0	FALSE
a	a	h	z	hazard|=|Ncms-n|1	hazarduri|hazard|Ncfp-n|1		u r i_0	FALSE
a	a	h	z	haznă|=|Ncfsrn|0	hazne|haznă|Ncfp-n|0	ă	e	FALSE
a	a	h	ts	hațegan|=|Ncms-n|2	hațegani|hațegan|Ncmp-n|2		i_0	FALSE
a	a	m	d	hebdomadar|=|Ncms-n|3	hebdomadare|hebdomadar|Ncfp-n|3		e	FALSE
a	a	t	r	hectar|=|Ncms-n|1	hectare|hectar|Ncfp-n|1		e	FALSE
a	a	v	t	hectowatt|=|Ncms-n|2	hectowați|hectowatt|Ncmp-n|2		i_0	FALSE
a	a	m	t	hematozoar|=|Ncms-n|4	hematozoare|hematozoar|Ncfp-n|4		e	FALSE
a	a	r	l	herald|=|Ncms-n|1	heralzi|herald|Ncmp-n|1		i_0	FALSE
a	a	t	b	heterometabolă|=|Ncfsrn|4	heterometabole|heterometabolă|Ncfp-n|4	ă	e	FALSE
a	a	r	n	heterotransplant|=|Ncms-n|4	heterotransplanturi|heterotransplant|Ncfp-n|4		u r i_0	FALSE
a	a	z	m	hexametafosfat|=|Ncms-n|5	hexametafosfați|hexametafosfat|Ncmp-n|5		i_0	FALSE
a	a	s	n	hexan|=|Ncms-n|1	hexani|hexan|Ncmp-n|1		i_0	FALSE
a	a	r	n	hidrant|=|Ncms-n|1	hidrante|hidrant|Ncfp-n|1		e	FALSE
a	a	r	n	hidrant|=|Ncms-n|1	hidranți|hidrant|Ncmp-n|1		i_0	FALSE
a	a	r	t	hidrat|=|Ncms-n|1	hidrați|hidrat|Ncmp-n|1		i_0	FALSE
a	a	r	l	hidrocentrală|=|Ncfsrn|3	hidrocentrale|hidrocentrală|Ncfp-n|3	ă	e	FALSE
a	a	m	s	hidromasaj|=|Ncms-n|3	hidromasaje|hidromasaj|Ncfp-n|3		e	FALSE
a	a	f	n	hierofant|=|Ncms-n|3	hierofanți|hierofant|Ncmp-n|3		i_0	FALSE
a	a	m	r	hipermarket|=|Ncms-n|2	hipermarketuri|hipermarket|Ncfp-n|2		u r i_0	FALSE
a	a	l	ts	hiperventilație|=|Ncfsrn|4	hiperventilații|hiperventilație|Ncfp-n|4	e	j	FALSE
a	a	k	m	hipocamp|=|Ncms-n|2	hipocampi|hipocamp|Ncmp-n|2		i_0	FALSE
a	a	k	u	hipocaust|=|Ncms-n|2	hipocauste|hipocaust|Ncfp-n|2		e	FALSE
a	a	t	m	hipopotam|=|Ncms-n|3	hipopotami|hipopotam|Ncmp-n|3		i_0	FALSE
a	a	t	l	hipotalamus|=|Ncms-n|3	hipotalamusuri|hipotalamus|Ncfp-n|3		u r i_0	FALSE
a	a	t	l	hipotalamus|=|Ncms-n|3	hipotalamuși|hipotalamus|Ncfp-n|3		i_0	FALSE
a	a	t	l	hipotalamus|=|Ncms-n|3	hipotalamuși|hipotalamus|Ncmp-n|3		i_0	FALSE
a	a	e_X	b	hleab|=|Ncms-n|0	hleaburi|hleab|Ncfp-n|0		u r i_0	FALSE
a	a	Z	n	hlujan|=|Ncms-n|1	hlujani|hlujan|Ncmp-n|1		i_0	FALSE
a	a	o_X	n	hoanghină|=|Ncfsrn|0	hoanghine|hoanghină|Ncfp-n|0	ă	e	FALSE
a	a	o_X	r	hoardă|=|Ncfsrn|0	hoarde|hoardă|Ncfp-n|0	ă	e	FALSE
a	a	o_X	r	hoară|=|Ncfsrn|0	hoare|hoară|Ncfp-n|0	ă	e	FALSE
a	a	o_X	s	hoaspă|=|Ncfsrn|0	hoaspe|hoaspă|Ncfp-n|0	ă	e	FALSE
a	a	o_X	S	hoașcă|=|Ncfsrn|0	hoaște|hoașcă|Ncfp-n|0	ă	e	FALSE
a	a	o_X	ts	hoață|=|Ncfsrn|0	hoațe|hoață|Ncfp-n|0	ă	e	FALSE
a	a	gZ	g	hogeag|=|Ncms-n|1	hogeaguri|hogeag|Ncfp-n|1		u r i_0	FALSE
a	a	n	r	hoinar|=|Ncms-n|1	hoinari|hoinar|Ncmp-n|1		i_0	FALSE
a	a	o_X	n	holoangăr|=|Ncms-n|1	holoangări|holoangăr|Ncmp-n|1		i_0	FALSE
a	a	k	w	holocaust|=|Ncms-n|2	holocausturi|holocaust|Ncfp-n|2		u r i_0	FALSE
a	a	u	l	homosexual|=|Ncms-n|4	homosexuali|homosexual|Ncmp-n|4		i_0	FALSE
a	a	t	r	hotar|=|Ncms-n|1	hotare|hotar|Ncfp-n|1		e	FALSE
a	a	o_X	j	hoțoaică|=|Ncfsrn|1	hoțoaice|hoțoaică|Ncfp-n|1	ă	e	FALSE
a	a	o_X	j	hoțoaică|=|Ncfsrn|1	hoțoaicele|hoțoaică|Ncfp-n|1	ă	e l e	FALSE
a	a	r	m	hram|=|Ncms-n|0	hramuri|hram|Ncfp-n|0		u r i_0	FALSE
a	a	r	n	hrană|=|Ncfsrn|0	hrane|hrană|Ncfp-n|0	ă	e	FALSE
a	a	e_X	m	hreamăt|=|Ncms-n|0	hreamăte|hreamăt|Ncfp-n|0		e	FALSE
a	a	k	r	hrișcar|=|Ncms-n|1	hrișcari|hrișcar|Ncmp-n|1		i_0	FALSE
a	a	g	n	huligan|=|Ncms-n|2	huligani|huligan|Ncmp-n|2		i_0	FALSE
a	a	j	d	iad|=|Ncms-n|0	iaduri|iad|Ncfp-n|0		u r i_0	FALSE
a	a	j	h	iaht|=|Ncms-n|0	iahturi|iaht|Ncfp-n|0		u r i_0	FALSE
a	a	j	h	iahtman|=|Ncms-n|1	iahtmani|iahtman|Ncmp-n|1		i_0	FALSE
a	a	j	m	iamb|=|Ncms-n|0	iambi|iamb|Ncmp-n|0		i_0	FALSE
a	a	j	t	iatac|=|Ncms-n|1	iatacuri|iatac|Ncfp-n|1		u r i_0	FALSE
a	a	j	z	iaz|=|Ncms-n|0	iazuri|iaz|Ncfp-n|0		u r i_0	FALSE
a	a	j	S	iașmac|=|Ncms-n|1	iașmace|iașmac|Ncfp-n|1		e	FALSE
a	a	l	n	icioglan|=|Ncms-n|2	icioglani|icioglan|Ncmp-n|2		i_0	FALSE
a	a	o_X	n	icoană|=|Ncfsrn|1	icoane|icoană|Ncfp-n|1	ă	e	FALSE
a	a	n	r	iconar|=|Ncms-n|2	iconari|iconar|Ncmp-n|2		i_0	FALSE
a	a	l	s	iconoclast|=|Afpms-n|3	iconoclaști|iconoclast|Ncmp-n|3		i_0	FALSE
a	a	e	l	ideal|=|Ncms-n|2	idealuri|ideal|Ncfp-n|2		u r i_0	FALSE
a	a	l	s	idioblast|=|Ncms-n|3	idioblaste|idioblast|Ncfp-n|3		e	FALSE
a	a	v	n	ielcovan|=|Ncms-n|2	ielcovani|ielcovan|Ncmp-n|2		i_0	FALSE
a	a	r	S	iepuraș|=|Ncms-n|2	iepurași|iepuraș|Ncmp-n|2		i_0	FALSE
a	a	o_X	j	iepuroaică|=|Ncfsrn|2	iepuroaice|iepuroaică|Ncfp-n|2	ă	e	FALSE
a	a	r	r	ierarh|=|Ncms-n|1	ierarhi|ierarh|Ncmp-n|1		i_0	FALSE
a	a	n	h	ieromonah|=|Ncms-n|3	ieromonahi|ieromonah|Ncmp-n|3		i_0	FALSE
a	a	s	r	ifosard|=|Ncms-n|2	ifosarzi|ifosard|Ncmp-n|2		i_0	FALSE
a	a	n	ts	iluminație|=|Ncfsrn|3	iluminații|iluminație|Ncfp-n|3	e	j	FALSE
a	a	r	t	ilustrată|=|Ncfsrn|2	ilustrate|ilustrată|Ncfp-n|2	ă	e	FALSE
a	a	r	ts	ilustrație|=|Ncfsrn|2	ilustrații|ilustrație|Ncfp-n|2	e	j	FALSE
a	a	m	gZ	imaginație|=|Ncfsrn|3	imaginații|imaginație|Ncfp-n|3	e	j	FALSE
a	a	m	gZ	imagine|=|Ncfsrn|1	imagini|imagine|Ncfp-n|1	e	i_0	FALSE
a	a	m	m	imam|=|Ncms-n|1	imami|imam|Ncmp-n|1		i_0	FALSE
a	a	r	n	imigrant|=|Ncms-n|2	imigranți|imigrant|Ncmp-n|2		i_0	FALSE
a	a	r	ts	imigrație|=|Ncfsrn|2	imigrații|imigrație|Ncfp-n|2	e	j	FALSE
a	a	t	ts	imitație|=|Ncfsrn|2	imitații|imitație|Ncfp-n|2	e	j	FALSE
a	a	p	k	impact|=|Ncms-n|1	impacturi|impact|Ncfp-n|1		u r i_0	FALSE
a	a	p	s	impas|=|Ncms-n|1	impasuri|impas|Ncfp-n|1		u r i_0	FALSE
a	a	i	l	imperială|=|Ncfsrn|3	imperiale|imperială|Ncfp-n|3	ă	e	FALSE
a	a	l	n	implant|=|Ncms-n|1	implante|implant|Ncfp-n|1		e	FALSE
a	a	l	n	implant|=|Ncms-n|1	implanturi|implant|Ncfp-n|1		u r i_0	FALSE
a	a	k	ts	implicație|=|Ncfsrn|2	implicații|implicație|Ncfp-n|2	e	j	FALSE
a	a	s	r	impresar|=|Ncms-n|2	impresari|impresar|Ncmp-n|2		i_0	FALSE
a	a	m	n	imprimantă|=|Ncfsrn|2	imprimante|imprimantă|Ncfp-n|2	ă	e	FALSE
a	a	m	t	imprimat|=|Ncms-n|2	imprimate|imprimat|Ncfp-n|2		e	FALSE
a	a	z	ts	improvizație|=|Ncfsrn|3	improvizații|improvizație|Ncfp-n|3	e	j	FALSE
a	a	k	S	incaș|=|Ncms-n|1	incași|incaș|Ncmp-n|1		i_0	FALSE
a	a	n	t	incriminată|=|Ncfsrn|3	incriminate|incriminată|Ncfp-n|3	ă	e	FALSE
a	a	b	ts	incubație|=|Ncfsrn|2	incubații|incubație|Ncfp-n|2	e	j	FALSE
a	a	p	t	inculpat|=|Afpms-n|2	inculpați|inculpat|Ncmp-n|2		i_0	FALSE
a	a	p	t	inculpată|=|Ncfsrn|2	inculpate|inculpată|Ncfp-n|2	ă	e	FALSE
a	a	n	b	incunabul|=|Ncms-n|2	incunabule|incunabul|Ncfp-n|2		e	FALSE
a	a	z	ts	indemnizație|=|Ncfsrn|3	indemnizații|indemnizație|Ncfp-n|3	e	j	FALSE
a	a	k	ts	indicație|=|Ncfsrn|2	indicații|indicație|Ncfp-n|2	e	j	FALSE
a	a	n	t	indisciplinat|=|Ncms-n|4	indisciplinați|indisciplinat|Ncmp-n|4		i_0	FALSE
a	a	i	S	industriaș|=|Ncms-n|3	industriași|industriaș|Ncmp-n|3		i_0	FALSE
a	a	v	l	inechivalvă|=|Ncfsrn|3	inechivalve|inechivalvă|Ncfp-n|3	ă	e	FALSE
a	a	f	r	infarct|=|Ncms-n|1	infarcte|infarct|Ncfp-n|1		e	FALSE
a	a	f	r	infarct|=|Ncms-n|1	infarcturi|infarct|Ncfp-n|1		u r i_0	FALSE
a	a	o_X	r	inferioară|=|Ncfsrn|3	inferioare|inferioară|Ncfp-n|3	ă	e	FALSE
a	a	r	ts	infiltrație|=|Ncfsrn|2	infiltrații|infiltrație|Ncfp-n|2	e	j	FALSE
a	a	l	m	inflamație|=|Ncfsrn|2	inflamații|inflamație|Ncfp-n|2	e	j	FALSE
a	a	l	ts	inflație|=|Ncfsrn|1	inflații|inflație|Ncfp-n|1	e	j	FALSE
a	a	m	t	informatică|=|Ncfsrn|2	informatici|informatică|Ncfp-n|2	ă	tS	FALSE
a	a	m	ts	informație|=|Ncfsrn|2	informații|informație|Ncfp-n|2	e	j	FALSE
a	a	h	l	inhalație|=|Ncfsrn|2	inhalații|inhalație|Ncfp-n|2	e	j	FALSE
a	a	o_X	r	inimioară|=|Ncfsrn|2	inimioare|inimioară|Ncfp-n|2	ă	e	FALSE
a	a	i	l	inițială|=|Ncfsrn|3	inițiale|inițială|Ncfp-n|3	ă	e	FALSE
a	a	i	t	inițiată|=|Ncfsrn|3	inițiate|inițiată|Ncfp-n|3	ă	e	FALSE
a	a	v	ts	inovație|=|Ncfsrn|2	inovații|inovație|Ncfp-n|2	e	j	FALSE
a	a	s	t	insatisfacție|=|Ncfsrn|3	insatisfacții|insatisfacție|Ncfp-n|3	e	j	FALSE
a	a	t	r	insectar|=|Ncms-n|2	insectare|insectar|Ncfp-n|2		e	FALSE
a	a	i	n	insignifianță|=|Ncfsrn|4	insignifianțe|insignifianță|Ncfp-n|4	ă	e	FALSE
a	a	r	t	inspectorat|=|Ncms-n|3	inspectorate|inspectorat|Ncfp-n|3		e	FALSE
a	a	r	ts	inspirație|=|Ncfsrn|2	inspirații|inspirație|Ncfp-n|2	e	j	FALSE
a	a	t	l	instalație|=|Ncfsrn|2	instalații|instalație|Ncfp-n|2	e	j	FALSE
a	a	t	n	instanță|=|Ncfsrn|1	instanțe|instanță|Ncfp-n|1	ă	e	FALSE
a	a	t	Z	instructaj|=|Ncms-n|2	instructaje|instructaj|Ncfp-n|2		e	FALSE
a	a	t	r	instrumentar|=|Ncms-n|3	instrumentare|instrumentar|Ncfp-n|3		e	FALSE
a	a	r	l	integrală|=|Ncfsrn|2	integrale|integrală|Ncfp-n|2	ă	e	FALSE
a	a	r	m	integramă|=|Ncfsrn|2	integrame|integramă|Ncfp-n|2	ă	e	FALSE
a	a	u	l	intelectual|=|Ncms-n|4	intelectuali|intelectual|Ncmp-n|4		i_0	FALSE
a	a	u	l	intelectuală|=|Ncfsrn|4	intelectuale|intelectuală|Ncfp-n|4	ă	e	FALSE
a	a	r	t	interatracție|=|Ncfsrn|3	interatracții|interatracție|Ncfp-n|4	e	j	TRUE
a	a	l	tS	interglaciație|=|Ncfsrn|4	interglaciații|interglaciație|Ncfp-n|4	e	j	FALSE
a	a	m	t	interimat|=|Ncms-n|3	interimate|interimat|Ncfp-n|3		e	FALSE
a	a	i	r	intermediar|=|Afpms-n|4	intermediari|intermediar|Ncmp-n|4		i_0	FALSE
a	a	n	t	internat|=|Afpms-n|2	internate|internat|Ncfp-n|2		e	FALSE
a	a	g	ts	interogație|=|Ncfsrn|3	interogații|interogație|Ncfp-n|3	e	j	FALSE
a	a	v	l	interval|=|Ncms-n|2	intervale|interval|Ncfp-n|2		e	FALSE
a	a	r	n	intoleranță|=|Ncfsrn|3	intoleranțe|intoleranță|Ncfp-n|3	ă	e	FALSE
a	a	n	ts	intonație|=|Ncfsrn|2	intonații|intonație|Ncfp-n|2	e	j	FALSE
a	a	k	ts	intoxicație|=|Ncfsrn|3	intoxicații|intoxicație|Ncfp-n|3	e	j	FALSE
a	a	r	d	intradermoreacție|=|Ncfsrn|5	intradermoreacții|intradermoreacție|Ncfp-n|4	e	j	TRUE
a	a	r	v	intravilan|=|Ncms-n|3	intravilane|intravilan|Ncfp-n|3		e	FALSE
a	a	g	n	intrigant|=|Afpms-n|2	intriganți|intrigant|Ncmp-n|2		i_0	FALSE
a	a	d	ts	inundație|=|Ncfsrn|2	inundații|inundație|Ncfp-n|2	e	j	FALSE
a	a	v	z	invazie|=|Ncfsrn|1	invazii|invazie|Ncfp-n|1	e	j	FALSE
a	a	t	r	inventar|=|Ncms-n|2	inventare|inventar|Ncfp-n|2		e	FALSE
a	a	g	ts	investigație|=|Ncfsrn|3	investigații|investigație|Ncfp-n|3	e	j	FALSE
a	a	t	t	invitat|=|Afpms-n|2	invitați|invitat|Ncmp-n|2		i_0	FALSE
a	a	t	t	invitată|=|Ncfsrn|2	invitate|invitată|Ncfp-n|2	ă	e	FALSE
a	a	t	ts	invitație|=|Ncfsrn|2	invitații|invitație|Ncfp-n|2	e	j	FALSE
a	a	b	g	iobag|=|Ncms-n|1	iobagi|iobag|Ncmp-n|1		gZ	FALSE
a	a	d	n	iordan|=|Ncms-n|1	iordane|iordan|Ncfp-n|1		e	FALSE
a	a	v	n	iorgovan|=|Ncms-n|2	iorgovani|iorgovan|Ncmp-n|2		i_0	FALSE
a	a	t	z	ipostază|=|Ncfsrn|2	ipostaze|ipostază|Ncfp-n|2	ă	e	FALSE
a	a	g	ts	irigație|=|Ncfsrn|2	irigații|irigație|Ncfp-n|2	e	j	FALSE
a	a	r	v	ispravnic|=|Ncms-n|1	ispravnici|ispravnic|Ncmp-n|1		tS	FALSE
a	a	o_X	r	istorioară|=|Ncfsrn|3	istorioare|istorioară|Ncfp-n|3	ă	e	FALSE
a	a	r	r	itinerariu|=|Ncmsrn|3	itinerarii|itinerariu|Ncfp-n|3	u	j	FALSE
a	a	b	t	izobată|=|Ncfsrn|2	izobate|izobată|Ncfp-n|2	ă	e	FALSE
a	a	l	ts	izolație|=|Ncfsrn|2	izolații|izolație|Ncfp-n|2	e	j	FALSE
a	a	Z	b	jab|=|Ncms-n|0	jaburi|jab|Ncfp-n|0		u r i_0	FALSE
a	a	Z	d	jad|=|Ncms-n|0	jaduri|jad|Ncfp-n|0		u r i_0	FALSE
a	a	Z	f	jaf|=|Ncms-n|0	jafuri|jaf|Ncfp-n|0		u r i_0	FALSE
a	a	Z	l	jalbă|=|Ncfsrn|0	jalbe|jalbă|Ncfp-n|0	ă	e	FALSE
a	a	Z	l	jaleș|=|Ncms-n|0	jaleși|jaleș|Ncmp-n|0		i_0	FALSE
a	a	Z	m	jamaică|=|Ncfsrn|1	jamaice|jamaică|Ncfp-n|1	ă	e	FALSE
a	a	Z	m	jamaică|=|Ncfsrn|1	jamaici|jamaică|Ncfp-n|1	ă	tS	FALSE
a	a	Z	n	jandarm|=|Ncms-n|1	jandarmi|jandarm|Ncmp-n|1		i_0	FALSE
a	a	Z	n	jantă|=|Ncfsrn|0	jante|jantă|Ncfp-n|0	ă	e	FALSE
a	a	Z	n	janț|=|Ncms-n|0	janțuri|janț|Ncfp-n|0		u r i_0	FALSE
a	a	Z	p	jap|=|Ncms-n|0	japi|jap|Ncmp-n|0		i_0	FALSE
a	a	Z	p	jap|=|Ncms-n|0	japuri|jap|Ncfp-n|0		u r i_0	FALSE
a	a	Z	p	japșă|=|Ncfsrn|0	japșe|japșă|Ncfp-n|0	ă	e	FALSE
a	a	Z	r	jariște|=|Ncfsrn|0	jariști|jariște|Ncfp-n|0	e	i_0	FALSE
a	a	Z	z	jazband|=|Ncms-n|0	jazbanduri|jazband|Ncfp-n|0		u r i_0	FALSE
a	a	Z	z	jazz|=|Ncms-n|0	jazzuri|jazz|Ncfp-n|0		z u r i_0	FALSE
a	a	l	n	jelanie|=|Ncfsrn|1	jelanii|jelanie|Ncfp-n|1	e	j	FALSE
a	a	g_j	b	jgheab|=|Ncms-n|0	jgheaburi|jgheab|Ncfp-n|0		u r i_0	FALSE
a	a	o_X	n	joantă|=|Ncfsrn|0	joante|joantă|Ncfp-n|0	ă	e	FALSE
a	a	o_X	r	joardă|=|Ncfsrn|0	joarde|joardă|Ncfp-n|0	ă	e	FALSE
a	a	k	n	judocan|=|Ncms-n|2	judocani|judocan|Ncmp-n|2		i_0	FALSE
a	a	k	n	juncan|=|Ncms-n|1	juncani|juncan|Ncmp-n|1		i_0	FALSE
a	a	o_X	r	junioară|=|Ncfsrn|2	junioare|junioară|Ncfp-n|2	ă	e	FALSE
a	a	r	t	jurat|=|Afpms-n|1	jurați|jurat|Ncmp-n|1		i_0	FALSE
a	a	n	l	jurnal|=|Ncms-n|1	jurnale|jurnal|Ncfp-n|1		e	FALSE
a	a	i	b	justițiabil|=|Afpms-n|3	justițiabili|justițiabil|Ncmp-n|3		i_0	FALSE
a	a	k	n	jăpcan|=|Ncms-n|1	jăpcani|jăpcan|Ncmp-n|1		i_0	FALSE
a	a	k	j	kaiser|=|Ncms-n|0	kaiseri|kaiser|Ncmp-n|0		i_0	FALSE
a	a	k	j	kaizer|=|Ncms-n|0	kaizeri|kaizer|Ncmp-n|0		i_0	FALSE
a	a	k	r	karling|=|Ncms-n|0	karlinguri|karling|Ncfp-n|0		u r i_0	FALSE
a	a	k	r	kart|=|Ncms-n|0	karturi|kart|Ncfp-n|0		u r i_0	FALSE
a	a	k	z	kazah|=|Ncms-n|1	kazahi|kazah|Ncmp-n|1		i_0	FALSE
a	a	r	m	kilogram|=|Ncms-n|2	kilograme|kilogram|Ncfp-n|2		e	FALSE
a	a	v	r	kilovar|=|Ncms-n|2	kilovari|kilovar|Ncmp-n|2		i_0	FALSE
a	a	l	k	lac|=|Ncms-n|0	lacuri|lac|Ncfp-n|0		u r i_0	FALSE
a	a	l	k	lacrimă|=|Ncfsrn|0	lacrimi|lacrimă|Ncfp-n|0	ă	i_0	FALSE
a	a	l	k	lacrămă|=|Ncfsrn|0	lacrămi|lacrămă|Ncfp-n|0	ă	i_0	FALSE
a	a	l	k	lacs|=|Ncms-n|0	lacși|lacs|Ncmp-n|0		i_0	FALSE
a	a	l	k	lactat|=|Ncms-n|1	lactate|lactat|Ncfp-n|1		e	FALSE
a	a	l	k	lactat|=|Ncms-n|1	lactați|lactat|Ncmp-n|1		i_0	FALSE
a	a	l	k	lacăt|=|Ncms-n|0	lacăte|lacăt|Ncfp-n|0		e	FALSE
a	a	l	g	lagăr|=|Ncms-n|0	lagăre|lagăr|Ncfp-n|0		e	FALSE
a	a	l	j	laitmotiv|=|Ncms-n|0	laitmotive|laitmotiv|Ncfp-n|0		e	FALSE
a	a	l	j	laitmotiv|=|Ncms-n|0	laitmotivuri|laitmotiv|Ncfp-n|2		u r i_0	TRUE
a	a	l	i	laiță|=|Ncfsrn|0	laițe|laiță|Ncfp-n|0	ă	e	FALSE
a	a	l	m	lamă|=|Ncfsrn|0	lame|lamă|Ncfp-n|0	ă	e	FALSE
a	a	l	n	lan|=|Ncms-n|0	lanuri|lan|Ncfp-n|0		u r i_0	FALSE
a	a	l	n	land|=|Ncms-n|0	landuri|land|Ncfp-n|0		u r i_0	FALSE
a	a	l	n	landgraf|=|Ncms-n|0	landgrafi|landgraf|Ncmp-n|0		i_0	FALSE
a	a	l	n	landras|=|Ncm--n|0	landrași|landras|Ncmp-n|1		i_0	TRUE
a	a	l	n	landșaft|=|Ncms-n|0	landșafturi|landșaft|Ncfp-n|0		u r i_0	FALSE
a	a	l	n	lanț|=|Ncms-n|0	lanțuri|lanț|Ncfp-n|0		u r i_0	FALSE
a	a	l	p	lapidarium|=|Ncms-n|2	lapidariumuri|lapidarium|Ncfp-n|2		u r i_0	FALSE
a	a	l	p	lapsus|=|Ncms-n|0	lapsusuri|lapsus|Ncfp-n|0		u r i_0	FALSE
a	a	l	p	lapte|=|Ncms-n|0	lapți|lapte|Ncmp-n|0	e	i_0	FALSE
a	a	l	p	laptop|=|Ncms-n|0	laptopuri|laptop|Ncfp-n|0		u r i_0	FALSE
a	a	l	r	larg|=|Afpms-n|0	larguri|larg|Ncfp-n|0		u r i_0	FALSE
a	a	l	r	larvă|=|Ncfsrn|0	larve|larvă|Ncfp-n|0	ă	e	FALSE
a	a	l	s	laser|=|Ncms-n|0	Laseri|laser|Ncmp-n|0		i_0	FALSE
a	a	l	s	laser|=|Ncms-n|0	lasere|laser|Ncfp-n|0		e	FALSE
a	a	l	t	lat|=|Afpms-n|0	laturi|lat|Ncfp-n|0		u r i_0	FALSE
a	a	l	t	laterală|=|Ncfsrn|2	laterale|laterală|Ncfp-n|2	ă	e	FALSE
a	a	l	t	latifundiar|=|Ncms-n|4	latifundiari|latifundiar|Ncmp-n|4		i_0	FALSE
a	a	l	t	latură|=|Ncfsrn|0	laturi|latură|Ncfp-n|0	ă	i_0	FALSE
a	a	l	u	laudă|=|Ncfsrn|0	laude|laudă|Ncfp-n|0	ă	e	FALSE
a	a	l	u	laur|=|Ncms-n|0	lauri|laur|Ncmp-n|0		i_0	FALSE
a	a	l	u	laureat|=|Afpms-n|3	laureați|laureat|Ncmp-n|3		i_0	FALSE
a	a	l	u	laureată|=|Ncfsrn|3	laureate|laureată|Ncfp-n|3	ă	e	FALSE
a	a	l	v	lavandă|=|Ncfsrn|1	lavande|lavandă|Ncfp-n|1	ă	e	FALSE
a	a	l	v	lavoar|=|Ncms-n|1	lavoare|lavoar|Ncfp-n|1		e	FALSE
a	a	l	v	lavrac|=|Ncms-n|1	lavraci|lavrac|Ncmp-n|1		tS	FALSE
a	a	l	S	laș|=|Ncms-n|0	lași|laș|Ncmp-n|0		i_0	FALSE
a	a	l	ts	laț|=|Ncms-n|0	lațuri|laț|Ncfp-n|0		u r i_0	FALSE
a	a	e_X	k	leac|=|Ncms-n|0	leacuri|leac|Ncfp-n|0		u r i_0	FALSE
a	a	e_X	g	leagăn|=|Ncms-n|0	leagăne|leagăn|Ncfp-n|0		e	FALSE
a	a	e_X	ts	leaț|=|Ncms-n|0	leațuri|leaț|Ncfp-n|0		u r i_0	FALSE
a	a	n	r	legionar|=|Ncms-n|3	legionari|legionar|Ncmp-n|3		i_0	FALSE
a	a	n	r	legionară|=|Ncfsrn|3	legionare|legionară|Ncfp-n|3	ă	e	FALSE
a	a	l	ts	legislație|=|Ncfsrn|2	legislații|legislație|Ncfp-n|2	e	j	FALSE
a	a	m	ts	legitimație|=|Ncfsrn|3	legitimații|legitimație|Ncfp-n|3	e	j	FALSE
a	a	o_X	j	leoaică|=|Ncfsrn|1	leoaice|leoaică|Ncfp-n|1	ă	e	FALSE
a	a	o_X	r	leoarbă|=|Ncfsrn|0	leoarbe|leoarbă|Ncfp-n|0	ă	e	FALSE
a	a	p	r	leopard|=|Ncms-n|2	leoparzi|leopard|Ncmp-n|2		i_0	FALSE
a	a	l	s	leucoplast|=|Ncms-n|3	leucoplaste|leucoplast|Ncfp-n|3		e	FALSE
a	a	l	s	leucoplast|=|Ncms-n|3	leucoplasturi|leucoplast|Ncfp-n|3		u r i_0	FALSE
a	a	i	n	liant|=|Ncms-n|1	lianți|liant|Ncmp-n|1		i_0	FALSE
a	a	r	l	liberal|=|Ncms-n|2	liberali|liberal|Ncmp-n|2		i_0	FALSE
a	a	r	r	librar|=|Ncms-n|1	librari|librar|Ncmp-n|1		i_0	FALSE
a	a	i	t	licențiat|=|Afpms-n|3	licențiați|licențiat|Ncmp-n|3		i_0	FALSE
a	a	d	t	lichidat|=|Ncms-n|2	lichidați|lichidat|Ncmp-n|2		i_0	FALSE
a	a	t	ts	licitație|=|Ncfsrn|2	licitații|licitație|Ncfp-n|2	e	j	FALSE
a	a	g_j	n	lighean|=|Ncms-n|1	ligheane|lighean|Ncfp-n|1		e	FALSE
a	a	m	n	liman|=|Ncms-n|1	limane|liman|Ncfp-n|1		e	FALSE
a	a	m	n	liman|=|Ncms-n|1	limanuri|liman|Ncfp-n|1		u r i_0	FALSE
a	a	m	k	limax|=|Ncms-n|1	limacși|limax|Ncmp-n|1		i_0	FALSE
a	a	b	Z	limbaj|=|Ncms-n|1	limbaje|limbaj|Ncfp-n|1		e	FALSE
a	a	b	Z	limbaj|=|Ncms-n|1	limbajuri|limbaj|Ncfp-n|1		u r i_0	FALSE
a	a	f	t	limfatic|=|Afpms-n|1	limfatici|limfatic|Ncmp-n|1		tS	FALSE
a	a	S	Z	linșaj|=|Ncms-n|1	linșaje|linșaj|Ncfp-n|1		e	FALSE
a	a	e_X	n	liopciofleandură|=|Ncfsrn|2	liopciofleandure|liopciofleandură|Ncfp-n|2	ă	e	FALSE
a	a	ts	n	lipițan|=|Ncms-n|2	lipițani|lipițan|Ncmp-n|2		i_0	FALSE
a	a	k	n	lipscan|=|Ncms-n|1	lipscani|lipscan|Ncmp-n|1		i_0	FALSE
a	a	r	l	litoral|=|Ncms-n|2	litoraluri|litoral|Ncfp-n|2		u r i_0	FALSE
a	a	k	l	local|=|Afpms-n|1	localuri|local|Ncfp-n|1		u r i_0	FALSE
a	a	k	l	localnic|=|Ncms-n|1	localnici|localnic|Ncmp-n|1		tS	FALSE
a	a	k	l	localnică|=|Ncfsrn|1	localnice|localnică|Ncfp-n|1	ă	e	FALSE
a	a	k	n	locantă|=|Ncfsrn|1	locante|locantă|Ncfp-n|1	ă	e	FALSE
a	a	k	t	locatar|=|Ncms-n|2	locatari|locatar|Ncmp-n|2		i_0	FALSE
a	a	k	t	locatară|=|Ncfsrn|2	locatare|locatară|Ncfp-n|2	ă	e	FALSE
a	a	k	S	locaș|=|Ncms-n|1	locașuri|locaș|Ncfp-n|1		u r i_0	FALSE
a	a	k	ts	locație|=|Ncfsrn|1	locații|locație|Ncfp-n|1	e	j	FALSE
a	a	t	t	loghiotat|=|Ncms-n|3	loghiotați|loghiotat|Ncmp-n|3		i_0	FALSE
a	a	b	r	longobard|=|Ncms-n|2	longobarzi|longobard|Ncmp-n|2		i_0	FALSE
a	a	i	n	lubrifiant|=|Ncms-n|3	lubrifianți|lubrifiant|Ncmp-n|3		i_0	FALSE
a	a	o_X	s	luminoasă|=|Ncfsrn|2	luminoase|luminoasă|Ncfp-n|2	ă	e	FALSE
a	a	r	r	lumânărar|=|Ncms-n|3	lumânărari|lumânărar|Ncmp-n|3		i_0	FALSE
a	a	g	n	lungan|=|Ncms-n|1	lungani|lungan|Ncmp-n|1		i_0	FALSE
a	a	r	Z	lungmetraj|=|Ncms-n|2	lungmetraje|lungmetraj|Ncfp-n|2		e	FALSE
a	a	r	Z	lungmetraj|=|Ncms-n|2	lungmetrajuri|lungmetraj|Ncfp-n|2		u r i_0	FALSE
a	a	o_X	j	lupoaică|=|Ncfsrn|1	lupoaice|lupoaică|Ncfp-n|1	ă	e	FALSE
a	a	t	n	lusitan|=|Afpms-n|2	lusitani|lusitan|Ncmp-n|2		i_0	FALSE
a	a	t	n	lusitană|=|Ncfsrn|2	lusitane|lusitană|Ncfp-n|2	ă	e	FALSE
a	a	r	ts	lustrație|=|Ncfsrn|1	lustrații|lustrație|Ncfp-n|1	e	j	FALSE
a	a	s	ts	luxație|=|Ncfsrn|1	luxații|luxație|Ncfp-n|1	e	j	FALSE
a	a	k	S	lăcaș|=|Ncms-n|1	lăcașe|lăcaș|Ncfp-n|1		e	FALSE
a	a	k	S	lăcaș|=|Ncms-n|1	lăcașuri|lăcaș|Ncfp-n|1		u r i_0	FALSE
a	a	o_X	r	lăcrămioară|=|Ncfsrn|2	lăcrămioare|lăcrămioară|Ncfp-n|2	ă	e	FALSE
a	a	t	r	lăstar|=|Ncms-n|1	lăstare|lăstar|Ncfp-n|1		e	FALSE
a	a	t	r	lăstar|=|Ncms-n|1	lăstari|lăstar|Ncmp-n|1		i_0	FALSE
a	a	r	t	lătrat|=|Ncms-n|1	lătraturi|lătrat|Ncfp-n|1		u r i_0	FALSE
a	a	t	r	lăutar|=|Ncms-n|2	lăutari|lăutar|Ncmp-n|2		i_0	FALSE
a	a	m	k	mac|=|Ncms-n|0	maci|mac|Ncmp-n|0		tS	FALSE
a	a	m	k	macac|=|Ncms-n|1	macaci|macac|Ncmp-n|1		tS	FALSE
a	a	m	k	macadam|=|Ncms-n|2	macadamuri|macadam|Ncfp-n|2		u r i_0	FALSE
a	a	m	k	macaz|=|Ncms-n|1	macazuri|macaz|Ncfp-n|1		u r i_0	FALSE
a	a	m	h	mach|=|Ncms-n|0	machi|mach|Ncmp-n|0		k_j	FALSE
a	a	m	k_j	machiaj|=|Ncms-n|2	machiaje|machiaj|Ncfp-n|2		e	FALSE
a	a	m	k	macrosporange|=|Ncms-n|3	macrosporangi|macrosporange|Ncmp-n|3	e	gZ	FALSE
a	a	m	d	madamă|=|Ncfsrn|1	madame|madamă|Ncfp-n|1	ă	e	FALSE
a	a	m	f	mafie|=|Ncfsrn|0	mafii|mafie|Ncfp-n|0	e	j	FALSE
a	a	m	g	mag|=|Ncms-n|0	magi|mag|Ncmp-n|0		gZ	FALSE
a	a	m	g_j	maghiar|=|Ncms-n|1	maghiari|maghiar|Ncmp-n|1		i_0	FALSE
a	a	m	g_j	maghiară|=|Ncfsrn|1	maghiare|maghiară|Ncfp-n|1	ă	e	FALSE
a	a	m	gZ	magistrală|=|Ncfsrn|2	magistrale|magistrală|Ncfp-n|2	ă	e	FALSE
a	a	m	gZ	magistrat|=|Ncms-n|2	magistrați|magistrat|Ncmp-n|2		i_0	FALSE
a	a	m	g	magnat|=|Ncms-n|1	magnați|magnat|Ncmp-n|1		i_0	FALSE
a	a	m	g	magnetohidrodinamică|=|Ncfsrn|6	magnetohidrodinamici|magnetohidrodinamică|Ncfp-n|6	ă	tS	FALSE
a	a	m	h	mahalagioaică|=|Ncfsrn|3	mahalagioaice|mahalagioaică|Ncfp-n|3	ă	e	FALSE
a	a	m	h	mahalagioaică|=|Ncfsrn|3	mahalagioaicele|mahalagioaică|Ncfp-n|3	ă	e l e	FALSE
a	a	m	h	maharadjah|=|Ncms-n|3	maharadjahi|maharadjah|Ncmp-n|3		i_0	FALSE
a	a	m	h	mahomedan|=|Afpms-n|3	mahomedani|mahomedan|Ncmp-n|3		i_0	FALSE
a	a	m	h	mahăr|=|Ncms-n|0	mahări|mahăr|Ncmp-n|0		i_0	FALSE
a	a	m	j	maial|=|Ncms-n|1	maiale|maial|Ncfp-n|1		e	FALSE
a	a	m	j	maică|=|Ncfsrn|0	maice|maică|Ncfp-n|0	ă	e	FALSE
a	a	m	j	maică|=|Ncfsrn|0	maici|maică|Ncfp-n|0	ă	tS	FALSE
a	a	m	j	maidan|=|Ncms-n|1	maidane|maidan|Ncfp-n|1		e	FALSE
a	a	m	j	mail|=|Ncms-n|0	mailuri|mail|Ncfp-n|0		u r i_0	FALSE
a	a	m	j	maimare|=|Ncms-n|1	maimari|maimare|Ncmp-n|1	e	i_0	FALSE
a	a	m	j	maistru|=|Ncms-n|0	maiștri|maistru|Ncmp-n|0	u	i	FALSE
a	a	m	Z	majorat|=|Afpms-n|2	majorate|majorat|Ncfp-n|2		e	FALSE
a	a	m	l	mal|=|Ncms-n|0	maluri|mal|Ncfp-n|0		u r i_0	FALSE
a	a	m	l	malarie|=|Ncfsrn|1	malarii|malarie|Ncfp-n|1	e	j	FALSE
a	a	m	l	maldăr|=|Ncms-n|0	maldăre|maldăr|Ncfp-n|0		e	FALSE
a	a	m	l	malformație|=|Ncfsrn|2	malformații|malformație|Ncfp-n|2	e	j	FALSE
a	a	m	l	mall|=|Ncms-n|0	malluri|mall|Ncfp-n|0		u r i_0	FALSE
a	a	m	m	mamoș|=|Ncms-n|0	mamoși|mamoș|Ncmp-n|0		i_0	FALSE
a	a	m	m	mamă|=|Ncfsrn|0	mame|mamă|Ncfp-n|0	ă	e	FALSE
a	a	m	n	manager|=|Ncms-n|0	manageri|manager|Ncmp-n|0		i_0	FALSE
a	a	m	n	mandat|=|Ncms-n|1	mandate|mandat|Ncfp-n|1		e	FALSE
a	a	m	n	mandatar|=|Ncms-n|2	mandatari|mandatar|Ncmp-n|2		i_0	FALSE
a	a	m	n	manevrant|=|Ncms-n|2	manevranți|manevrant|Ncmp-n|2		i_0	FALSE
a	a	m	n	mangal|=|Ncms-n|1	mangale|mangal|Ncfp-n|1		e	FALSE
a	a	m	n	mangal|=|Ncms-n|1	mangaluri|mangal|Ncfp-n|1		u r i_0	FALSE
a	a	m	n	mangăl|=|Ncms-n|0	mangăle|mangăl|Ncfp-n|0		e	FALSE
a	a	m	n	manifestant|=|Ncms-n|3	manifestanți|manifestant|Ncmp-n|3		i_0	FALSE
a	a	m	n	manifestație|=|Ncfsrn|3	manifestații|manifestație|Ncfp-n|3	e	j	FALSE
a	a	m	n	manipulant|=|Ncms-n|3	manipulanți|manipulant|Ncmp-n|3		i_0	FALSE
a	a	m	n	mansardă|=|Ncfsrn|1	mansarde|mansardă|Ncfp-n|1	ă	e	FALSE
a	a	m	n	mantie|=|Ncfsrn|0	mantii|mantie|Ncfp-n|0	e	j	FALSE
a	a	m	n	mantă|=|Ncfsrn|0	mante|mantă|Ncfp-n|0	ă	e	FALSE
a	a	m	n	manual|=|Afpms-n|2	manuale|manual|Ncfp-n|2		e	FALSE
a	a	m	n	mană|=|Ncfsrn|0	mane|mană|Ncfp-n|0	ă	e	FALSE
a	a	m	n	manșă|=|Ncfsrn|0	manșe|manșă|Ncfp-n|0	ă	e	FALSE
a	a	m	p	mapă|=|Ncfsrn|0	mape|mapă|Ncfp-n|0	ă	e	FALSE
a	a	m	r	marasm|=|Ncms-n|1	marasme|marasm|Ncfp-n|1		e	FALSE
a	a	m	r	marc|=|Ncms-n|0	marcuri|marc|Ncfp-n|0		u r i_0	FALSE
a	a	m	r	marcaj|=|Ncms-n|1	marcaje|marcaj|Ncfp-n|1		e	FALSE
a	a	m	r	marcgraf|=|Ncms-n|1	marcgrafi|marcgraf|Ncmp-n|1		i_0	FALSE
a	a	m	r	mardeiaș|=|Ncms-n|2	mardeiași|mardeiaș|Ncmp-n|2		i_0	FALSE
a	a	m	r	mareșal|=|Ncms-n|2	mareșali|mareșal|Ncmp-n|2		i_0	FALSE
a	a	m	r	margine|=|Ncfsrn|0	margini|margine|Ncfp-n|0	e	i_0	FALSE
a	a	m	r	margă|=|Ncfsrn|0	marge|margă|Ncfp-n|0	ă	e	FALSE
a	a	m	r	mariaj|=|Ncms-n|2	mariaje|mariaj|Ncfp-n|2		e	FALSE
a	a	m	r	marinar|=|Ncms-n|2	marinari|marinar|Ncmp-n|2		i_0	FALSE
a	a	m	r	marjă|=|Ncfsrn|0	marje|marjă|Ncfp-n|0	ă	e	FALSE
a	a	m	r	marmeladă|=|Ncfsrn|2	marmelade|marmeladă|Ncfp-n|2	ă	e	FALSE
a	a	m	r	marmură|=|Ncfsrn|0	marmure|marmură|Ncfp-n|0	ă	e	FALSE
a	a	m	r	marmură|=|Ncfsrn|0	marmuri|marmură|Ncfp-n|0	ă	i_0	FALSE
a	a	m	r	marocan|=|Ncms-n|2	marocani|marocan|Ncmp-n|2		i_0	FALSE
a	a	m	r	marocană|=|Ncfsrn|2	marocane|marocană|Ncfp-n|2	ă	e	FALSE
a	a	m	r	marsupial|=|Ncms-n|3	marsupiale|marsupial|Ncfp-n|3		e	FALSE
a	a	m	r	marsupial|=|Ncms-n|3	marsupiali|marsupial|Ncmp-n|3		i_0	FALSE
a	a	m	r	martiraj|=|Ncms-n|2	martiraje|martiraj|Ncfp-n|2		e	FALSE
a	a	m	r	martor|=|Ncms-n|0	martori|martor|Ncmp-n|0		i_0	FALSE
a	a	m	r	martoră|=|Ncfsrn|0	martore|martoră|Ncfp-n|0	ă	e	FALSE
a	a	m	r	marș|=|Ncms-n|0	marșuri|marș|Ncfp-n|0		u r i_0	FALSE
a	a	m	r	marț|=|Ncms-n|0	marțuri|marț|Ncfp-n|0		u r i_0	FALSE
a	a	m	s	mas|=|Ncms-n|0	masuri|mas|Ncfp-n|0		u r i_0	FALSE
a	a	m	s	masacru|=|Ncms-n|1	masacre|masacru|Ncfp-n|1	u	e	FALSE
a	a	m	s	masaj|=|Ncms-n|1	masaje|masaj|Ncfp-n|1		e	FALSE
a	a	m	s	masaj|=|Ncms-n|1	masajuri|masaj|Ncfp-n|1		u r i_0	FALSE
a	a	m	s	mascaradă|=|Ncfsrn|2	mascarade|mascaradă|Ncfp-n|2	ă	e	FALSE
a	a	m	s	mast|=|Ncms-n|0	masturi|mast|Ncfp-n|0		u r i_0	FALSE
a	a	m	s	master|=|Ncms-n|0	masteri|master|Ncmp-n|0		i_0	FALSE
a	a	m	s	masterand|=|Ncms-n|2	masteranzi|masterand|Ncmp-n|2		i_0	FALSE
a	a	m	s	masterat|=|Ncms-n|2	masterate|masterat|Ncfp-n|2		e	FALSE
a	a	m	s	masă|=|Ncfsrn|0	mase|masă|Ncfp-n|0	ă	e	FALSE
a	a	m	t	matahală|=|Ncfsrn|2	matahale|matahală|Ncfp-n|2	ă	e	FALSE
a	a	m	t	matematică|=|Ncfsrn|2	matematice|matematică|Ncfp-n|2	ă	e	FALSE
a	a	m	t	matematică|=|Ncfsrn|2	matematici|matematică|Ncfp-n|2	ă	tS	FALSE
a	a	m	t	material|=|Afpms-n|3	materiale|material|Ncfp-n|3		e	FALSE
a	a	m	t	material|=|Afpms-n|3	materialuri|material|Ncfp-n|2		u r i_0	TRUE
a	a	m	u	maus|=|Ncms-n|0	mausuri|maus|Ncfp-n|0		u r i_0	FALSE
a	a	m	k	maxilar|=|Ncms-n|2	maxilare|maxilar|Ncfp-n|2		e	FALSE
a	a	m	k	maxim|=|Ncms-n|0	maximuri|maxim|Ncfp-n|0		u r i_0	FALSE
a	a	m	k	maximă|=|Ncfsrn|0	maxime|maximă|Ncfp-n|0	ă	e	FALSE
a	a	m	k	maxwell|=|Ncms-n|0	maxwelli|maxwell|Ncmp-n|0		l j	FALSE
a	a	m	j	maya|=|Ncfsry|0	maye|maya|Ncfp-n|0	a	e	FALSE
a	a	m	z	mazdrac|=|Ncms-n|1	mazdrace|mazdrac|Ncfp-n|1		e	FALSE
a	a	m	z	mazăre|=|Ncfs-n|0	mazări|mazăre|Ncfp-n|0	e	i_0	FALSE
a	a	m	ts	maț|=|Ncms-n|0	mațe|maț|Ncfp-n|0		e	FALSE
a	a	e	t	meat|=|Ncms-n|1	meaturi|meat|Ncfp-n|1		u r i_0	FALSE
a	a	k	n	mecanic|=|Afpms-n|1	mecanici|mecanic|Ncmp-n|1		tS	FALSE
a	a	d	l	medaliat|=|Afpms-n|3	medaliați|medaliat|Ncmp-n|3		i_0	FALSE
a	a	d	l	medaliată|=|Ncfsrn|3	medaliate|medaliată|Ncfp-n|3	ă	e	FALSE
a	a	d	l	medalie|=|Ncfsrn|1	medalii|medalie|Ncfp-n|1	e	j	FALSE
a	a	k	m	medicamentație|=|Ncfsrn|4	medicamentații|medicamentație|Ncfp-n|4	e	j	FALSE
a	a	k	ts	medicație|=|Ncfsrn|2	medicații|medicație|Ncfp-n|2	e	j	FALSE
a	a	t	ts	meditație|=|Ncfsrn|2	meditații|meditație|Ncfp-n|2	e	j	FALSE
a	a	g	l	megalocefal|=|Ncms-n|4	megalocefali|megalocefal|Ncmp-n|4		i_0	FALSE
a	a	g	s	megastar|=|Ncms-n|2	megastaruri|megastar|Ncfp-n|2		u r i_0	FALSE
a	a	t	n	meghistan|=|Ncms-n|2	meghistani|meghistan|Ncmp-n|2		i_0	FALSE
a	a	e_X	g	meleag|=|Ncms-n|1	meleaguri|meleag|Ncfp-n|1		u r i_0	FALSE
a	a	m	n	meloman|=|Ncms-n|2	melomani|meloman|Ncmp-n|2		i_0	FALSE
a	a	r	n	membrană|=|Ncfsrn|1	membrane|membrană|Ncfp-n|1	ă	e	FALSE
a	a	r	n	memorand|=|Ncms-n|2	memorande|memorand|Ncfp-n|2		e	FALSE
a	a	r	n	memorand|=|Ncms-n|2	memoranduri|memorand|Ncfp-n|2		u r i_0	FALSE
a	a	r	n	memorandum|=|Ncms-n|2	memorandumuri|memorandum|Ncfp-n|2		u r i_0	FALSE
a	a	i	l	memorial|=|Ncms-n|3	memoriale|memorial|Ncfp-n|3		e	FALSE
a	a	n	n	mentenanță|=|Ncfsrn|2	mentenanțe|mentenanță|Ncfp-n|2	ă	e	FALSE
a	a	e_X	z	mereaz|=|Ncms-n|1	mereazuri|mereaz|Ncfp-n|1		u r i_0	FALSE
a	a	i	n	meridian|=|Ncms-n|3	meridiane|meridian|Ncfp-n|3		e	FALSE
a	a	n	l	meridional|=|Afpms-n|4	meridionali|meridional|Ncmp-n|4		i_0	FALSE
a	a	s	Z	mesaj|=|Ncms-n|1	mesaje|mesaj|Ncfp-n|1		e	FALSE
a	a	o_X	r	mescioară|=|Ncfsrn|1	mescioare|mescioară|Ncfp-n|1	ă	e	FALSE
a	a	i	S	meseriaș|=|Ncms-n|3	meserIași|meseriaș|Ncmp-n|3		i_0	FALSE
a	a	t	k	metacrilat|=|Ncms-n|3	metacrilați|metacrilat|Ncmp-n|3		i_0	FALSE
a	a	t	f	metaforă|=|Ncfsrn|1	metafore|metaforă|Ncfp-n|1	ă	e	FALSE
a	a	t	l	metal|=|Ncms-n|1	metale|metal|Ncfp-n|1		e	FALSE
a	a	t	l	metal|=|Ncms-n|1	metaluri|metal|Ncfp-n|1		u r i_0	FALSE
a	a	t	l	metalimbaj|=|Ncms-n|3	metalimbaje|metalimbaj|Ncfp-n|3		e	FALSE
a	a	t	s	metastază|=|Ncfsrn|2	metastaze|metastază|Ncfp-n|2	ă	e	FALSE
a	a	t	t	metatars|=|Ncms-n|2	metatarsuri|metatars|Ncfp-n|2		u r i_0	FALSE
a	a	s	Z	metisaj|=|Ncmsvn|2	metisaje|metisaj|Ncfp-n|2		e	FALSE
a	a	r	Z	metraj|=|Ncms-n|1	metraje|metraj|Ncfp-n|1		e	FALSE
a	a	k	n	mexican|=|Afpms-n|2	mexicani|mexican|Ncmp-n|2		i_0	FALSE
a	a	k	n	mexicană|=|Ncfsrn|2	mexicane|mexicană|Ncfp-n|2	ă	e	FALSE
a	a	k	f	mezoscaf|=|Ncms-n|2	mezoscafe|mezoscaf|Ncfp-n|2		e	FALSE
a	a	r	n	mezzosoprană|=|Ncfsrn|3	mezzosoprane|mezzosoprană|Ncfp-n|3	ă	e	FALSE
a	a	g	r	meșteșugar|=|Ncms-n|3	meșteșugari|meșteșugar|Ncmp-n|3		i_0	FALSE
a	a	j	r	miarță|=|Ncfsrn|0	miarțe|miarță|Ncfp-n|0	ă	e	FALSE
a	a	j	u	miaun|=|Ncms-n|0	miaune|miaun|Ncfp-n|0		e	FALSE
a	a	m	t	microclimat|=|Ncms-n|3	microclimaturi|microclimat|Ncfp-n|4		u r i_0	TRUE
a	a	f	r	microfarad|=|Ncms-n|3	microfarazi|microfarad|Ncmp-n|3		i_0	FALSE
a	a	r	l	microhidrocentrală|=|Ncfsrn|5	microhidrocentrale|microhidrocentrală|Ncfp-n|5	ă	e	FALSE
a	a	t	ts	microstație|=|Ncfsrn|2	microstații|microstație|Ncfp-n|2	e	j	FALSE
a	a	d	l	migdală|=|Ncfsrn|1	migdale|migdală|Ncfp-n|1	ă	e	FALSE
a	a	r	n	migrant|=|Afpms-n|1	migranți|migrant|Ncmp-n|1		i_0	FALSE
a	a	r	ts	migrație|=|Ncfsrn|1	migrații|migrație|Ncfp-n|1	e	j	FALSE
a	a	h	l	mihalț|=|Ncms-n|1	mihalți|mihalț|Ncmp-n|1		i_0	FALSE
a	a	r	b	mihrab|=|Ncms-n|1	mihraburi|mihrab|Ncfp-n|1		u r i_0	FALSE
a	a	k	S	mijlocaș|=|Afpms-n|2	mijlocași|mijlocaș|Ncmp-n|2		i_0	FALSE
a	a	r	f	mildiograf|=|Ncms-n|3	mildiografe|mildiograf|Ncfp-n|3		e	FALSE
a	a	i	r	miliardar|=|Ncms-n|3	miliardari|miliardar|Ncmp-n|3		i_0	FALSE
a	a	i	r	miliardară|=|Ncfsrn|3	miliardare|miliardară|Ncfp-n|3	ă	e	FALSE
a	a	r	m	miligram|=|Ncms-n|2	miligrame|miligram|Ncfp-n|2		e	FALSE
a	a	n	r	milionar|=|Ncms-n|3	milionari|milionar|Ncmp-n|3		i_0	FALSE
a	a	t	n	militant|=|Afpms-n|2	militanți|militant|Ncmp-n|2		i_0	FALSE
a	a	t	r	militar|=|Ncms-n|2	militari|militar|Ncmp-n|2		i_0	FALSE
a	a	t	r	militară|=|Ncfsrn|2	militare|militară|Ncfp-n|2	ă	e	FALSE
a	a	o_X	s	mincinoasă|=|Ncfsrn|2	mincinoase|mincinoasă|Ncfp-n|2	ă	e	FALSE
a	a	r	l	mineral|=|Ncms-n|2	minerale|mineral|Ncfp-n|2		e	FALSE
a	a	i	d	mineriadă|=|Ncfsrn|3	mineriade|mineriadă|Ncfp-n|2	ă	e	TRUE
a	a	t	j	minicontainer|=|Ncms-n|3	minicontainere|minicontainer|Ncfp-n|3		e	FALSE
a	a	t	l	minirecital|=|Ncms-n|4	minirecitaluri|minirecital|Ncfp-n|4		u r i_0	FALSE
a	a	v	k	minivacanță|=|Ncfsrn|3	minivacanțe|minivacanță|Ncfp-n|3	ă	e	FALSE
a	a	t	r	minoritar|=|Afpms-n|3	minoritari|minoritar|Ncmp-n|3		i_0	FALSE
a	a	t	r	minoritară|=|Ncfsrn|3	minoritare|minoritară|Ncfp-n|3	ă	e	FALSE
a	a	o_X	r	mioară|=|Ncfsrn|1	mioare|mioară|Ncfp-n|1	ă	e	FALSE
a	a	r	k	miracol|=|Ncms-n|1	miracole|miracol|Ncfp-n|1		e	FALSE
a	a	r	Z	miraj|=|Ncms-n|1	miraje|miraj|Ncfp-n|1		e	FALSE
a	a	n	r	misionar|=|Ncms-n|3	misionari|misionar|Ncmp-n|3		i_0	FALSE
a	a	r	b	mizerabil|=|Ncms-n|2	mizerabili|mizerabil|Ncmp-n|2		i_0	FALSE
a	a	r	b	mizerabilă|=|Ncfsrn|2	mizerabile|mizerabilă|Ncfp-n|2	ă	e	FALSE
a	a	m	S	mișmaș|=|Ncms-n|1	mișmașuri|mișmaș|Ncfp-n|1		u r i_0	FALSE
a	a	o_X	r	moartă|=|Ncfsrn|0	moarte|moartă|Ncfp-n|0	ă	e	FALSE
a	a	o_X	S	moașă|=|Ncfsrn|0	moașe|moașă|Ncfp-n|0	ă	e	FALSE
a	a	o_X	ts	moață|=|Ncfsrn|0	moațe|moață|Ncfp-n|0	ă	e	FALSE
a	a	k	n	mocan|=|Ncms-n|1	mocani|mocan|Ncmp-n|1		i_0	FALSE
a	a	l	ts	modulație|=|Ncfsrn|2	modulații|modulație|Ncfp-n|2	e	j	FALSE
a	a	l	r	molar|=|Afpms-n|1	molari|molar|Ncmp-n|1		i_0	FALSE
a	a	v	l	moldovalah|=|Ncms-n|3	moldovalahi|moldovalah|Ncmp-n|3		i_0	FALSE
a	a	v	l	moldovalahă|=|Ncfsrn|3	moldovalahe|moldovalahă|Ncfp-n|3	ă	e	FALSE
a	a	n	h	monah|=|Ncms-n|1	monahi|monah|Ncmp-n|1		i_0	FALSE
a	a	n	r	monarc|=|Ncms-n|1	monarci|monarc|Ncmp-n|1		tS	FALSE
a	a	n	r	monarh|=|Ncms-n|1	monarhi|monarh|Ncmp-n|1		i_0	FALSE
a	a	g	s	monegasc|=|Afpms-n|2	monegasci|monegasc|Ncmp-n|2		tS	FALSE
a	a	t	Z	montaj|=|Ncms-n|1	montaje|montaj|Ncfp-n|1		e	FALSE
a	a	t	n	montant|=|Ncms-n|1	montanți|montant|Ncmp-n|1		i_0	FALSE
a	a	r	l	moral|=|Ncms-n|1	moraluri|moral|Ncfp-n|1		u r i_0	FALSE
a	a	r	l	morală|=|Ncfsrn|1	morale|morală|Ncfp-n|1	ă	e	FALSE
a	a	r	r	morar|=|Ncms-n|1	morari|morar|Ncmp-n|1		i_0	FALSE
a	a	m	n	morman|=|Ncms-n|1	mormane|morman|Ncfp-n|1		e	FALSE
a	a	t	n	motan|=|Ncms-n|1	motani|motan|Ncmp-n|1		i_0	FALSE
a	a	v	ts	motivație|=|Ncfsrn|2	motivații|motivație|Ncfp-n|2	e	j	FALSE
a	a	o_X	S	motoașcă|=|Ncfsrn|1	motoaște|motoașcă|Ncfp-n|1	ă	e	FALSE
a	a	n	v	motonavă|=|Ncfsrn|2	motonave|motonavă|Ncfp-n|2	ă	e	FALSE
a	a	g		mucegai|=|Ncms-n|2	mucegaiuri|mucegai|Ncfp-n|2	i	j u r i_0	FALSE
a	a	o_X	s	mucoasă|=|Ncfsrn|1	mucoase|mucoasă|Ncfp-n|1	ă	e	FALSE
a	a	k	l	musical|=|Ncms-n|2	musicaluri|musical|Ncfp-n|2		u r i_0	FALSE
a	a	t	n	mustang|=|Ncms-n|1	mustangi|mustang|Ncmp-n|1		gZ	FALSE
a	a	o_X	r	mustăcioară|=|Ncfsrn|2	mustăcioare|mustăcioară|Ncfp-n|2	ă	e	FALSE
a	a	m	n	musulman|=|Afpms-n|2	musulmani|musulman|Ncmp-n|2		i_0	FALSE
a	a	m	n	musulmană|=|Ncfsrn|2	musulmane|musulmană|Ncfp-n|2	ă	e	FALSE
a	a	t	ts	mutație|=|Ncfsrn|1	mutații|mutație|Ncfp-n|1	e	j	FALSE
a	a	r	f	muzeograf|=|Afpms-n|3	muzeografi|muzeograf|Ncmp-n|3		i_0	FALSE
a	a	k	n	muzicant|=|Ncms-n|2	muzicanți|muzicant|Ncmp-n|2		i_0	FALSE
a	a	k	t	mușcată|=|Ncfsrn|1	mușcate|mușcată|Ncfp-n|1	ă	e	FALSE
a	a	t	r	muștar|=|Ncms-n|1	muștaruri|muștar|Ncfp-n|1		u r i_0	FALSE
a	a	l	S	mâglaș|=|Ncms-n|1	mâglași|mâglaș|Ncmp-n|1		i_0	FALSE
a	a	l	n	mârlan|=|Ncms-n|1	mârlani|mârlan|Ncmp-n|1		i_0	FALSE
a	a	z	k	mârzac|=|Ncms-n|1	mârzaci|mârzac|Ncmp-n|1		tS	FALSE
a	a	l	r	măcelar|=|Ncms-n|2	măcelari|măcelar|Ncmp-n|2		i_0	FALSE
a	a	g	r	măgar|=|Ncms-n|1	măgari|măgar|Ncmp-n|1		i_0	FALSE
a	a	l		mălai|=|Ncms-n|1	mălaie|mălai|Ncfp-n|1	i	j e	FALSE
a	a	k_j	S	mănunchiaș|=|Ncms-n|2	mănunchiașe|mănunchiaș|Ncfp-n|2		e	FALSE
a	a	k_j	S	mănunchiaș|=|Ncms-n|2	mănunchiași|mănunchiaș|Ncmp-n|2		i_0	FALSE
a	a	o_X	r	mănăstioară|=|Ncfsrn|3	mănăstioare|mănăstioară|Ncfp-n|3	ă	e	FALSE
a	a	r	r	mărar|=|Ncms-n|1	mărari|mărar|Ncmp-n|1		i_0	FALSE
a	a	o_X	r	mărfșoară|=|Ncfsrn|1	mărfșoare|mărfșoară|Ncfp-n|1	ă	e	FALSE
a	a	n	S	mărginașă|=|Ncfsrn|2	mărginașe|mărginașă|Ncfp-n|2	ă	e	FALSE
a	a	t	r	mărgăritar|=|Ncms-n|3	mărgăritare|mărgăritar|Ncfp-n|3		e	FALSE
a	a	t	r	mărgăritar|=|Ncms-n|3	mărgăritari|mărgăritar|Ncmp-n|3		i_0	FALSE
a	a	S	r	mărunțișar|=|Ncms-n|3	mărunțișari|mărunțișar|Ncmp-n|3		i_0	FALSE
a	a	t	s	mătase|=|Ncfsrn|1	mătasuri|mătase|Ncfp-n|1	e	u r i_0	FALSE
a	a	s	r	mătăsar|=|Ncms-n|2	mătăsari|mătăsar|Ncmp-n|2		i_0	FALSE
a	a	n	tS	nacealnic|=|Ncms-n|1	nacealnici|nacealnic|Ncmp-n|1		tS	FALSE
a	a	n	d	nadpis|=|Ncms-n|0	nadpisuri|nadpis|Ncfp-n|0		u r i_0	FALSE
a	a	n	h	nahlap|=|Ncms-n|1	nahlapi|nahlap|Ncmp-n|1		i_0	FALSE
a	a	n	j	naică|=|Ncfsrn|0	naici|naică|Ncfp-n|0	ă	tS	FALSE
a	a	n	j	nailon|=|Ncms-n|0	nailoane|nailon|Ncfp-n|1		e	TRUE
a	a	n	j	nailon|=|Ncms-n|0	nailonuri|nailon|Ncfp-n|0		u r i_0	FALSE
a	a	n	n	nană|=|Ncfsrn|0	nane|nană|Ncfp-n|0	ă	e	FALSE
a	a	n	p	nap|=|Ncms-n|0	napi|nap|Ncmp-n|0		i_0	FALSE
a	a	n	p	napolitană|=|Ncfsrn|3	napolitane|napolitană|Ncfp-n|3	ă	e	FALSE
a	a	n	r	naramz|=|Ncms-n|1	naramzi|naramz|Ncmp-n|1		i_0	FALSE
a	a	n	r	nart|=|Ncms-n|0	narturi|nart|Ncfp-n|0		u r i_0	FALSE
a	a	n	s	nas|=|Ncms-n|0	nasuri|nas|Ncfp-n|0		u r i_0	FALSE
a	a	n	s	nasture|=|Ncms-n|0	nasturi|nasture|Ncmp-n|0	e	i_0	FALSE
a	a	n	s	nasture|=|Ncms-n|0	nasturii|nasture|Ncmp-n|0	e	i j	FALSE
a	a	n	u	naufragiu|=|Ncms-n|2	naufragii|naufragiu|Ncfp-n|2	u	i j	FALSE
a	a	n	v	navigație|=|Ncfsrn|2	navigații|navigație|Ncfp-n|2	e	j	FALSE
a	a	n	v	navlu|=|Ncms-n|0	navluri|navlu|Ncfp-n|0	u	u r i_0	FALSE
a	a	n	v	navă|=|Ncfsrn|0	nave|navă|Ncfp-n|0	ă	e	FALSE
a	a	n	S	naș|=|Ncms-n|0	nași|naș|Ncmp-n|0		i_0	FALSE
a	a	n	S	naș|=|Ncms-n|0	nașuri|naș|Ncfp-n|0		u r i_0	FALSE
a	a	n	S	naștere|=|Ncfsrn|0	nașteri|naștere|Ncfp-n|0	e	i_0	FALSE
a	a	n	S	nașă|=|Ncfsrn|0	nașe|nașă|Ncfp-n|0	ă	e	FALSE
a	a	n	ts	nație|=|Ncfsrn|0	nații|nație|Ncfp-n|0	e	j	FALSE
a	a	n	ts	națională|=|Ncfsrn|3	naționale|națională|Ncfp-n|3	ă	e	FALSE
a	a	e_X	m	neam|=|Ncms-n|0	neamuri|neam|Ncfp-n|0		u r i_0	FALSE
a	a	o_X	s	nebuloasă|=|Ncfsrn|2	nebuloase|nebuloasă|Ncfp-n|2	ă	e	FALSE
a	a	k	z	necaz|=|Ncms-n|1	necazuri|necaz|Ncfp-n|1		u r i_0	FALSE
a	a	b	t	necombatant|=|Afpms-n|3	necombatanți|necombatant|Ncmp-n|3		i_0	FALSE
a	a	d	n	neconcordanță|=|Ncfsrn|3	neconcordanțe|neconcordanță|Ncfp-n|3	ă	e	FALSE
a	a	t	r	nectar|=|Ncms-n|1	nectare|nectar|Ncfp-n|1		e	FALSE
a	a	t	r	nectar|=|Ncms-n|1	nectaruri|nectar|Ncfp-n|1		u r i_0	FALSE
a	a	o_X	S	necunoaștere|=|Ncfsrn|2	necunoașteri|necunoaștere|Ncfp-n|2	e	i_0	FALSE
a	a	g	r	negare|=|Ncfsrn|1	negari|negare|Ncfp-n|1	e	i_0	FALSE
a	a	e_X	ts	negreață|=|Ncfsrn|1	negreați|negreață|Ncfp-n|1	ă	i_0	FALSE
a	a	k	r	neimplicare|=|Ncfsrn|3	neimplicari|neimplicare|Ncfp-n|3	e	i_0	FALSE
a	a	o_X	j	nemțoaică|=|Ncfsrn|1	nemțoaice|nemțoaică|Ncfp-n|1	ă	e	FALSE
a	a	e_X	k	neneacă|=|Ncfsrn|1	neneaci|neneacă|Ncfp-n|1	ă	i_0	FALSE
a	a	l	s	neoplasm|=|Ncms-n|2	neoplasme|neoplasm|Ncfp-n|2		e	FALSE
a	a	p	r	neparticipare|=|Ncfsrn|4	neparticipari|neparticipare|Ncfp-n|4	e	i_0	FALSE
a	a	o_X	t	nepoată|=|Ncfsrn|1	nepoate|nepoată|Ncfp-n|1	ă	e	FALSE
a	a	e_X	l	nerealizare|=|Ncfsrn|3	nerealizari|nerealizare|Ncfp-n|3	e	i_0	FALSE
a	a	o_X	S	nerecunoaștere|=|Ncfsrn|3	nerecunoașteri|nerecunoaștere|Ncfp-n|3	e	i_0	FALSE
a	a	n	t	nerușinată|=|Ncfsrn|3	nerușinate|nerușinată|Ncfp-n|3	ă	e	FALSE
a	a	r	n	nesiguranță|=|Ncfsrn|3	nesiguranțe|nesiguranță|Ncfp-n|3	ă	e	FALSE
a	a	S	n	neșansă|=|Ncfsrn|1	neșanse|neșansă|Ncfp-n|1	ă	e	FALSE
a	a	k	r	nicaraguană|=|Ncfsrn|3	nicaraguane|nicaraguană|Ncfp-n|3	ă	e	FALSE
a	a	v	l	nicovală|=|Ncfsrn|2	nicovale|nicovală|Ncfp-n|2	ă	e	FALSE
a	a	g		nilgau|=|Ncms-n|1	nilgai|nilgau|Ncmp-n|1	u	j	FALSE
a	a	r	t	nimbostratus|=|Ncm--n|2	nimbostratuși|nimbostratus|Ncmp-n|2		i_0	FALSE
a	a	v	n	nirvana|=|Ncf--n|1	nirvane|nirvana|Ncfp-n|1	a	e	FALSE
a	a	r	t	nitrat|=|Ncms-n|1	nitrați|nitrat|Ncmp-n|1		i_0	FALSE
a	a	z	m	nizam|=|Ncms-n|1	nizami|nizam|Ncmp-n|1		i_0	FALSE
a	a	z	m	nizam|=|Ncms-n|1	nizamuri|nizam|Ncfp-n|1		u r i_0	FALSE
a	a	m	d	nomadă|=|Ncfsrn|1	nomade|nomadă|Ncfp-n|1	ă	e	FALSE
a	a	m	r	nomarh|=|Ncms-n|1	nomarhi|nomarh|Ncmp-n|1		i_0	FALSE
a	a	S	l	nonșalanță|=|Ncfsrn|2	nonșalanțe|nonșalanță|Ncfp-n|2	ă	e	FALSE
a	a	m	l	normală|=|Ncfsrn|1	normale|normală|Ncfp-n|1	ă	e	FALSE
a	a	t	l	nostalgic|=|Afpms-n|1	nostalgici|nostalgic|Ncmp-n|1		tS	FALSE
a	a	t	r	notar|=|Ncms-n|1	notari|notar|Ncmp-n|1		i_0	FALSE
a	a	t	r	notariat|=|Ncms-n|3	notariate|notariat|Ncfp-n|3		e	FALSE
a	a	w	r	nouar|=|Ncms-n|1	nouari|nouar|Ncmp-n|1		i_0	FALSE
a	a	v	k	novac|=|Ncms-n|1	novaci|novac|Ncmp-n|1		tS	FALSE
a	a	u	n	nuanță|=|Ncfsrn|1	nuanțe|nuanță|Ncfp-n|1	ă	e	FALSE
a	a	o_X	r	nucșoară|=|Ncfsrn|1	nucșoare|nucșoară|Ncfp-n|1	ă	e	FALSE
a	a	t	S	nuntaș|=|Ncms-n|1	nuntași|nuntaș|Ncmp-n|1		i_0	FALSE
a	a	k	z	năcaz|=|Ncms-n|1	năcazuri|năcaz|Ncfp-n|1		u r i_0	FALSE
a	a	r	g	nădrag|=|Ncms-n|1	nădragi|nădrag|Ncmp-n|1		gZ	FALSE
a	a	r	m	năframă|=|Ncfsrn|1	năframe|năframă|Ncfp-n|1	ă	e	FALSE
a	a	o_X	r	năfrămioară|=|Ncfsrn|2	năfrămioare|năfrămioară|Ncfp-n|2	ă	e	FALSE
a	a	o_X	k	năpârstoacă|=|Ncfsrn|2	năpârstoace|năpârstoacă|Ncfp-n|2	ă	e	FALSE
a	a	r	v	nărav|=|Ncms-n|1	năravuri|nărav|Ncfp-n|1		u r i_0	FALSE
a	a	d	r	năvodar|=|Ncms-n|2	năvodari|năvodar|Ncmp-n|2		i_0	FALSE
a	a	r	p	năvrap|=|Ncms-n|1	năvrapi|năvrap|Ncmp-n|1		i_0	FALSE
a	a	o_X	l	oală|=|Ncfsrn|0	oale|oală|Ncfp-n|0	ă	e	FALSE
a	a	o_X	r	oarbă|=|Ncfsrn|0	oarbe|oarbă|Ncfp-n|0	ă	e	FALSE
a	a	o_X	r	oardă|=|Ncfsrn|0	oarde|oardă|Ncfp-n|0	ă	e	FALSE
a	a	o_X	r	oară|=|Ncfsrn|0	oare|oară|Ncfp-n|0	ă	e	FALSE
a	a	o_X	s	oaspete|=|Ncms-n|0	oaspeți|oaspete|Ncmp-n|0	e	i_0	FALSE
a	a	o_X	z	oază|=|Ncfsrn|0	oaze|oază|Ncfp-n|0	ă	e	FALSE
a	a	g	t	obligată|=|Ncfsrn|2	obligate|obligată|Ncfp-n|2	ă	e	FALSE
a	a	g	ts	obligație|=|Ncfsrn|2	obligații|obligație|Ncfp-n|2	e	j	FALSE
a	a	r	z	obraz|=|Ncms-n|1	obraji|obraz|Ncmp-n|1		i_0	FALSE
a	a	r	z	obraz|=|Ncms-n|1	obraze|obraz|Ncfp-n|1		e	FALSE
a	a	r	z	obraz|=|Ncms-n|1	obrazuri|obraz|Ncfp-n|1		u r i_0	FALSE
a	a	r	z	obraznic|=|Afpms-n|1	obraznici|obraznic|Ncmp-n|1		tS	FALSE
a	a	v	ts	observație|=|Ncfsrn|2	observații|observație|Ncfp-n|2	e	j	FALSE
a	a	t	k	obstacol|=|Ncms-n|1	obstacole|obstacol|Ncfp-n|1		e	FALSE
a	a	n	ts	obstinație|=|Ncfsrn|2	obstinații|obstinație|Ncfp-n|2	e	j	FALSE
a	a	t	r	obșitar|=|Ncms-n|2	obșitari|obșitar|Ncmp-n|2		i_0	FALSE
a	a	k	z	ocazie|=|Ncfsrn|1	ocazii|ocazie|Ncfp-n|1	e	j	FALSE
a	a	t	l	occidental|=|Afpms-n|3	occidentali|occidental|Ncmp-n|3		i_0	FALSE
a	a	t	l	occidentală|=|Ncfsrn|3	occidentale|occidentală|Ncfp-n|3	ă	e	FALSE
a	a	tS	n	ocean|=|Ncms-n|1	oceane|ocean|Ncfp-n|1		e	FALSE
a	a	k_j	n	ochean|=|Ncms-n|1	ocheane|ochean|Ncfp-n|1		e	FALSE
a	a	l	r	ocular|=|Ncms-n|2	oculare|ocular|Ncfp-n|2		e	FALSE
a	a	p	n	ocupant|=|Ncms-n|2	ocupanți|ocupant|Ncmp-n|2		i_0	FALSE
a	a	p	n	ocupantă|=|Ncfsrn|2	ocupante|ocupantă|Ncfp-n|2	ă	e	FALSE
a	a	p	ts	ocupație|=|Ncfsrn|2	ocupații|ocupație|Ncfp-n|2	e	j	FALSE
a	a	r	s	odraslă|=|Ncfsrn|1	odrasle|odraslă|Ncfp-n|1	ă	e	FALSE
a	a	t	n	ofertant|=|Afpms-n|2	ofertanți|ofertant|Ncmp-n|2		i_0	FALSE
a	a	i	l	oficial|=|Afpms-n|3	oficiali|oficial|Ncmp-n|3		i_0	FALSE
a	a	l	t	ofiolatră|=|Ncfsrn|3	ofiolatre|ofiolatră|Ncfp-n|3	ă	e	FALSE
a	a	r	n	ofrandă|=|Ncfsrn|1	ofrande|ofrandă|Ncfp-n|1	ă	e	FALSE
a	a	g_j	l	ogheal|=|Ncms-n|1	oghealuri|ogheal|Ncfp-n|1		u r i_0	FALSE
a	a	l	k	olac|=|Ncms-n|1	olace|olac|Ncfp-n|1		e	FALSE
a	a	l	k	olac|=|Ncms-n|1	olaci|olac|Ncmp-n|1		tS	FALSE
a	a	g	r	oligarh|=|Ncms-n|2	oligarhi|oligarh|Ncmp-n|2		i_0	FALSE
a	a	i	d	olimpiadă|=|Ncfsrn|3	olimpiade|olimpiadă|Ncfp-n|3	ă	e	FALSE
a	a	m	z	olmaz|=|Ncms-n|1	olmazuri|olmaz|Ncfp-n|1		u r i_0	FALSE
a	a	m	gZ	omagiu|=|Ncms-n|1	omagii|omagiu|Ncfp-n|1	u	i j	FALSE
a	a	m	s	onomastică|=|Ncfsrn|2	onomastice|onomastică|Ncfp-n|2	ă	e	FALSE
a	a	r	r	onorariu|=|Ncms-n|2	onorarii|onorariu|Ncfp-n|2	u	i	FALSE
a	a	p	j	opaieț|=|Ncms-n|1	opaiețe|opaieț|Ncfp-n|1		e	FALSE
a	a	p	i	opaiț|=|Ncms-n|1	opaițe|opaiț|Ncfp-n|1		e	FALSE
a	a	r	t	operată|=|Ncfsrn|2	operate|operată|Ncfp-n|2	ă	e	FALSE
a	a	r	ts	operație|=|Ncfsrn|2	operații|operație|Ncfp-n|2	e	j	FALSE
a	a	n	k	opoponax|=|Ncms-n|3	opoponacși|opoponax|Ncmp-n|3		i_0	FALSE
a	a	z	n	opozant|=|Ncms-n|2	opozanți|opozant|Ncmp-n|2		i_0	FALSE
a	a	z	n	opozantă|=|Ncfsrn|2	opozante|opozantă|Ncfp-n|2	ă	e	FALSE
a	a	s	s	opsas|=|Ncms-n|1	opsasuri|opsas|Ncfp-n|1		u r i_0	FALSE
a	a	r	n	oranz|=|Ncms-n|1	oranzi|oranz|Ncmp-n|1		i_0	FALSE
a	a	r	r	orar|=|Ncms-n|1	orare|orar|Ncfp-n|1		e	FALSE
a	a	r	S	oraș|=|Ncms-n|1	orașe|oraș|Ncfp-n|1		e	FALSE
a	a	b	l	orbalț|=|Ncms-n|1	orbalți|orbalț|Ncmp-n|1		i_0	FALSE
a	a	b	l	orbalț|=|Ncms-n|1	orbalțuri|orbalț|Ncfp-n|1		u r i_0	FALSE
a	a	r	ts	orchestrație|=|Ncfsrn|2	orchestrații|orchestrație|Ncfp-n|2	e	j	FALSE
a	a	n	n	ordonanță|=|Ncfsrn|2	ordonanțe|ordonanță|Ncfp-n|2	ă	e	FALSE
a	a	n	t	ordonată|=|Ncfsrn|2	ordonate|ordonată|Ncfp-n|2	ă	e	FALSE
a	a	e_X	v	oreav|=|Ncms-n|1	oreave|oreav|Ncfp-n|1		e	FALSE
a	a	f	n	orfan|=|Afpms-n|1	orfani|orfan|Ncmp-n|1		i_0	FALSE
a	a	n	t	orfelinat|=|Ncms-n|3	orfelinate|orfelinat|Ncfp-n|3		e	FALSE
a	a	g	n	organ|=|Ncms-n|1	organe|organ|Ncfp-n|1		e	FALSE
a	a	g	n	organigramă|=|Ncfsrn|3	organigrame|organigramă|Ncfp-n|3	ă	e	FALSE
a	a	g	n	organizație|=|Ncfsrn|3	organizații|organizație|Ncfp-n|3	e	j	FALSE
a	a	g	s	orgasm|=|Ncms-n|1	orgasme|orgasm|Ncfp-n|1		e	FALSE
a	a	t	l	oriental|=|Afpms-n|3	orientali|oriental|Ncmp-n|3		i_0	FALSE
a	a	t	l	orientală|=|Ncfsrn|3	orientale|orientală|Ncfp-n|3	ă	e	FALSE
a	a	t	ts	orientație|=|Ncfsrn|3	orientații|orientație|Ncfp-n|3	e	j	FALSE
a	a	t	l	orizontală|=|Ncfsrn|3	orizontale|orizontală|Ncfp-n|3	ă	e	FALSE
a	a	t	k	ortac|=|Ncms-n|1	ortaci|ortac|Ncmp-n|1		tS	FALSE
a	a	l	ts	oscilație|=|Ncfsrn|2	oscilații|oscilație|Ncfp-n|2	e	j	FALSE
a	a	t	r	ospătar|=|Ncms-n|2	ospătari|ospătar|Ncmp-n|2		i_0	FALSE
a	a	t	t	ostatic|=|Ncms-n|1	ostatici|ostatic|Ncmp-n|1		tS	FALSE
a	a	t	S	ostaș|=|Ncms-n|1	ostași|ostaș|Ncmp-n|1		i_0	FALSE
a	a	m	n	otoman|=|Afpms-n|2	otomani|otoman|Ncmp-n|2		i_0	FALSE
a	a	v	l	oval|=|Ncms-n|1	ovale|oval|Ncfp-n|1		e	FALSE
a	a	v	l	oval|=|Ncms-n|1	ovaluri|oval|Ncfp-n|1		u r i_0	FALSE
a	a	v	r	ovar|=|Ncms-n|1	ovare|ovar|Ncfp-n|1		e	FALSE
a	a	v	ts	ovație|=|Ncfsrn|1	ovații|ovație|Ncfp-n|1	e	j	FALSE
a	a	k	p	oviscapt|=|Ncms-n|2	oviscapte|oviscapt|Ncfp-n|2		e	FALSE
a	a	p	k	pac|=|Ncms-n|0	pacuri|pac|Ncfp-n|0		u r i_0	FALSE
a	a	p	tS	pacea|=|Ncfsrn|0	pacele|pacea|Ncfp-n|1	a	e l e	TRUE
a	a	p	k	pact|=|Ncms-n|0	pacte|pact|Ncfp-n|0		e	FALSE
a	a	p	d	padișah|=|Ncms-n|2	padișahi|padișah|Ncmp-n|2		i_0	FALSE
a	a	p	gZ	pagină|=|Ncfsrn|0	pagini|pagină|Ncfp-n|0	ă	i_0	FALSE
a	a	p	g	pagubă|=|Ncfsrn|0	pagube|pagubă|Ncfp-n|0	ă	e	FALSE
a	a	p	h	pahar|=|Ncms-n|1	pahare|pahar|Ncfp-n|1		e	FALSE
a	a	p		pai|=|Ncms-n|0	paie|pai|Ncfp-n|0	i	j e	FALSE
a	a	p	Z	paj|=|Ncms-n|0	paji|paj|Ncmp-n|0		i_0	FALSE
a	a	p	Z	pajiște|=|Ncfsrn|0	pajiști|pajiște|Ncfp-n|0	e	i_0	FALSE
a	a	p	Z	pajoră|=|Ncfsrn|0	pajori|pajoră|Ncfp-n|0	ă	i_0	FALSE
a	a	p	Z	pajură|=|Ncfsrn|0	pajuri|pajură|Ncfp-n|0	ă	i_0	FALSE
a	a	p	l	palanc|=|Ncms-n|1	palance|palanc|Ncfp-n|1		e	FALSE
a	a	p	l	palat|=|Ncms-n|1	palate|palat|Ncfp-n|1		e	FALSE
a	a	p	l	palat|=|Ncms-n|1	palaturi|palat|Ncfp-n|1		u r i_0	FALSE
a	a	p	l	palatinat|=|Ncms-n|3	palatinate|palatinat|Ncfp-n|3		e	FALSE
a	a	p	l	palatinat|=|Ncms-n|3	palatinaturi|palatinat|Ncfp-n|3		u r i_0	FALSE
a	a	p	l	palm|=|Ncms-n|0	palmi|palm|Ncmp-n|0		i_0	FALSE
a	a	p	l	palmă|=|Ncfsrn|0	palme|palmă|Ncfp-n|0	ă	e	FALSE
a	a	p	l	palpitație|=|Ncfsrn|2	palpitații|palpitație|Ncfp-n|2	e	j	FALSE
a	a	p	l	paltin|=|Ncms-n|0	paltini|paltin|Ncmp-n|0		i_0	FALSE
a	a	p	n	pancartă|=|Ncfsrn|1	pancarte|pancartă|Ncfp-n|1	ă	e	FALSE
a	a	p	n	pancreas|=|Ncms-n|2	pancreasuri|pancreas|Ncfp-n|2		u r i_0	FALSE
a	a	p	n	pandișpan|=|Ncms-n|2	pandișpane|pandișpan|Ncfp-n|2		e	FALSE
a	a	p	n	pandișpan|=|Ncms-n|2	pandișpanuri|pandișpan|Ncfp-n|2		u r i_0	FALSE
a	a	p	n	pandlică|=|Ncfsrn|0	pandlici|pandlică|Ncfp-n|0	ă	tS	FALSE
a	a	p	n	panglică|=|Ncfsrn|0	panglici|panglică|Ncfp-n|0	ă	tS	FALSE
a	a	p	n	panică|=|Ncfsrn|0	panici|panică|Ncfp-n|0	ă	tS	FALSE
a	a	p	n	panoramă|=|Ncfsrn|2	panorame|panoramă|Ncfp-n|2	ă	e	FALSE
a	a	p	n	panotaj|=|Ncms-n|2	panotaje|panotaj|Ncfp-n|2		e	FALSE
a	a	p	n	pantalonaș|=|Ncms-n|3	pantalonași|pantalonaș|Ncmp-n|3		i_0	FALSE
a	a	p	n	pantă|=|Ncfsrn|0	pante|pantă|Ncfp-n|0	ă	e	FALSE
a	a	p	p	papagal|=|Ncms-n|2	papagali|papagal|Ncmp-n|2		i_0	FALSE
a	a	p	p	papanaș|=|Ncms-n|2	papanași|papanaș|Ncmp-n|2		i_0	FALSE
a	a	p	p	paparazzo|=|Ncms-n|2	paparazzi|paparazzo|Ncmp-n|2	o	j	FALSE
a	a	p	p	papistaș|=|Ncms-n|2	papistași|papistaș|Ncmp-n|2		i_0	FALSE
a	a	p	p	paprică|=|Ncfsrn|0	paprici|paprică|Ncfp-n|0	ă	tS	FALSE
a	a	p	p	papură|=|Ncfsrn|0	papuri|papură|Ncfp-n|0	ă	i_0	FALSE
a	a	p	p	papă|=|Ncms-n|0	papi|papă|Ncmp-n|0	ă	i_0	FALSE
a	a	p	p	papșer|=|Ncms-n|0	papșere|papșer|Ncfp-n|0		e	FALSE
a	a	p	r	par|=|Ncms-n|0	pari|par|Ncmp-n|0		i_0	FALSE
a	a	p	r	paradaisă|=|Ncfsrn|2	paradaise|paradaisă|Ncfp-n|2	ă	e	FALSE
a	a	p	r	paradă|=|Ncfsrn|1	parade|paradă|Ncfp-n|1	ă	e	FALSE
a	a	p	r	parafă|=|Ncfsrn|1	parafe|parafă|Ncfp-n|1	ă	e	FALSE
a	a	p	r	paragină|=|Ncfsrn|1	paragini|paragină|Ncfp-n|1	ă	i_0	FALSE
a	a	p	r	paragraf|=|Ncms-n|2	paragrafe|paragraf|Ncfp-n|2		e	FALSE
a	a	p	r	parapantă|=|Ncfsrn|2	parapante|parapantă|Ncfp-n|2	ă	e	FALSE
a	a	p	r	parastas|=|Ncms-n|2	parastase|parastas|Ncfp-n|2		e	FALSE
a	a	p	r	paravan|=|Ncms-n|2	paravane|paravan|Ncfp-n|2		e	FALSE
a	a	p	r	parc|=|Ncms-n|0	parcuri|parc|Ncfp-n|0		u r i_0	FALSE
a	a	p	r	parching|=|Ncms-n|0	parchinguri|parching|Ncfp-n|0		u r i_0	FALSE
a	a	p	r	parlamentar|=|Ncms-n|3	parlamentari|parlamentar|Ncmp-n|3		i_0	FALSE
a	a	p	r	partaj|=|Ncms-n|1	partaje|partaj|Ncfp-n|1		e	FALSE
a	a	p	r	parteneriat|=|Ncms-n|3	parteneriate|parteneriat|Ncfp-n|3		e	FALSE
a	a	p	r	participant|=|Ncms-n|3	participanți|participant|Ncmp-n|3		i_0	FALSE
a	a	p	r	participantă|=|Ncfsrn|3	participante|participantă|Ncfp-n|3	ă	e	FALSE
a	a	p	r	participație|=|Ncfsrn|3	participații|participație|Ncfp-n|3	e	j	FALSE
a	a	p	r	particular|=|Ncms-n|3	particulari|particular|Ncmp-n|3		i_0	FALSE
a	a	p	r	partizan|=|Ncms-n|2	partizani|partizan|Ncmp-n|2		i_0	FALSE
a	a	p	r	partizană|=|Ncfsrn|2	partizane|partizană|Ncfp-n|2	ă	e	FALSE
a	a	p	s	pas|=|Ncms-n|0	pași|pas|Ncmp-n|0		i_0	FALSE
a	a	p	s	pas|=|Ncms-n|0	pasuri|pas|Ncfp-n|0		u r i_0	FALSE
a	a	p	s	pasaj|=|Ncms-n|1	pasaje|pasaj|Ncfp-n|1		e	FALSE
a	a	p	s	paspoal|=|Ncms-n|1	paspoale|paspoal|Ncfp-n|1		e	FALSE
a	a	p	s	paspoal|=|Ncms-n|1	paspoaluri|paspoal|Ncfp-n|1		u r i_0	FALSE
a	a	p	s	pastor|=|Ncms-n|0	pastori|pastor|Ncmp-n|0		i_0	FALSE
a	a	p	s	pastă|=|Ncfsrn|0	paste|pastă|Ncfp-n|0	ă	e	FALSE
a	a	p	s	pasă|=|Ncfsrn|0	pase|pasă|Ncfp-n|0	ă	e	FALSE
a	a	p	t	pat|=|Ncms-n|0	paturi|pat|Ncfp-n|0		u r i_0	FALSE
a	a	p	t	patemă|=|Ncfsrn|0	patemi|patemă|Ncfp-n|0	ă	i_0	FALSE
a	a	p	t	patimă|=|Ncfsrn|0	patimi|patimă|Ncfp-n|0	ă	i_0	FALSE
a	a	p	t	patinaj|=|Ncms-n|2	patinaje|patinaj|Ncfp-n|2		e	FALSE
a	a	p	t	patinoar|=|Ncms-n|2	patinoare|patinoar|Ncfp-n|2		e	FALSE
a	a	p	t	patinoar|=|Ncms-n|2	patinoari|patinoar|Ncmp-n|2		i_0	FALSE
a	a	p	t	patriarh|=|Ncms-n|2	patriarhi|patriarh|Ncmp-n|2		i_0	FALSE
a	a	p	t	patrie|=|Ncfsrn|0	patrii|patrie|Ncfp-n|0	e	j	FALSE
a	a	p	t	patroană|=|Ncfsrn|1	patroane|patroană|Ncfp-n|1	ă	e	FALSE
a	a	p	t	patronaj|=|Ncms-n|2	patronaje|patronaj|Ncfp-n|2		e	FALSE
a	a	p	t	patronat|=|Ncms-n|2	patronate|patronat|Ncfp-n|2		e	FALSE
a	a	p	u	pauză|=|Ncfsrn|0	pauze|pauză|Ncfp-n|0	ă	e	FALSE
a	a	p	v	pavaj|=|Ncms-n|1	pavaje|pavaj|Ncfp-n|1		e	FALSE
a	a	p	v	pavoaz|=|Ncms-n|1	pavoaze|pavoaz|Ncfp-n|1		e	FALSE
a	a	p	z	paznic|=|Ncms-n|0	paznici|paznic|Ncmp-n|0		tS	FALSE
a	a	p	z	pază|=|Ncfsrn|0	paze|pază|Ncfp-n|0	ă	e	FALSE
a	a	g	z	pebegaz|=|Ncms-n|2	pebegazuri|pebegaz|Ncfp-n|2		u r i_0	FALSE
a	a	d	l	pedală|=|Ncfsrn|1	pedale|pedală|Ncfp-n|1	ă	e	FALSE
a	a	r	s	pederast|=|Ncms-n|2	pederaști|pederast|Ncmp-n|2		i_0	FALSE
a	a	i	t	pediatru|=|Ncms-n|2	pediatri|pediatru|Ncmp-n|2	u	i	FALSE
a	a	s	Z	peisaj|=|Ncms-n|2	peisaje|peisaj|Ncfp-n|2		e	FALSE
a	a	l	s	pelasg|=|Ncms-n|1	pelasgi|pelasg|Ncmp-n|1		gZ	FALSE
a	a	n	Z	pelerinaj|=|Ncms-n|3	pelerinaje|pelerinaj|Ncfp-n|3		e	FALSE
a	a	k	n	pelican|=|Ncms-n|2	pelicani|pelican|Ncmp-n|2		i_0	FALSE
a	a	n	Z	penaj|=|Ncms-n|1	penaje|penaj|Ncfp-n|1		e	FALSE
a	a	n	Z	penaj|=|Ncms-n|1	penajuri|penaj|Ncfp-n|1		u r i_0	FALSE
a	a	n	l	penalti|=|Ncms-n|1	penaltiuri|penalti|Ncfp-n|1	i	i u r i_0	FALSE
a	a	n	r	penar|=|Ncms-n|1	penare|penar|Ncfp-n|1		e	FALSE
a	a	i	r	penitenciar|=|Ncms-n|4	penitenciare|penitenciar|Ncfp-n|4		e	FALSE
a	a	n	r	pensionar|=|Ncms-n|3	pensionari|pensionar|Ncmp-n|3		i_0	FALSE
a	a	n	r	pensionară|=|Ncfsrn|3	pensionare|pensionară|Ncfp-n|3	ă	e	FALSE
a	a	o_X	j	pepenoaică|=|Ncfsrn|2	pepenoaice|pepenoaică|Ncfp-n|2	ă	e	FALSE
a	a	o_X	j	pepenoaică|=|Ncfsrn|2	pepenoaicele|pepenoaică|Ncfp-n|2	ă	e l e	FALSE
a	a	d	n	perdant|=|Afpms-n|1	perdanți|perdant|Ncmp-n|1		i_0	FALSE
a	a	m	n	performanță|=|Ncfsrn|2	performanțe|performanță|Ncfp-n|2	ă	e	FALSE
a	a	j	Z	periaj|=|Ncms-n|1	periaje|periaj|Ncfp-n|1		e	FALSE
a	a	k	r	pericard|=|Ncms-n|2	pericarde|pericard|Ncfp-n|2		e	FALSE
a	a	k	r	pericard|=|Ncms-n|2	pericarduri|pericard|Ncfp-n|2		u r i_0	FALSE
a	a	o_X	d	perioadă|=|Ncfsrn|2	perioade|perioadă|Ncfp-n|2	ă	e	FALSE
a	a	e_X	g	periteag|=|Ncms-n|2	periteaguri|periteag|Ncfp-n|2		u r i_0	FALSE
a	a	m	n	permanganat|=|Ncms-n|3	permanganați|permanganat|Ncmp-n|3		i_0	FALSE
a	a	s	n	persană|=|Ncfsrn|1	persane|persană|Ncfp-n|1	ă	e	FALSE
a	a	o_X	n	persoană|=|Ncfsrn|1	persoane|persoană|Ncfp-n|1	ă	e	FALSE
a	a	n	Z	personaj|=|Ncms-n|2	personaje|personaj|Ncfp-n|2		e	FALSE
a	a	n	l	personal|=|Afpms-n|2	personale|personal|Ncfp-n|2		e	FALSE
a	a	v	z	pervaz|=|Ncms-n|1	pervazuri|pervaz|Ncfp-n|1		u r i_0	FALSE
a	a	k	r	pescar|=|Ncms-n|1	pescari|pescar|Ncmp-n|1		i_0	FALSE
a	a	t	l	petală|=|Ncfsrn|1	petale|petală|Ncfp-n|1	ă	e	FALSE
a	a	t	r	petardă|=|Ncfsrn|1	petarde|petardă|Ncfp-n|1	ă	e	FALSE
a	a	o_X	s	petimbroasă|=|Ncfsrn|2	petimbroase|petimbroasă|Ncfp-n|2	ă	e	FALSE
a	a	m	k	petromax|=|Ncms-n|2	petromaxuri|petromax|Ncfp-n|2		u r i_0	FALSE
a	a	o_X	r	peștișoară|=|Ncfsrn|2	peștișoare|peștișoară|Ncfp-n|2	ă	e	FALSE
a	a	i	n	pian|=|Ncms-n|1	piane|pian|Ncfp-n|1		e	FALSE
a	a	k	Z	picaj|=|Ncms-n|1	picaje|picaj|Ncfp-n|1		e	FALSE
a	a	i	l	pictorial|=|Ncms-n|3	pictoriale|pictorial|Ncfp-n|3		e	FALSE
a	a	t	l	piedestal|=|Ncms-n|2	piedestale|piedestal|Ncfp-n|2		e	FALSE
a	a	t	l	piedestal|=|Ncms-n|2	piedestaluri|piedestal|Ncfp-n|2		u r i_0	FALSE
a	a	t	r	pieptar|=|Ncms-n|1	pieptare|pieptar|Ncfp-n|1		e	FALSE
a	a	n	r	pieptănar|=|Ncms-n|2	pieptănari|pieptănar|Ncmp-n|2		i_0	FALSE
a	a	z	n	pierzanie|=|Ncfsrn|1	pierzanii|pierzanie|Ncfp-n|1	e	j	FALSE
a	a	r	r	pietrar|=|Ncms-n|1	pietrari|pietrar|Ncmp-n|1		i_0	FALSE
a	a	l	s	pilastru|=|Ncms-n|1	pilaștri|pilastru|Ncmp-n|1	u	i	FALSE
a	a	k	r	pilocarp|=|Ncms-n|2	pilocarpi|pilocarp|Ncmp-n|2		i_0	FALSE
a	a	t	Z	pilotaj|=|Ncms-n|2	pilotaje|pilotaj|Ncfp-n|2		e	FALSE
a	a	r	t	pirat|=|Ncms-n|1	pirați|pirat|Ncmp-n|1		i_0	FALSE
a	a	r	f	pirheliograf|=|Ncms-n|4	pirheliografe|pirheliograf|Ncfp-n|4		e	FALSE
a	a	p	l	pitpalac|=|Ncms-n|2	pitpalaci|pitpalac|Ncmp-n|2		tS	FALSE
a	a	o_X	r	pișoarcă|=|Ncfsrn|1	pișoarce|pișoarcă|Ncfp-n|1	ă	e	FALSE
a	a	l	tS	placere|=|Ncfsrn|0	placeri|placere|Ncfp-n|0	e	i_0	FALSE
a	a	l	f	plafar|=|Ncms-n|1	plafare|plafar|Ncfp-n|1		e	FALSE
a	a	l	gZ	plagioclaz|=|Ncms-n|3	plagioclazi|plagioclaz|Ncmp-n|3		i_0	FALSE
a	a	l	j	plaivaz|=|Ncms-n|1	plaivaze|plaivaz|Ncfp-n|1		e	FALSE
a	a	l	j	plaivaz|=|Ncms-n|1	plaivazuri|plaivaz|Ncfp-n|1		u r i_0	FALSE
a	a	l	Z	plajă|=|Ncfsrn|0	plaje|plajă|Ncfp-n|0	ă	e	FALSE
a	a	l	n	plan|=|Ncms-n|0	planuri|plan|Ncfp-n|0		u r i_0	FALSE
a	a	l	n	planetariu|=|Ncms-n|2	planetare|planetariu|Ncfp-n|2	u	e	FALSE
a	a	l	n	planetariu|=|Ncms-n|2	planetarii|planetariu|Ncfp-n|2	u	i	FALSE
a	a	l	n	plantație|=|Ncfsrn|1	plantații|plantație|Ncfp-n|1	e	j	FALSE
a	a	l	n	plantă|=|Ncfsrn|0	plante|plantă|Ncfp-n|0	ă	e	FALSE
a	a	l	n	planșă|=|Ncfsrn|0	planșe|planșă|Ncfp-n|0	ă	e	FALSE
a	a	l	p	plapumă|=|Ncfsrn|0	plapume|plapumă|Ncfp-n|0	ă	e	FALSE
a	a	l	s	plasmă|=|Ncfsrn|0	plasme|plasmă|Ncfp-n|0	ă	e	FALSE
a	a	l	s	plasă|=|Ncfsrn|0	plase|plasă|Ncfp-n|0	ă	e	FALSE
a	a	l	t	platan|=|Ncms-n|1	platane|platan|Ncfp-n|1		e	FALSE
a	a	l	t	platan|=|Ncms-n|1	platani|platan|Ncmp-n|1		i_0	FALSE
a	a	l	t	platină|=|Ncfsrn|0	platine|platină|Ncfp-n|0	ă	e	FALSE
a	a	l	u	plaur|=|Ncms-n|0	plauri|plaur|Ncmp-n|0		i_0	FALSE
a	a	l	v	plav|=|Ncms-n|0	plavi|plav|Ncmp-n|0		i_0	FALSE
a	a	l	v	plav|=|Ncms-n|0	plavuri|plav|Ncfp-n|0		u r i_0	FALSE
a	a	l	v	plavcă|=|Ncfsrn|0	plavce|plavcă|Ncfp-n|0	ă	e	FALSE
a	a	e_X	f	pleaftură|=|Ncfsrn|0	pleafturi|pleaftură|Ncfp-n|0	ă	i_0	FALSE
a	a	j	d	pleiadă|=|Ncfsrn|1	pleiade|pleiadă|Ncfp-n|1	ă	e	FALSE
a	a	k	z	pleiocaziu|=|Ncmsrn|2	pleiocazii|pleiocaziu|Ncfp-n|2	u	j	FALSE
a	a	n	r	plenară|=|Ncfsrn|1	plenare|plenară|Ncfp-n|1	ă	e	FALSE
a	a	o_X	p	pleoapă|=|Ncfsrn|0	pleoape|pleoapă|Ncfp-n|0	ă	e	FALSE
a	a	n	s	pleonasm|=|Ncms-n|2	pleonasme|pleonasm|Ncfp-n|2		e	FALSE
a	a	i	n	pliant|=|Afpms-n|1	pliante|pliant|Ncfp-n|1		e	FALSE
a	a	o_X	p	plioapă|=|Ncfsrn|1	plioape|plioapă|Ncfp-n|1	ă	e	FALSE
a	a	k	r	ploscar|=|Ncms-n|1	ploscari|ploscar|Ncmp-n|1		i_0	FALSE
a	a	g	r	plugar|=|Ncms-n|1	plugari|plugar|Ncmp-n|1		i_0	FALSE
a	a	r	l	plural|=|Ncms-n|1	plurale|plural|Ncfp-n|1		e	FALSE
a	a	r	l	plural|=|Ncms-n|1	pluraluri|plural|Ncfp-n|1		u r i_0	FALSE
a	a	t	S	plutaș|=|Ncms-n|1	plutași|plutaș|Ncmp-n|1		i_0	FALSE
a	a	r	k	pneumotorax|=|Ncmsvn|4	pneumotoraxuri|pneumotorax|Ncfp-n|4		u r i_0	FALSE
a	a	o_X	l	poală|=|Ncfsrn|0	poale|poală|Ncfp-n|0	ă	e	FALSE
a	a	o_X	m	poamă|=|Ncfsrn|0	poame|poamă|Ncfp-n|0	ă	e	FALSE
a	a	o_X	n	poanter|=|Ncms-n|0	poanteri|poanter|Ncmp-n|0		i_0	FALSE
a	a	g_j	z	podghiaz|=|Ncms-n|1	podghiazuri|podghiaz|Ncfp-n|1		u r i_0	FALSE
a	a	o_X	b	podoabă|=|Ncfsrn|1	podoabe|podoabă|Ncfp-n|1	ă	e	FALSE
a	a	t	s	poetastru|=|Ncms-n|2	poetaștri|poetastru|Ncmp-n|2	u	i	FALSE
a	a	Z	r	pojar|=|Ncms-n|1	pojaruri|pojar|Ncfp-n|1		u r i_0	FALSE
a	a	Z	r	pojarnic|=|Ncms-n|1	pojarnici|pojarnic|Ncmp-n|1		tS	FALSE
a	a	k	s	politicastru|=|Ncms-n|3	politicaștri|politicastru|Ncmp-n|3	u	i	FALSE
a	a	m	j	polițmaistru|=|Ncms-n|2	polițmaiștri|polițmaistru|Ncmp-n|2	u	i	FALSE
a	a	r	k	polturac|=|Ncms-n|2	polturaci|polturac|Ncmp-n|2		tS	FALSE
a	a	p	s	popas|=|Ncms-n|1	popasuri|popas|Ncfp-n|1		u r i_0	FALSE
a	a	l	ts	populație|=|Ncfsrn|2	populații|populație|Ncfp-n|2	e	j	FALSE
a	a	t	l	portal|=|Ncms-n|1	portaluri|portal|Ncfp-n|1		u r i_0	FALSE
a	a	t	r	portar|=|Ncms-n|1	portari|portar|Ncmp-n|1		i_0	FALSE
a	a	b	g	portbagaj|=|Ncms-n|2	portbagaje|portbagaj|Ncfp-n|2		e	FALSE
a	a	f	r	portfard|=|Ncms-n|1	portfarduri|portfard|Ncfp-n|1		u r i_0	FALSE
a	a	h	r	porthart|=|Ncms-n|1	portharturi|porthart|Ncfp-n|1		u r i_0	FALSE
a	a	k	l	portocal|=|Ncms-n|2	portocali|portocal|Ncmp-n|2		i_0	FALSE
a	a	k	l	portocală|=|Ncfsrn|2	portocale|portocală|Ncfp-n|2	ă	e	FALSE
a	a	d	r	portstindard|=|Ncms-n|2	portstindarde|portstindard|Ncfp-n|2		e	FALSE
a	a	l	n	porțelan|=|Ncms-n|2	porțelanuri|porțelan|Ncfp-n|2		u r i_0	FALSE
a	a	s	d	posadă|=|Ncfsrn|1	posade|posadă|Ncfp-n|1	ă	e	FALSE
a	a	t	t	postată|=|Ncfsrn|1	postate|postată|Ncfp-n|1	ă	e	FALSE
a	a	t	v	postav|=|Ncms-n|1	postavuri|postav|Ncfp-n|1		u r i_0	FALSE
a	a	l	t	postulat|=|Ncms-n|2	postulate|postulat|Ncfp-n|2		e	FALSE
a	a	t	t	potentat|=|Ncms-n|2	potentați|potentat|Ncmp-n|2		i_0	FALSE
a	a	i	l	potențial|=|Afpms-n|3	potențiale|potențial|Ncfp-n|3		e	FALSE
a	a	i	l	potențial|=|Afpms-n|3	potențialuri|potențial|Ncfp-n|3		u r i_0	FALSE
a	a	r	S	poteraș|=|Ncms-n|2	poterași|poteraș|Ncmp-n|2		i_0	FALSE
a	a	t	S	povestaș|=|Ncms-n|2	povestași|povestaș|Ncmp-n|2		i_0	FALSE
a	a	t	S	poștaș|=|Ncms-n|1	poștași|poștaș|Ncmp-n|1		i_0	FALSE
a	a	r	k	practicant|=|Ncms-n|2	practicanți|practicant|Ncmp-n|2		i_0	FALSE
a	a	r	k	practicare|=|Ncfsrn|2	practicari|practicare|Ncfp-n|2	e	i_0	FALSE
a	a	r	k	practică|=|Ncfsrn|0	practici|practică|Ncfp-n|0	ă	tS	FALSE
a	a	r	f	praf|=|Ncms-n|0	prafuri|praf|Ncfp-n|0		u r i_0	FALSE
a	a	r	f	praftoriță|=|Ncfsrn|0	praftorițe|praftoriță|Ncfp-n|0	ă	e	FALSE
a	a	r	g	prag|=|Ncms-n|0	praguri|prag|Ncfp-n|0		u r i_0	FALSE
a	a	r	j	prairial|=|Ncms-n|1	prairiali|prairial|Ncmp-n|2		i_0	TRUE
a	a	r	Z	praj|=|Ncms-n|0	praji|praj|Ncmp-n|0		i_0	FALSE
a	a	r	p	prapor|=|Ncms-n|0	prapori|prapor|Ncmp-n|0		i_0	FALSE
a	a	r	v	pravoslavnică|=|Ncfsrn|2	pravoslavnice|pravoslavnică|Ncfp-n|2	ă	e	FALSE
a	a	r	k	praxiu|=|Ncms-n|0	praxiuri|praxiu|Ncfp-n|0	u	u r i_0	FALSE
a	a	r	z	praz|=|Ncms-n|0	praji|praz|Ncmp-n|0		i_0	FALSE
a	a	r	z	praznic|=|Ncms-n|0	praznice|praznic|Ncfp-n|0		e	FALSE
a	a	r	S	prașilă|=|Ncfsrn|0	prașile|prașilă|Ncfp-n|0	ă	e	FALSE
a	a	r	S	praștie|=|Ncfsrn|0	praștii|praștie|Ncfp-n|0	e	j	FALSE
a	a	e_X	Z	preajmă|=|Ncfsrn|0	preajme|preajmă|Ncfp-n|0	ă	e	FALSE
a	a	t	ts	precipitație|=|Ncfsrn|3	precipitații|precipitație|Ncfp-n|3	e	j	FALSE
a	a	r	k	precontract|=|Ncms-n|2	precontracte|precontract|Ncfp-n|2		e	FALSE
a	a	k	t	predicat|=|Ncms-n|2	predicate|predicat|Ncfp-n|2		e	FALSE
a	a	f	b	prefabricat|=|Afpms-n|3	prefabricate|prefabricat|Ncfp-n|3		e	FALSE
a	a	r	n	preferans|=|Ncms-n|2	preferansuri|preferans|Ncfp-n|2		u r i_0	FALSE
a	a	r	n	preferanț|=|Ncms-n|2	preferanțuri|preferanț|Ncfp-n|2		u r i_0	FALSE
a	a	r	t	preferată|=|Ncfsrn|2	preferate|preferată|Ncfp-n|2	ă	e	FALSE
a	a	n	n	pregnanță|=|Ncfsrn|1	pregnanțe|pregnanță|Ncfp-n|1	ă	e	FALSE
a	a	f	r	preinfarct|=|Ncms-n|2	preinfarcte|preinfarct|Ncfp-n|2		e	FALSE
a	a	l	t	prelat|=|Ncms-n|1	prelați|prelat|Ncmp-n|1		i_0	FALSE
a	a	l	t	prelată|=|Ncfsrn|1	prelate|prelată|Ncfp-n|1	ă	e	FALSE
a	a	n	r	preliminar|=|Afpms-n|3	preliminarii|preliminar|Ncfp-n|3		i i	FALSE
a	a	i	n	premiant|=|Ncms-n|2	premianți|premiant|Ncmp-n|2		i_0	FALSE
a	a	p	r	preparandie|=|Ncfsrn|2	preparandii|preparandie|Ncfp-n|2	e	j	FALSE
a	a	p	r	preparat|=|Ncms-n|2	preparate|preparat|Ncfp-n|2		e	FALSE
a	a	p	r	preparație|=|Ncfsrn|2	preparații|preparație|Ncfp-n|2	e	j	FALSE
a	a	t	n	prestanță|=|Ncfsrn|1	prestanțe|prestanță|Ncfp-n|1	ă	e	FALSE
a	a	t	ts	prestație|=|Ncfsrn|1	prestații|prestație|Ncfp-n|1	e	j	FALSE
a	a	k	r	pretcar|=|Ncms-n|1	pretcare|pretcar|Ncfp-n|1		e	FALSE
a	a	l	r	preșcolar|=|Ncms-n|2	preșcolari|preșcolar|Ncmp-n|2		i_0	FALSE
a	a	o_X	n	prigoană|=|Ncfsrn|1	prigoane|prigoană|Ncfp-n|1	ă	e	FALSE
a	a	m	r	primar|=|Ncms-n|1	primari|primar|Ncmp-n|1		i_0	FALSE
a	a	m	t	primat|=|Afpms-n|1	primate|primat|Ncfp-n|1		e	FALSE
a	a	p	l	principală|=|Ncfsrn|2	principale|principală|Ncfp-n|2	ă	e	FALSE
a	a	p	t	principat|=|Ncms-n|2	principate|principat|Ncfp-n|2		e	FALSE
a	a	p	s	pripas|=|Ncms-n|1	pripasuri|pripas|Ncfp-n|1		u r i_0	FALSE
a	a	t	v	pristav|=|Ncms-n|1	pristavi|pristav|Ncmp-n|1		i_0	FALSE
a	a	t	v	pristav|=|Ncms-n|1	pristavuri|pristav|Ncfp-n|1		u r i_0	FALSE
a	a	v	t	privată|=|Ncfsrn|1	private|privată|Ncfp-n|1	ă	e	FALSE
a	a	i	t	privilegiat|=|Afpms-n|4	privilegiați|privilegiat|Ncmp-n|4		i_0	FALSE
a	a	i	t	privilegiată|=|Ncfsrn|4	privilegiate|privilegiată|Ncfp-n|4	ă	e	FALSE
a	a	o_X	s	proastă|=|Ncfsrn|0	proaste|proastă|Ncfp-n|0	ă	e	FALSE
a	a	o_X	S	proașcă|=|Ncfsrn|0	proaște|proașcă|Ncfp-n|0	ă	e	FALSE
a	a	m	t	problematică|=|Ncfsrn|2	problematice|problematică|Ncfp-n|2	ă	e	FALSE
a	a	t	Z	procentaj|=|Ncms-n|2	procentaje|procentaj|Ncfp-n|2		e	FALSE
a	a	l	m	proclamație|=|Ncfsrn|2	proclamații|proclamație|Ncfp-n|2	e	j	FALSE
a	a	o_X	r	profesoară|=|Ncfsrn|2	profesoare|profesoară|Ncfp-n|2	ă	e	FALSE
a	a	r	m	program|=|Ncms-n|1	programe|program|Ncfp-n|1		e	FALSE
a	a	r	m	programă|=|Ncfsrn|1	programe|programă|Ncfp-n|1	ă	e	FALSE
a	a	t	r	proletară|=|Ncfsrn|2	proletare|proletară|Ncfp-n|2	ă	e	FALSE
a	a	v	t	promovată|=|Ncfsrn|2	promovate|promovată|Ncfp-n|2	ă	e	FALSE
a	a	p	g	propagandă|=|Ncfsrn|2	propagande|propagandă|Ncfp-n|2	ă	e	FALSE
a	a	t	r	proprietar|=|Ncms-n|3	proprietari|proprietar|Ncmp-n|3		i_0	FALSE
a	a	t	r	proprietară|=|Ncfsrn|3	proprietare|proprietară|Ncfp-n|3	ă	e	FALSE
a	a	t	t	prostată|=|Ncfsrn|1	prostate|prostată|Ncfp-n|1	ă	e	FALSE
a	a	u	t	prostituată|=|Ncfsrn|3	prostituate|prostituată|Ncfp-n|3	ă	e	FALSE
a	a	n	k	prostănac|=|Ncms-n|2	prostănaci|prostănac|Ncmp-n|2		tS	FALSE
a	a	Z	t	protejată|=|Ncfsrn|2	protejate|protejată|Ncfp-n|2	ă	e	FALSE
a	a	t	n	protestant|=|Ncms-n|2	protestanți|protestant|Ncmp-n|2		i_0	FALSE
a	a	t	t	protestatar|=|Ncms-n|3	protestatari|protestatar|Ncmp-n|3		i_0	FALSE
a	a	i	k	protodiacon|=|Ncms-n|3	protodiaconi|protodiacon|Ncmp-n|3		i_0	FALSE
a	a	s	l	protopsalt|=|Ncms-n|2	protopsalți|protopsalt|Ncmp-n|2		i_0	FALSE
a	a	r	t	provizorat|=|Ncms-n|3	provizorate|provizorat|Ncfp-n|3		e	FALSE
a	a	ts	p	proțap|=|Ncms-n|1	proțapuri|proțap|Ncfp-n|1		u r i_0	FALSE
a	a	s	k	prusac|=|Afpms-n|1	prusaci|prusac|Ncmp-n|1		tS	FALSE
a	a	p	s	prăpastie|=|Ncfsrn|1	prăpastii|prăpastie|Ncfp-n|1	e	j	FALSE
a	a	s	l	psalm|=|Ncms-n|0	psalmi|psalm|Ncmp-n|0		i_0	FALSE
a	a	s	l	psalt|=|Ncms-n|0	psalți|psalt|Ncmp-n|0		i_0	FALSE
a	a	r	n	pseudomembrană|=|Ncfsrn|4	pseudomembrane|pseudomembrană|Ncfp-n|4	ă	e	FALSE
a	a	i	t	psihiatru|=|Ncms-n|2	psihiatri|psihiatru|Ncmp-n|2	u	i	FALSE
a	a	k	ts	publicație|=|Ncfsrn|2	publicații|publicație|Ncfp-n|2	e	j	FALSE
a	a	o_X	s	pucioasă|=|Ncfsrn|1	pucioase|pucioasă|Ncfp-n|1	ă	e	FALSE
a	a	o_X	j	pufoaică|=|Ncfsrn|1	pufoaice|pufoaică|Ncfp-n|1	ă	e	FALSE
a	a	s	r	pulsar|=|Ncms-n|1	pulsari|pulsar|Ncmp-n|1		i_0	FALSE
a	a	t	Z	punctaj|=|Ncms-n|1	punctaje|punctaj|Ncfp-n|1		e	FALSE
a	a	p	t	pupat|=|Afpms-n|1	pupaturi|pupat|Ncfp-n|1		u r i_0	FALSE
a	a	f	k	putrefacție|=|Ncfsrn|2	putrefacții|putrefacție|Ncfp-n|2	e	j	FALSE
a	a	i	S	pușcăriaș|=|Ncms-n|3	pușcăriași|pușcăriaș|Ncmp-n|3		i_0	FALSE
a	a	o_X	j	puștoaică|=|Ncfsrn|1	puștoaice|puștoaică|Ncfp-n|1	ă	e	FALSE
a	a	o_X	r	pâinișoară|=|Ncfsrn|2	pâinișoare|pâinișoară|Ncfp-n|2	ă	e	FALSE
a	a	o_X	g	pârloagă|=|Ncfsrn|1	pârloage|pârloagă|Ncfp-n|1	ă	e	FALSE
a	a	w	S	pârâuaș|=|Ncms-n|2	pârâuașe|pârâuaș|Ncfp-n|2		e	FALSE
a	a	k	t	păcat|=|Ncms-n|1	păcate|păcat|Ncfp-n|1		e	FALSE
a	a	r	r	păcurar|=|Ncms-n|2	păcurari|păcurar|Ncmp-n|2		i_0	FALSE
a	a	r	r	pădurar|=|Ncms-n|2	pădurari|pădurar|Ncmp-n|2		i_0	FALSE
a	a	b	S	păgubaș|=|Ncms-n|2	păgubași|păgubaș|Ncmp-n|2		i_0	FALSE
a	a	b	S	păgubașă|=|Ncfsrn|2	păgubașe|păgubașă|Ncfp-n|2	ă	e	FALSE
a	a	j	Z	păiajen|=|Ncms-n|1	păiajeni|păiajen|Ncmp-n|1		i_0	FALSE
a	a	j	n	păianjen|=|Ncms-n|1	păianjeni|păianjen|Ncmp-n|1		i_0	FALSE
a	a	o_X	r	păioară|=|Ncfsrn|1	păioare|păioară|Ncfp-n|1	ă	e	FALSE
a	a	m	S	pălmaș|=|Ncms-n|1	pălmași|pălmaș|Ncmp-n|1		i_0	FALSE
a	a	S	r	păpușar|=|Ncms-n|2	păpușare|păpușar|Ncfp-n|2		e	FALSE
a	a	S	r	păpușar|=|Ncms-n|2	păpușari|păpușar|Ncmp-n|2		i_0	FALSE
a	a	t	S	părtaș|=|Ncms-n|1	părtași|părtaș|Ncmp-n|1		i_0	FALSE
a	a	g	r	păstrugarniță|=|Ncfsrn|2	păstrugarnițe|păstrugarniță|Ncfp-n|2	ă	e	FALSE
a	a	n	k	păstârnac|=|Ncms-n|2	păstârnaci|păstârnac|Ncmp-n|2		tS	FALSE
a	a	l	gZ	pătlagină|=|Ncfsrn|1	pătlagini|pătlagină|Ncfp-n|1	ă	i_0	FALSE
a	a	r	r	pătrar|=|Ncms-n|1	pătrare|pătrar|Ncfp-n|1		e	FALSE
a	a	r	t	pătrat|=|Afpms-n|1	pătrate|pătrat|Ncfp-n|1		e	FALSE
a	a	ts	n	pățanie|=|Ncfsrn|1	pățanii|pățanie|Ncfp-n|1	e	j	FALSE
a	a	w	r	quarc|=|Ncms-n|0	quarcuri|quarc|Ncfp-n|0		u r i_0	FALSE
a	a	r	b	rabat|=|Ncms-n|1	rabaturi|rabat|Ncfp-n|1		u r i_0	FALSE
a	a	r	b	rabin|=|Ncms-n|0	rabini|rabin|Ncmp-n|0		i_0	FALSE
a	a	r	b	rabiț|=|Ncms-n|0	rabițe|rabiț|Ncfp-n|0		e	FALSE
a	a	r	b	rablă|=|Ncfsrn|0	rable|rablă|Ncfp-n|0	ă	e	FALSE
a	a	r	k	rac|=|Ncms-n|0	raci|rac|Ncmp-n|0		tS	FALSE
a	a	r	k	rac|=|Ncms-n|0	racuri|rac|Ncfp-n|0		u r i_0	FALSE
a	a	r	k	rack|=|Ncms-n|0	rackuri|rack|Ncfp-n|0		k u r i_0	FALSE
a	a	r	k	raclă|=|Ncfsrn|0	racle|raclă|Ncfp-n|0	ă	e	FALSE
a	a	r	d	radar|=|Ncms-n|1	radare|radar|Ncfp-n|1		e	FALSE
a	a	r	d	radiație|=|Ncfsrn|2	radiații|radiație|Ncfp-n|1	e	j	TRUE
a	a	r	d	radical|=|Afpms-n|2	radicali|radical|Ncmp-n|2		i_0	FALSE
a	a	r	d	radio|=|Ncms-n|0	radiouri|radio|Ncfp-n|2	o	o w r i_0	TRUE
a	a	r	d	radiobalizaj|=|Ncms-n|4	radiobalizaje|radiobalizaj|Ncfp-n|4		e	FALSE
a	a	r	d	radioghidaj|=|Ncms-n|4	radioghidaje|radioghidaj|Ncfp-n|4		e	FALSE
a	a	r	d	radiojurnal|=|Ncms-n|4	radiojurnale|radiojurnal|Ncfp-n|4		e	FALSE
a	a	r	d	radioreperaj|=|Ncms-n|5	radioreperaje|radioreperaj|Ncfp-n|5		e	FALSE
a	a	r	d	radioreportaj|=|Ncms-n|5	radioreportaje|radioreportaj|Ncfp-n|5		e	FALSE
a	a	r	d	radiosextant|=|Ncms-n|3	radiosextante|radiosextant|Ncfp-n|3		e	FALSE
a	a	r	d	radiotelemecanică|=|Ncfsrn|6	radiotelemecanici|radiotelemecanică|Ncfp-n|6	ă	tS	FALSE
a	a	r	d	radius|=|Ncms-n|0	radiusuri|radius|Ncfp-n|0		u r i_0	FALSE
a	a	r	d	radă|=|Ncfsrn|0	rade|radă|Ncfp-n|0	ă	e	FALSE
a	a	r	f	rafală|=|Ncfsrn|1	rafale|rafală|Ncfp-n|1	ă	e	FALSE
a	a	r	f	raft|=|Ncms-n|0	rafturi|raft|Ncfp-n|0		u r i_0	FALSE
a	a	r	h	rahat|=|Ncms-n|1	rahaturi|rahat|Ncfp-n|1		u r i_0	FALSE
a	a	r	h	rahat|=|Ncms-n|1	rahați|rahat|Ncmp-n|1		i_0	FALSE
a	a	r	j	raid|=|Ncms-n|0	raiduri|raid|Ncfp-n|0		u r i_0	FALSE
a	a	r	j	raită|=|Ncfsrn|0	raite|raită|Ncfp-n|0	ă	e	FALSE
a	a	r	m	ram|=|Ncms-n|0	ramuri|ram|Ncfp-n|0		u r i_0	FALSE
a	a	r	m	ramificație|=|Ncfsrn|3	ramificații|ramificație|Ncfp-n|3	e	j	FALSE
a	a	r	m	rampă|=|Ncfsrn|0	rampe|rampă|Ncfp-n|0	ă	e	FALSE
a	a	r	m	ramură|=|Ncfsrn|0	ramuri|ramură|Ncfp-n|0	ă	i_0	FALSE
a	a	r	m	ramă|=|Ncfsrn|0	rame|ramă|Ncfp-n|0	ă	e	FALSE
a	a	r	n	rang|=|Ncms-n|0	ranguri|rang|Ncfp-n|0		u r i_0	FALSE
a	a	r	n	raniță|=|Ncfsrn|0	ranițe|raniță|Ncfp-n|0	ă	e	FALSE
a	a	r	p	rapiță|=|Ncfsrn|0	rapițe|rapiță|Ncfp-n|0	ă	e	FALSE
a	a	r	p	rapt|=|Ncms-n|0	rapturi|rapt|Ncfp-n|0		u r i_0	FALSE
a	a	r	r	rară|=|Ncfsrn|0	rare|rară|Ncfp-n|0	ă	e	FALSE
a	a	r	s	ras|=|Ncms-n|0	rasuri|ras|Ncfp-n|0		u r i_0	FALSE
a	a	r	s	rasă|=|Ncfsrn|0	rase|rasă|Ncfp-n|0	ă	e	FALSE
a	a	r	t	ratat|=|Afpms-n|1	ratați|ratat|Ncmp-n|1		i_0	FALSE
a	a	r	t	ratată|=|Ncfsrn|1	ratate|ratată|Ncfp-n|1	ă	e	FALSE
a	a	r	t	rată|=|Ncfsrn|0	rate|rată|Ncfp-n|0	ă	e	FALSE
a	a	r	v	ravagiu|=|Ncms-n|1	ravagii|ravagiu|Ncfp-n|1	u	i j	FALSE
a	a	r	z	razie|=|Ncfsrn|0	razii|razie|Ncfp-n|0	e	j	FALSE
a	a	r	z	raznă|=|Ncfsrn|0	razne|raznă|Ncfp-n|0	ă	e	FALSE
a	a	r	z	rază|=|Ncfsrn|0	raze|rază|Ncfp-n|0	ă	e	FALSE
a	a	r	ts	rațcă|=|Ncfsrn|0	rațce|rațcă|Ncfp-n|0	ă	e	FALSE
a	a	r	ts	rație|=|Ncfsrn|0	rații|rație|Ncfp-n|0	e	j	FALSE
a	a	r	ts	rață|=|Ncfsrn|0	rațe|rață|Ncfp-n|0	ă	e	FALSE
a	a	e	k	reacție|=|Ncfsrn|1	reacții|reacție|Ncfp-n|0	e	j	TRUE
a	a	e_X	z	reazem|=|Ncms-n|0	reazeme|reazem|Ncfp-n|0		e	FALSE
a	a	t	l	recital|=|Ncms-n|2	recitaluri|recital|Ncfp-n|2		u r i_0	FALSE
a	a	l	m	reclamant|=|Ncms-n|2	reclamanți|reclamant|Ncmp-n|2		i_0	FALSE
a	a	l	m	reclamantă|=|Ncfsrn|2	reclamante|reclamantă|Ncfp-n|2	ă	e	FALSE
a	a	l	m	reclamată|=|Ncfsrn|2	reclamate|reclamată|Ncfp-n|2	ă	e	FALSE
a	a	l	m	reclamație|=|Ncfsrn|2	reclamații|reclamație|Ncfp-n|2	e	j	FALSE
a	a	l	m	reclamă|=|Ncfsrn|1	reclame|reclamă|Ncfp-n|1	ă	e	FALSE
a	a	m	n	recomandată|=|Ncfsrn|3	recomandate|recomandată|Ncfp-n|3	ă	e	FALSE
a	a	m	n	recomandație|=|Ncfsrn|3	recomandații|recomandație|Ncfp-n|3	e	j	FALSE
a	a	m	n	recordman|=|Ncms-n|2	recordmani|recordman|Ncmp-n|2		i_0	FALSE
a	a	e	ts	recreație|=|Ncfsrn|2	recreații|recreație|Ncfp-n|2	e	j	FALSE
a	a	o_X	S	recunoaștere|=|Ncfsrn|2	recunoașteri|recunoaștere|Ncfp-n|2	e	i_0	FALSE
a	a	d	k	redactor|=|Ncms-n|1	redactori|redactor|Ncmp-n|1		i_0	FALSE
a	a	d	k	redacție|=|Ncfsrn|1	redacții|redacție|Ncfp-n|1	e	j	FALSE
a	a	f	tS	refacere|=|Ncfsrn|1	refaceri|refacere|Ncfp-n|1	e	i_0	FALSE
a	a	r	t	referat|=|Ncms-n|2	referate|referat|Ncfp-n|2		e	FALSE
a	a	m	t	reformată|=|Ncfsrn|2	reformate|reformată|Ncfp-n|2	ă	e	FALSE
a	a	r	k	refracție|=|Ncfsrn|1	refracții|refracție|Ncfp-n|1	e	j	FALSE
a	a	g	l	regal|=|Afpms-n|1	regaluri|regal|Ncfp-n|1		u r i_0	FALSE
a	a	g	l	regală|=|Ncfsrn|1	regale|regală|Ncfp-n|1	ă	e	FALSE
a	a	g	t	regat|=|Ncms-n|1	regate|regat|Ncfp-n|1		e	FALSE
a	a	n	l	regională|=|Ncfsrn|3	regionale|regională|Ncfp-n|3	ă	e	FALSE
a	a	l	Z	reglaj|=|Ncms-n|1	reglaje|reglaj|Ncfp-n|1		e	FALSE
a	a	t	t	regretată|=|Ncfsrn|2	regretate|regretată|Ncfp-n|2	ă	e	FALSE
a	a	t	ts	regurgitație|=|Ncfsrn|3	regurgitații|regurgitație|Ncfp-n|3	e	j	FALSE
a	a	l	k	relaxă|=|Ncfsrn|1	relaxe|relaxă|Ncfp-n|1	ă	e	FALSE
a	a	l	ts	relație|=|Ncfsrn|1	relații|relație|Ncfp-n|1	e	j	FALSE
a	a	v	n	relevanță|=|Ncfsrn|2	relevanțe|relevanță|Ncfp-n|2	ă	e	FALSE
a	a	m	r	remarcă|=|Ncfsrn|1	remarce|remarcă|Ncfp-n|1	ă	e	FALSE
a	a	m	r	remarcă|=|Ncfsrn|1	remarci|remarcă|Ncfp-n|1	ă	tS	FALSE
a	a	r	ts	remunerație|=|Ncfsrn|3	remunerații|remunerație|Ncfp-n|3	e	j	FALSE
a	a	n	S	renaștere|=|Ncfsrn|1	renașteri|renaștere|Ncfp-n|1	e	i_0	FALSE
a	a	g	t	renegat|=|Ncms-n|2	renegați|renegat|Ncmp-n|2		i_0	FALSE
a	a	p	o	repaos|=|Ncms-n|1	repaosuri|repaos|Ncfp-n|1		u r i_0	FALSE
a	a	p	r	reparație|=|Ncfsrn|2	reparații|reparație|Ncfp-n|2	e	j	FALSE
a	a	p	u	repaus|=|Ncms-n|1	repausuri|repaus|Ncfp-n|1		u r i_0	FALSE
a	a	t	Z	reportaj|=|Ncms-n|2	reportaje|reportaj|Ncfp-n|2		e	FALSE
a	a	t	n	reprezentant|=|Ncms-n|3	reprezentanți|reprezentant|Ncmp-n|3		i_0	FALSE
a	a	t	n	reprezentantă|=|Ncfsrn|3	reprezentante|reprezentantă|Ncfp-n|3	ă	e	FALSE
a	a	t	n	reprezentanță|=|Ncfsrn|3	reprezentanțe|reprezentanță|Ncfp-n|3	ă	e	FALSE
a	a	t	ts	reprezentație|=|Ncfsrn|3	reprezentații|reprezentație|Ncfp-n|3	e	j	FALSE
a	a	k	n	republicană|=|Ncfsrn|3	republicane|republicană|Ncfp-n|3	ă	e	FALSE
a	a	t	ts	reputație|=|Ncfsrn|2	reputații|reputație|Ncfp-n|2	e	j	FALSE
a	a	s	n	resortisant|=|Ncms-n|3	resortisanți|resortisant|Ncmp-n|3		i_0	FALSE
a	a	r	ts	respirație|=|Ncfsrn|2	respirații|respirație|Ncfp-n|2	e	j	FALSE
a	a	s	b	responsabil|=|Afpms-n|2	responsabili|responsabil|Ncmp-n|2		i_0	FALSE
a	a	s	b	responsabilă|=|Ncfsrn|2	responsabile|responsabilă|Ncfp-n|2	ă	e	FALSE
a	a	t	n	restanță|=|Ncfsrn|1	restanțe|restanță|Ncfp-n|1	ă	e	FALSE
a	a	t	u	restaurant|=|Ncms-n|3	restaurante|restaurant|Ncfp-n|3		e	FALSE
a	a	r	gZ	retragere|=|Ncfsrn|1	retrageri|retragere|Ncfp-n|1	e	i_0	FALSE
a	a	v	n	revanșă|=|Ncfsrn|1	revanșe|revanșă|Ncfp-n|1	ă	e	FALSE
a	a	l	ts	revelație|=|Ncfsrn|2	revelații|revelație|Ncfp-n|2	e	j	FALSE
a	a	n	r	revoluționară|=|Ncfsrn|5	revoluționare|revoluționară|Ncfp-n|5	ă	e	FALSE
a	a	v	ts	rezervație|=|Ncfsrn|2	rezervații|rezervație|Ncfp-n|2	e	j	FALSE
a	a	i	t	rezidențiat|=|Ncms-n|4	rezidențiate|rezidențiat|Ncfp-n|4		e	FALSE
a	a	n	n	rezonanță|=|Ncfsrn|2	rezonanțe|rezonanță|Ncfp-n|2	ă	e	FALSE
a	a	t	n	rezultantă|=|Ncfsrn|2	rezultante|rezultantă|Ncfp-n|2	ă	e	FALSE
a	a	t	t	rezultat|=|Afpms-n|2	rezultate|rezultat|Ncfp-n|2		e	FALSE
a	a	m	t	rezumat|=|Ncms-n|2	rezumate|rezumat|Ncfp-n|2		e	FALSE
a	a	o_X	r	reîntoarcere|=|Ncfsrn|2	reîntoarceri|reîntoarcere|Ncfp-n|2	e	i_0	FALSE
a	a	o_X	r	ridichioară|=|Ncfsrn|2	ridichioare|ridichioară|Ncfp-n|2	ă	e	FALSE
a	a	e_X	g	ripeag|=|Ncms-n|1	ripeaguri|ripeag|Ncfp-n|1		u r i_0	FALSE
a	a	u	l	ritual|=|Afpms-n|2	ritualuri|ritual|Ncfp-n|2		u r i_0	FALSE
a	a	v	l	rival|=|Afpms-n|1	rivali|rival|Ncmp-n|1		i_0	FALSE
a	a	v	l	rivală|=|Ncfsrn|1	rivale|rivală|Ncfp-n|1	ă	e	FALSE
a	a	z	f	rizafcă|=|Ncfsrn|1	rizafce|rizafcă|Ncfp-n|1	ă	e	FALSE
a	a	e_X	f	rizeafcă|=|Ncfsrn|1	rizeafce|rizeafcă|Ncfp-n|1	ă	e	FALSE
a	a	o_X	t	roată|=|Ncfsrn|0	roate|roată|Ncfp-n|0	ă	e	FALSE
a	a	k	d	rocadă|=|Ncfsrn|1	rocade|rocadă|Ncfp-n|1	ă	e	FALSE
a	a	d	n	rojdanic|=|Ncms-n|1	rojdanice|rojdanic|Ncfp-n|1		e	FALSE
a	a	g	n	rolgang|=|Ncms-n|1	rolganguri|rolgang|Ncfp-n|1		u r i_0	FALSE
a	a	m	n	roman|=|Afpms-n|1	romane|roman|Ncfp-n|1		e	FALSE
a	a	m	n	romană|=|Ncfsrn|1	romane|romană|Ncfp-n|1	ă	e	FALSE
a	a	m	n	romanț|=|Ncms-n|1	romanțuri|romanț|Ncfp-n|1		u r i_0	FALSE
a	a	p	s	rostopască|=|Ncfsrn|2	rostopaște|rostopască|Ncfp-n|2	ă	e	FALSE
a	a	t	r	rotar|=|Ncms-n|1	rotari|rotar|Ncmp-n|1		i_0	FALSE
a	a	t	ts	rotație|=|Ncfsrn|1	rotații|rotație|Ncfp-n|1	e	j	FALSE
a	a	r	n	rototranslație|=|Ncfsrn|3	rototranslații|rototranslație|Ncfp-n|3	e	j	FALSE
a	a	o_X	r	rufșoară|=|Ncfsrn|1	rufșoare|rufșoară|Ncfp-n|1	ă	e	FALSE
a	a	l	Z	rulaj|=|Ncms-n|1	rulaje|rulaj|Ncfp-n|1		e	FALSE
a	a	s	l	rusalie|=|Ncfsrn|1	rusalii|rusalie|Ncfp-n|1	e	j	FALSE
a	a	o_X	j	rusoaică|=|Ncfsrn|1	rusoaice|rusoaică|Ncfp-n|1	ă	e	FALSE
a	a	s	n	ruxandră|=|Ncfsrn|1	ruxandre|ruxandră|Ncfp-n|1	ă	e	FALSE
a	a	ts	r	râșnițar|=|Ncms-n|2	râșnițari|râșnițar|Ncmp-n|2		i_0	FALSE
a	a	v	n	rădvan|=|Ncms-n|1	rădvane|rădvan|Ncfp-n|1		e	FALSE
a	a	g	z	răgaz|=|Ncms-n|1	răgazuri|răgaz|Ncfp-n|1		u r i_0	FALSE
a	a	m	s	rămas|=|Afpms-n|1	rămasuri|rămas|Ncfp-n|1		u r i_0	FALSE
a	a	S	g	rămășag|=|Ncms-n|2	rămășaguri|rămășag|Ncfp-n|2		u r i_0	FALSE
a	a	s	d	răsad|=|Ncms-n|1	răsaduri|răsad|Ncfp-n|1		u r i_0	FALSE
a	a	s	d	răsadniță|=|Ncfsrn|1	răsadnițe|răsadniță|Ncfp-n|1	ă	e	FALSE
a	a	s	b	sablant|=|Ncms-n|1	sablanți|sablant|Ncmp-n|1		i_0	FALSE
a	a	s	b	sabotaj|=|Ncms-n|2	sabotaje|sabotaj|Ncfp-n|2		e	FALSE
a	a	s	k	sac|=|Ncms-n|0	saci|sac|Ncmp-n|0		tS	FALSE
a	a	s	f	safari|=|Ncms-n|1	safariuri|safari|Ncfp-n|1	i	i u r i_0	FALSE
a	a	s	f	saftian|=|Ncms-n|2	saftiane|saftian|Ncfp-n|2		e	FALSE
a	a	s	f	saftian|=|Ncms-n|2	saftianuri|saftian|Ncfp-n|2		u r i_0	FALSE
a	a	s	g	sagnă|=|Ncfsrn|0	sagne|sagnă|Ncfp-n|0	ă	e	FALSE
a	a	s	g	sagum|=|Ncms-n|0	sagumuri|sagum|Ncfp-n|0		u r i_0	FALSE
a	a	s	l	salam|=|Ncms-n|1	salamuri|salam|Ncfp-n|1		u r i_0	FALSE
a	a	s	l	salariat|=|Ncms-n|3	salariați|salariat|Ncmp-n|3		i_0	FALSE
a	a	s	l	salariu|=|Ncms-n|1	salarii|salariu|Ncfp-n|1	u	i	FALSE
a	a	s	l	salată|=|Ncfsrn|1	salate|salată|Ncfp-n|1	ă	e	FALSE
a	a	s	l	salbă|=|Ncfsrn|0	salbe|salbă|Ncfp-n|0	ă	e	FALSE
a	a	s	l	salcie|=|Ncfsrn|0	salcii|salcie|Ncfp-n|0	e	j	FALSE
a	a	s	l	salicilat|=|Ncms-n|3	salicilați|salicilat|Ncmp-n|3		i_0	FALSE
a	a	s	l	salonard|=|Ncms-n|2	salonarzi|salonard|Ncmp-n|2		i_0	FALSE
a	a	s	l	salt|=|Ncms-n|0	salturi|salt|Ncfp-n|0		u r i_0	FALSE
a	a	s	l	saltimbanc|=|Ncms-n|2	saltimbanci|saltimbanc|Ncmp-n|2		tS	FALSE
a	a	s	l	salvie|=|Ncfsrn|0	salvii|salvie|Ncfp-n|0	e	j	FALSE
a	a	s	l	salvă|=|Ncfsrn|0	salve|salvă|Ncfp-n|0	ă	e	FALSE
a	a	s	m	sambă|=|Ncfsrn|0	sambe|sambă|Ncfp-n|0	ă	e	FALSE
a	a	s	m	sameș|=|Ncms-n|0	sameși|sameș|Ncmp-n|0		i_0	FALSE
a	a	s	m	samsar|=|Ncms-n|1	samsari|samsar|Ncmp-n|1		i_0	FALSE
a	a	s	m	samuraslă|=|Ncfsrn|2	samurasle|samuraslă|Ncfp-n|2	ă	e	FALSE
a	a	s	n	sanctuar|=|Ncms-n|2	sanctuare|sanctuar|Ncfp-n|2		e	FALSE
a	a	s	n	sandală|=|Ncfsrn|1	sandale|sandală|Ncfp-n|1	ă	e	FALSE
a	a	s	n	sandră|=|Ncfsrn|0	sandre|sandră|Ncfp-n|0	ă	e	FALSE
a	a	s	n	sandvici|=|Ncms-n|0	sandviciuri|sandvici|Ncfp-n|0	i	u r i_0	FALSE
a	a	s	n	sandviș|=|Ncms-n|0	sandvișuri|sandviș|Ncfp-n|0		u r i_0	FALSE
a	a	s	n	sangeac|=|Ncms-n|1	sangeaci|sangeac|Ncmp-n|1		tS	FALSE
a	a	s	n	sangeac|=|Ncms-n|1	sangeacuri|sangeac|Ncfp-n|1		u r i_0	FALSE
a	a	s	p	sapă|=|Ncfsrn|0	sape|sapă|Ncfp-n|0	ă	e	FALSE
a	a	s	r	sarafan|=|Ncms-n|2	sarafane|sarafan|Ncfp-n|2		e	FALSE
a	a	s	r	sarcasm|=|Ncms-n|1	sarcasme|sarcasm|Ncfp-n|1		e	FALSE
a	a	s	r	sarcină|=|Ncfsrn|0	sarcini|sarcină|Ncfp-n|0	ă	i_0	FALSE
a	a	s	r	sarcofag|=|Ncms-n|2	sarcofage|sarcofag|Ncfp-n|2		e	FALSE
a	a	s	r	sarmală|=|Ncfsrn|1	sarmale|sarmală|Ncfp-n|1	ă	e	FALSE
a	a	s	r	sart|=|Ncms-n|0	sarturi|sart|Ncfp-n|0		u r i_0	FALSE
a	a	s	s	sas|=|Ncms-n|0	sași|sas|Ncmp-n|0		i_0	FALSE
a	a	s	s	sas|=|Ncms-n|0	sasuri|sas|Ncfp-n|0		u r i_0	FALSE
a	a	s	t	sat|=|Ncms-n|0	sate|sat|Ncfp-n|0		e	FALSE
a	a	s	t	satisfacere|=|Ncfsrn|2	satisfaceri|satisfacere|Ncfp-n|2	e	i_0	FALSE
a	a	s	t	satisfacție|=|Ncfsrn|2	satisfacții|satisfacție|Ncfp-n|2	e	j	FALSE
a	a	s	t	satrap|=|Ncms-n|1	satrapi|satrap|Ncmp-n|1		i_0	FALSE
a	a	s	v	savant|=|Afpms-n|1	savanți|savant|Ncmp-n|1		i_0	FALSE
a	a	s	v	savană|=|Ncfsrn|1	savane|savană|Ncfp-n|1	ă	e	FALSE
a	a	s	v	savart|=|Ncms-n|1	savarți|savart|Ncmp-n|1		i_0	FALSE
a	a	s	v	savoiard|=|Ncms-n|2	savoiarzi|savoiard|Ncmp-n|2		i_0	FALSE
a	a	s	k	saxifragă|=|Ncfsrn|2	saxifragi|saxifragă|Ncfp-n|2	ă	i_0	FALSE
a	a	k	f	scafandru|=|Ncms-n|1	scafandre|scafandru|Ncfp-n|1	u	e	FALSE
a	a	k	f	scafandru|=|Ncms-n|1	scafandri|scafandru|Ncmp-n|1	u	i	FALSE
a	a	k	l	scaldă|=|Ncfsrn|0	scalde|scaldă|Ncfp-n|0	ă	e	FALSE
a	a	k	l	scalp|=|Ncms-n|0	scalpuri|scalp|Ncfp-n|0		u r i_0	FALSE
a	a	k	m	scampolo|=|Ncms-n|0	scampolouri|scampolo|Ncfp-n|0	o	o u r i_0	FALSE
a	a	k	n	scandal|=|Ncms-n|1	scandaluri|scandal|Ncfp-n|1		u r i_0	FALSE
a	a	k	n	scandinav|=|Ncms-n|2	scandinavi|scandinav|Ncmp-n|2		i_0	FALSE
a	a	k	n	scandinavă|=|Ncfsrn|2	scandinave|scandinavă|Ncfp-n|2	ă	e	FALSE
a	a	k	n	scaner|=|Ncms-n|0	scanere|scaner|Ncfp-n|0		e	FALSE
a	a	k	p	scap|=|Ncms-n|0	scapi|scap|Ncmp-n|0		i_0	FALSE
a	a	k	r	scarlatinoasă|=|Ncfsrn|3	scarlatinoase|scarlatinoasă|Ncfp-n|3	ă	e	FALSE
a	a	k	r	scarp|=|Ncms-n|0	scarpi|scarp|Ncmp-n|0		i_0	FALSE
a	a	k	t	scatoalcă|=|Ncfsrn|1	scatoalce|scatoalcă|Ncfp-n|1	ă	e	FALSE
a	a	k	u	scaun|=|Ncms-n|0	scaune|scaun|Ncfp-n|0		e	FALSE
a	a	n	r	scenariu|=|Ncms-n|1	scenarii|scenariu|Ncfp-n|1	u	j	FALSE
a	a	r	f	scenograf|=|Ncms-n|2	scenografi|scenograf|Ncmp-n|2		i_0	FALSE
a	a	r	f	scenografă|=|Ncfsrn|2	scenografe|scenografă|Ncfp-n|2	ă	e	FALSE
a	a	k_j	m	scheamăt|=|Ncms-n|0	scheamete|scheamăt|Ncfp-n|0		e	FALSE
a	a	k_j	u	schiaun|=|Ncms-n|0	schiaune|schiaun|Ncfp-n|0		e	FALSE
a	a	o_X	r	schioară|=|Ncfsrn|1	schioare|schioară|Ncfp-n|1	ă	e	FALSE
a	a	m	t	schismatic|=|Ncms-n|1	schismatici|schismatic|Ncmp-n|1		tS	FALSE
a	a	i	t	sciatică|=|Ncfsrn|1	sciatici|sciatică|Ncfp-n|1	ă	tS	FALSE
a	a	l	v	sclav|=|Ncms-n|0	sclavi|sclav|Ncmp-n|0		i_0	FALSE
a	a	o_X	r	scoarță|=|Ncfsrn|0	scoarțe|scoarță|Ncfp-n|0	ă	e	FALSE
a	a	o_X	t	scoatere|=|Ncfsrn|0	scoateri|scoatere|Ncfp-n|0	e	i_0	FALSE
a	a	l	s	scolast|=|Ncms-n|1	scolaști|scolast|Ncmp-n|1		i_0	FALSE
a	a	l	s	scolastică|=|Ncfsrn|1	scolastici|scolastică|Ncfp-n|1	ă	tS	FALSE
a	a	o_X	m	scoroambă|=|Ncfsrn|1	scoroambe|scoroambă|Ncfp-n|1	ă	e	FALSE
a	a	o_X	r	scorțișoară|=|Ncfsrn|2	scorțișoare|scorțișoară|Ncfp-n|2	ă	e	FALSE
a	a	r	b	scrabă|=|Ncfsrn|0	scrabe|scrabă|Ncfp-n|0	ă	e	FALSE
a	a	o_X	f	scroafă|=|Ncfsrn|0	scroafe|scroafă|Ncfp-n|0	ă	e	FALSE
a	a	o_X	m	scroambă|=|Ncfsrn|0	scroambe|scroambă|Ncfp-n|0	ă	e	FALSE
a	a	o_X	r	scrumbioară|=|Ncfsrn|2	scrumbioare|scrumbioară|Ncfp-n|2	ă	e	FALSE
a	a	w	r	scuar|=|Ncms-n|0	scuaruri|scuar|Ncfp-n|0		u r i_0	FALSE
a	a	r	Z	scurtmetraj|=|Ncms-n|2	scurtmetraje|scurtmetraj|Ncfp-n|2		e	FALSE
a	a	v	m	scvamă|=|Ncfsrn|0	scvame|scvamă|Ncfp-n|0	ă	e	FALSE
a	a	d	t	scăldat|=|Ncms-n|1	scăldaturi|scăldat|Ncfp-n|1		u r i_0	FALSE
a	a	r	t	secerat|=|Afpms-n|2	seceraturi|secerat|Ncfp-n|2		u r i_0	FALSE
a	a	t	r	secretar|=|Ncms-n|2	secretari|secretar|Ncmp-n|2		i_0	FALSE
a	a	t	r	secretariat|=|Ncms-n|4	secretariate|secretariat|Ncfp-n|4		e	FALSE
a	a	t	r	secretară|=|Ncfsrn|2	secretare|secretară|Ncfp-n|2	ă	e	FALSE
a	a	d	r	secundar|=|Afpms-n|2	secundare|secundar|Ncfp-n|2		e	FALSE
a	a	d	r	secundară|=|Ncfsrn|2	secundare|secundară|Ncfp-n|2	ă	e	FALSE
a	a	f	r	sefard|=|Ncms-n|1	sefarzi|sefard|Ncmp-n|1		i_0	FALSE
a	a	e_X	f	seleaf|=|Ncms-n|1	seleafuri|seleaf|Ncfp-n|1		u r i_0	FALSE
a	a	k	l	semicalc|=|Ncms-n|2	semicalcuri|semicalc|Ncfp-n|2		u r i_0	FALSE
a	a	n	l	semifinală|=|Ncfsrn|3	semifinale|semifinală|Ncfp-n|3	ă	e	FALSE
a	a	n	r	seminar|=|Ncms-n|2	seminare|seminar|Ncfp-n|2		e	FALSE
a	a	n	r	seminar|=|Ncms-n|2	seminarii|seminar|Ncfp-n|2		i j	FALSE
a	a	m	d	seminomad|=|Ncms-n|3	seminomazi|seminomad|Ncmp-n|3		i_0	FALSE
a	a	l	n	semiplan|=|Ncms-n|2	semiplane|semiplan|Ncfp-n|2		e	FALSE
a	a	l	n	semiplan|=|Ncms-n|2	semiplanuri|semiplan|Ncfp-n|2		u r i_0	FALSE
a	a	t	l	semirecital|=|Ncms-n|4	semirecitale|semirecital|Ncfp-n|4		e	FALSE
a	a	n	l	semnal|=|Ncms-n|1	semnale|semnal|Ncfp-n|1		e	FALSE
a	a	n	t	semnatar|=|Ncms-n|2	semnatari|semnatar|Ncmp-n|2		i_0	FALSE
a	a	n	t	semnatară|=|Ncfsrn|2	semnatare|semnatară|Ncfp-n|2	ă	e	FALSE
a	a	k	ts	semnificație|=|Ncfsrn|3	semnificații|semnificație|Ncfp-n|3	e	j	FALSE
a	a	n	t	senat|=|Ncms-n|1	senate|senat|Ncfp-n|1		e	FALSE
a	a	z	ts	senzație|=|Ncfsrn|1	senzații|senzație|Ncfp-n|1	e	j	FALSE
a	a	p	r	separație|=|Ncfsrn|2	separații|separație|Ncfp-n|2	e	j	FALSE
a	a	u	gZ	septuagenar|=|Ncms-n|4	septuagenari|septuagenar|Ncmp-n|4		i_0	FALSE
a	a	l	Z	serclaj|=|Ncms-n|1	serclaje|serclaj|Ncfp-n|1		e	FALSE
a	a	i	l	serial|=|Ncms-n|2	seriale|serial|Ncfp-n|2		e	FALSE
a	a	i	l	serial|=|Ncms-n|2	serialuri|serial|Ncfp-n|2		u r i_0	FALSE
a	a	t	r	sertar|=|Ncms-n|1	sertare|sertar|Ncfp-n|1		e	FALSE
a	a	v	n	servant|=|Ncms-n|1	servanți|servant|Ncmp-n|1		i_0	FALSE
a	a	l	n	sescviplan|=|Ncms-n|2	sescviplane|sescviplan|Ncfp-n|2		e	FALSE
a	a	k	r	setcar|=|Ncms-n|1	setcari|setcar|Ncmp-n|1		i_0	FALSE
a	a	r	Z	sevraj|=|Ncms-n|1	sevraje|sevraj|Ncfp-n|1		e	FALSE
a	a	f	d	sfadnică|=|Ncfsrn|0	sfadnice|sfadnică|Ncfp-n|0	ă	e	FALSE
a	a	f	n	sfanț|=|Ncms-n|0	sfanți|sfanț|Ncmp-n|0		i_0	FALSE
a	a	f	n	sfanțih|=|Ncms-n|0	sfanțihi|sfanțih|Ncmp-n|0		i_0	FALSE
a	a	f	t	sfat|=|Ncms-n|0	sfaturi|sfat|Ncfp-n|0		u r i_0	FALSE
a	a	t	n	sfeștanie|=|Ncfsrn|1	sfeștanii|sfeștanie|Ncfp-n|1	e	j	FALSE
a	a	e_X	k	sfredeleac|=|Ncms-n|2	sfredeleacuri|sfredeleac|Ncfp-n|2		u r i_0	FALSE
a	a	i	Z	siaj|=|Ncms-n|1	siaje|siaj|Ncfp-n|1		e	FALSE
a	a	l	r	sigillaria|=|Ncfsry|2	sigillarii|sigillaria|Ncfp-n|2	a	j	FALSE
a	a	r	n	siguranță|=|Ncfsrn|2	siguranțe|siguranță|Ncfp-n|2	ă	e	FALSE
a	a	h	s	sihastru|=|Ncms-n|1	sihaștri|sihastru|Ncmp-n|1	u	i	FALSE
a	a	e_X	h	sileah|=|Ncms-n|1	sileahuri|sileah|Ncfp-n|1		u r i_0	FALSE
a	a	i	m	similidiamant|=|Ncms-n|5	similidiamante|similidiamant|Ncfp-n|5		e	FALSE
a	a	p	t	simpatizant|=|Ncms-n|3	simpatizanți|simpatizant|Ncmp-n|3		i_0	FALSE
a	a	l	k	simulacru|=|Ncms-n|2	simulacre|simulacru|Ncfp-n|2	u	e	FALSE
a	a	k	t	sindicat|=|Ncms-n|2	sindicate|sindicat|Ncfp-n|2		e	FALSE
a	a	r	t	sinistrat|=|Afpms-n|2	sinistrați|sinistrat|Ncmp-n|2		i_0	FALSE
a	a	t	g	sintagmă|=|Ncfsrn|1	sintagme|sintagmă|Ncfp-n|1	ă	e	FALSE
a	a	g	S	sinucigaș|=|Ncms-n|3	sinucigași|sinucigaș|Ncmp-n|3		i_0	FALSE
a	a	t	r	sitar|=|Ncms-n|1	sitari|sitar|Ncmp-n|1		i_0	FALSE
a	a	u	ts	situație|=|Ncfsrn|2	situații|situație|Ncfp-n|2	e	j	FALSE
a	a	l	d	sladniță|=|Ncfsrn|0	sladnițe|sladniță|Ncfp-n|0	ă	e	FALSE
a	a	l	l	slalom|=|Ncms-n|0	slalomuri|slalom|Ncfp-n|0		u r i_0	FALSE
a	a	l	p	slap|=|Ncmsvn|0	slapi|slap|Ncmp-n|0		i_0	FALSE
a	a	l	t	slatină|=|Ncfsrn|0	slatine|slatină|Ncfp-n|0	ă	e	FALSE
a	a	l	v	slav|=|Ncms-n|0	slavi|slav|Ncmp-n|0		i_0	FALSE
a	a	l	v	slavă|=|Ncfsrn|0	slave|slavă|Ncfp-n|0	ă	e	FALSE
a	a	g	n	slogan|=|Ncms-n|1	slogane|slogan|Ncfp-n|1		e	FALSE
a	a	g	n	slogan|=|Ncms-n|1	sloganuri|slogan|Ncfp-n|1		u r i_0	FALSE
a	a	v	k	slovac|=|Ncms-n|1	slovaci|slovac|Ncmp-n|1		tS	FALSE
a	a	v	k	slovacă|=|Ncfsrn|1	slovace|slovacă|Ncfp-n|1	ă	e	FALSE
a	a	b	S	slujbaș|=|Ncms-n|1	slujbași|slujbaș|Ncmp-n|1		i_0	FALSE
a	a	m	l	smalt|=|Ncms-n|0	smalturi|smalt|Ncfp-n|0		u r i_0	FALSE
a	a	m	l	smalț|=|Ncms-n|0	smalțuri|smalț|Ncfp-n|0		u r i_0	FALSE
a	a	m	r	smaragd|=|Ncms-n|1	smaragde|smaragd|Ncfp-n|1		e	FALSE
a	a	m	r	smarald|=|Ncms-n|1	smaralde|smarald|Ncfp-n|1		e	FALSE
a	a	d	r	smirdar|=|Ncms-n|1	smirdari|smirdar|Ncmp-n|1		i_0	FALSE
a	a	n	k	snack|=|Ncms-n|0	snackuri|snack|Ncfp-n|0		u r i_0	FALSE
a	a	o_X	b	snoabă|=|Ncfsrn|0	snoabe|snoabă|Ncfp-n|0	ă	e	FALSE
a	a	o_X	k	soacră|=|Ncfsrn|0	soacre|soacră|Ncfp-n|0	ă	e	FALSE
a	a	t	r	soitar|=|Ncms-n|1	soitari|soitar|Ncmp-n|1		i_0	FALSE
a	a	d	t	soldat|=|Afpms-n|1	soldați|soldat|Ncmp-n|1		i_0	FALSE
a	a	t	n	solicitant|=|Ncms-n|3	solicitanți|solicitant|Ncmp-n|3		i_0	FALSE
a	a	t	n	solicitantă|=|Ncfsrn|3	solicitante|solicitantă|Ncfp-n|3	ă	e	FALSE
a	a	tS	k	solonceac|=|Ncms-n|2	solonceacuri|solonceac|Ncfp-n|2		u r i_0	FALSE
a	a	m	ts	somație|=|Ncfsrn|1	somații|somație|Ncfp-n|1	e	j	FALSE
a	a	n	r	sonar|=|Ncms-n|1	sonare|sonar|Ncfp-n|1		e	FALSE
a	a	d	Z	sondaj|=|Ncms-n|1	sondaje|sondaj|Ncfp-n|1		e	FALSE
a	a	r	n	sopran|=|Ncms-n|1	soprani|sopran|Ncmp-n|1		i_0	FALSE
a	a	r	n	soprană|=|Ncfsrn|1	soprane|soprană|Ncfp-n|1	ă	e	FALSE
a	a	p	d	spadă|=|Ncfsrn|0	spade|spadă|Ncfp-n|0	ă	e	FALSE
a	a	p	j	spaimă|=|Ncfsrn|0	spaime|spaimă|Ncfp-n|0	ă	e	FALSE
a	a	p	m	spam|=|Ncms-n|0	spamuri|spam|Ncfp-n|0		u r i_0	FALSE
a	a	p	n	spanac|=|Ncms-n|1	spanace|spanac|Ncfp-n|1		e	FALSE
a	a	p	n	spanac|=|Ncms-n|1	spanacuri|spanac|Ncfp-n|1		u r i_0	FALSE
a	a	p	n	spancă|=|Ncfsrn|0	spance|spancă|Ncfp-n|0	ă	e	FALSE
a	a	p	n	spanioloaică|=|Ncfsrn|3	spanioloaice|spanioloaică|Ncfp-n|3	ă	e	FALSE
a	a	p	n	spanioloaică|=|Ncfsrn|3	spanioloaicele|spanioloaică|Ncfp-n|3	ă	e l e	FALSE
a	a	p	r	spargere|=|Ncfsrn|0	spargeri|spargere|Ncfp-n|0	e	i_0	FALSE
a	a	p	r	sparringpartner|=|Ncms-n|0	sparringpartneri|sparringpartner|Ncmp-n|0		i_0	FALSE
a	a	p	r	spartachiadă|=|Ncfsrn|3	spartachiade|spartachiadă|Ncfp-n|3	ă	e	FALSE
a	a	p	r	spartan|=|Ncms-n|1	spartani|spartan|Ncmp-n|1		i_0	FALSE
a	a	p	s	spasm|=|Ncms-n|0	spasme|spasm|Ncfp-n|0		e	FALSE
a	a	p	s	spasm|=|Ncms-n|0	spasmuri|spasm|Ncfp-n|0		u r i_0	FALSE
a	a	p	t	spat|=|Ncms-n|0	spaturi|spat|Ncfp-n|0		u r i_0	FALSE
a	a	p	t	spată|=|Ncfsrn|0	spate|spată|Ncfp-n|0	ă	e	FALSE
a	a	p	ts	spaț|=|Ncms-n|0	spațuri|spaț|Ncfp-n|0		u r i_0	FALSE
a	a	p	ts	spațiu|=|Ncms-n|0	spații|spațiu|Ncfp-n|0	u	j	FALSE
a	a	k	ts	specificație|=|Ncfsrn|3	specificații|specificație|Ncfp-n|3	e	j	FALSE
a	a	t	k	spectacol|=|Ncms-n|1	spectacole|spectacol|Ncfp-n|1		e	FALSE
a	a	r	f	spectrograf|=|Ncms-n|2	spectrografe|spectrograf|Ncfp-n|2		e	FALSE
a	a	r	f	spectroheliograf|=|Ncms-n|5	spectroheliografe|spectroheliograf|Ncfp-n|5		e	FALSE
a	a	l	ts	speculație|=|Ncfsrn|2	speculații|speculație|Ncfp-n|2	e	j	FALSE
a	a	r	n	speranță|=|Ncfsrn|1	speranțe|speranță|Ncfp-n|1	ă	e	FALSE
a	a	n	Z	spionaj|=|Ncms-n|2	spionaje|spionaj|Ncfp-n|2		e	FALSE
a	a	r	l	spirală|=|Ncfsrn|1	spirale|spirală|Ncfp-n|1	ă	e	FALSE
a	a	t	l	spital|=|Ncms-n|1	spitale|spital|Ncfp-n|1		e	FALSE
a	a	t	l	spital|=|Ncms-n|1	spitaluri|spital|Ncfp-n|1		u r i_0	FALSE
a	a	l		splau|=|Ncms-n|0	splauri|splau|Ncfp-n|0	u	u r i_0	FALSE
a	a	d	n	spovedanie|=|Ncfsrn|2	spovedanii|spovedanie|Ncfp-n|2	e	j	FALSE
a	a	r	f	sprafcă|=|Ncfsrn|0	sprafce|sprafcă|Ncfp-n|0	ă	e	FALSE
a	a	r		spray|=|Ncms-n|0	sprayuri|spray|Ncfp-n|0		i u r j	FALSE
a	a	o_X	n	sprijoană|=|Ncfsrn|1	sprijoane|sprijoană|Ncfp-n|1	ă	e	FALSE
a	a	l	t	spălat|=|Ncms-n|1	spălaturi|spălat|Ncfp-n|1		u r i_0	FALSE
a	a	t	d	stadie|=|Ncfsrn|0	stadii|stadie|Ncfp-n|0	e	j	FALSE
a	a	t	d	stadiu|=|Ncms-n|0	stadii|stadiu|Ncfp-n|0	u	j	FALSE
a	a	t	f	staf|=|Ncms-n|0	stafuri|staf|Ncfp-n|0		u r i_0	FALSE
a	a	t	f	staff|=|Ncms-n|0	staffuri|staff|Ncfp-n|0		u r i_0	FALSE
a	a	t	g	stagflație|=|Ncfsrn|1	stagflații|stagflație|Ncfp-n|1	e	j	FALSE
a	a	t	gZ	stagiatură|=|Ncfsrn|2	stagiaturi|stagiatură|Ncfp-n|2	ă	i_0	FALSE
a	a	t	gZ	stagiu|=|Ncms-n|0	stagii|stagiu|Ncfp-n|0	u	i j	FALSE
a	a	t	l	stal|=|Ncms-n|0	staluri|stal|Ncfp-n|0		u r i_0	FALSE
a	a	t	m	stambă|=|Ncfsrn|0	stambe|stambă|Ncfp-n|0	ă	e	FALSE
a	a	t	m	stampă|=|Ncfsrn|0	stampe|stampă|Ncfp-n|0	ă	e	FALSE
a	a	t	n	stan|=|Ncms-n|0	stani|stan|Ncmp-n|0		i_0	FALSE
a	a	t	n	stan|=|Ncms-n|0	stanuri|stan|Ncfp-n|0		u r i_0	FALSE
a	a	t	n	stand|=|Ncms-n|0	standuri|stand|Ncfp-n|0		u r i_0	FALSE
a	a	t	n	standard|=|Ncms-n|0	standarde|standard|Ncfp-n|0		e	FALSE
a	a	t	r	star|=|Ncms-n|0	staruri|star|Ncfp-n|0		u r i_0	FALSE
a	a	t	r	stareț|=|Ncms-n|0	stareți|stareț|Ncmp-n|0		i_0	FALSE
a	a	t	r	stareță|=|Ncfsrn|0	starețe|stareță|Ncfp-n|0	ă	e	FALSE
a	a	t	r	staroste|=|Ncms-n|0	starosti|staroste|Ncmp-n|0	e	i_0	FALSE
a	a	t	r	staroste|=|Ncms-n|0	starostii|staroste|Ncmp-n|0	e	i j	FALSE
a	a	t	r	staroste|=|Ncms-n|0	staroști|staroste|Ncmp-n|0	e	i_0	FALSE
a	a	t	r	start|=|Ncms-n|0	starturi|start|Ncfp-n|0		u r i_0	FALSE
a	a	t	s	stas|=|Ncms-n|0	stasuri|stas|Ncfp-n|0		u r i_0	FALSE
a	a	t	t	stat|=|Ncms-n|0	state|stat|Ncfp-n|0		e	FALSE
a	a	t	t	status|=|Ncms-n|0	statusuri|status|Ncfp-n|0		u r i_0	FALSE
a	a	t	ts	stație|=|Ncfsrn|0	stații|stație|Ncfp-n|0	e	j	FALSE
a	a	e_X	g	steag|=|Ncms-n|0	steaguri|steag|Ncfp-n|0		u r i_0	FALSE
a	a	e_X	n	stean|=|Ncms-n|0	steane|stean|Ncfp-n|1		e	TRUE
a	a	g	r	stegar|=|Ncms-n|1	stegari|stegar|Ncmp-n|1		i_0	FALSE
a	a	Z	r	stejar|=|Ncms-n|1	stejari|stejar|Ncmp-n|1		i_0	FALSE
a	a	d	k	stenodactilograf|=|Ncms-n|5	stenodactilografi|stenodactilograf|Ncmp-n|5		i_0	FALSE
a	a	d	k	stenodactilografă|=|Ncfsrn|5	stenodactilografe|stenodactilografă|Ncfp-n|5	ă	e	FALSE
a	a	r	m	stenogramă|=|Ncfsrn|2	stenograme|stenogramă|Ncfp-n|2	ă	e	FALSE
a	a	m	t	stigmat|=|Ncms-n|1	stigmate|stigmat|Ncfp-n|1		e	FALSE
a	a	o_X	v	stihoavnă|=|Ncfsrn|1	stihoavne|stihoavnă|Ncfp-n|1	ă	e	FALSE
a	a	m	b	stimabil|=|Ncms-n|1	stimabili|stimabil|Ncmp-n|1		i_0	FALSE
a	a	d	r	stindard|=|Ncms-n|1	stindarde|stindard|Ncfp-n|1		e	FALSE
a	a	o_X	r	stoarcere|=|Ncfsrn|0	stoarceri|stoarcere|Ncfp-n|0	e	i_0	FALSE
a	a	m	k	stomac|=|Ncms-n|1	stomacuri|stomac|Ncfp-n|1		u r i_0	FALSE
a	a	m	h	stomah|=|Ncms-n|1	stomahuri|stomah|Ncfp-n|1		u r i_0	FALSE
a	a	r	d	stradă|=|Ncfsrn|0	strade|stradă|Ncfp-n|0	ă	e	FALSE
a	a	r	n	strangulație|=|Ncfsrn|2	strangulații|strangulație|Ncfp-n|2	e	j	FALSE
a	a	r	n	strană|=|Ncfsrn|0	strane|strană|Ncfp-n|0	ă	e	FALSE
a	a	r	p	strapaț|=|Ncms-n|1	strapațuri|strapaț|Ncfp-n|1		u r i_0	FALSE
a	a	r	t	strat|=|Ncms-n|0	strate|strat|Ncfp-n|0		e	FALSE
a	a	r	t	strat|=|Ncms-n|0	straturi|strat|Ncfp-n|0		u r i_0	FALSE
a	a	o_X	j	strigoaică|=|Ncfsrn|1	strigoaice|strigoaică|Ncfp-n|1	ă	e	FALSE
a	a	g	r	strungar|=|Ncms-n|1	strungari|strungar|Ncmp-n|1		i_0	FALSE
a	a	d	n	strădanie|=|Ncfsrn|1	strădanii|strădanie|Ncfp-n|1	e	j	FALSE
a	a	Z	k	străjac|=|Ncms-n|1	străjace|străjac|Ncfp-n|1		e	FALSE
a	a	o_X	t	strănepoată|=|Ncfsrn|2	strănepoate|strănepoată|Ncfp-n|2	ă	e	FALSE
a	a	f	k	stupefacție|=|Ncfsrn|2	stupefacții|stupefacție|Ncfp-n|2	e	j	FALSE
a	a	o_X	r	stânișoară|=|Ncfsrn|2	stânișoare|stânișoară|Ncfp-n|2	ă	e	FALSE
a	a	b	n	subansamblu|=|Ncms-n|2	subansamble|subansamblu|Ncfp-n|2	u	e	FALSE
a	a	b	n	subansamblu|=|Ncms-n|2	subansambluri|subansamblu|Ncfp-n|2	u	u r i_0	FALSE
a	a	b	r	subarendaș|=|Ncms-n|3	subarendași|subarendaș|Ncmp-n|3		i_0	FALSE
a	a	s	r	subcomisar|=|Ncms-n|3	subcomisari|subcomisar|Ncmp-n|3		i_0	FALSE
a	a	t	r	subsecretar|=|Ncms-n|3	subsecretari|subsecretar|Ncmp-n|3		i_0	FALSE
a	a	n	t	subsemnat|=|Ncms-n|2	subsemnați|subsemnat|Ncmp-n|2		i_0	FALSE
a	a	t	n	substanță|=|Ncfsrn|1	substanțe|substanță|Ncfp-n|1	ă	e	FALSE
a	a	r	n	subterană|=|Ncfsrn|2	subterane|subterană|Ncfp-n|2	ă	e	FALSE
a	a	s	l	sucursală|=|Ncfsrn|2	sucursale|sucursală|Ncfp-n|2	ă	e	FALSE
a	a	r	gZ	sufragiu|=|Ncms-n|1	sufragii|sufragiu|Ncfp-n|1	u	i j	FALSE
a	a	f	t	sulfat|=|Ncms-n|1	sulfați|sulfat|Ncmp-n|1		i_0	FALSE
a	a	ts	S	sulițaș|=|Ncms-n|2	sulițași|sulițaș|Ncmp-n|2		i_0	FALSE
a	a	t	n	sultan|=|Ncms-n|1	sultani|sultan|Ncmp-n|1		i_0	FALSE
a	a	m	r	sumar|=|Ncms-n|1	sumare|sumar|Ncfp-n|1		e	FALSE
a	a	p	p	supapă|=|Ncfsrn|1	supape|supapă|Ncfp-n|1	ă	e	FALSE
a	a	k	r	supercarburant|=|Ncms-n|4	supercarburanți|supercarburant|Ncmp-n|4		i_0	FALSE
a	a	m	r	supermarket|=|Ncms-n|2	supermarketuri|supermarket|Ncfp-n|2		u r i_0	FALSE
a	a	t	r	superstar|=|Ncms-n|2	superstaruri|superstar|Ncfp-n|2		u r i_0	FALSE
a	a	t	n	supertanc|=|Ncms-n|2	supertancuri|supertanc|Ncfp-n|2		u r i_0	FALSE
a	a	r	s	suprasarcină|=|Ncfsrn|2	suprasarcini|suprasarcină|Ncfp-n|2	ă	i_0	FALSE
a	a	r	t	suprataxă|=|Ncfsrn|2	suprataxe|suprataxă|Ncfp-n|2	ă	e	FALSE
a	a	r	t	suprateran|=|Ncms-n|3	supraterane|suprateran|Ncfp-n|3		e	FALSE
a	a	m	ts	supremație|=|Ncfsrn|2	supremații|supremație|Ncfp-n|2	e	j	FALSE
a	a	o_X	r	surioară|=|Ncfsrn|2	surioare|surioară|Ncfp-n|2	ă	e	FALSE
a	a	n	Z	surmenaj|=|Ncms-n|2	surmenajuri|surmenaj|Ncfp-n|2		u r i_0	FALSE
a	a	g	t	surogat|=|Ncms-n|2	surogate|surogat|Ncfp-n|2		e	FALSE
a	a	p	n	suspans|=|Ncms-n|1	suspansuri|suspans|Ncfp-n|1		u r i_0	FALSE
a	a	r	gZ	sustragere|=|Ncfsrn|1	sustrageri|sustragere|Ncfp-n|1	e	i_0	FALSE
a	a	r	n	suveran|=|Afpms-n|2	suverani|suveran|Ncmp-n|2		i_0	FALSE
a	a	r	n	suverană|=|Ncfsrn|2	suverane|suverană|Ncfp-n|2	ă	e	FALSE
a	a	v	s	svastică|=|Ncfsrn|0	svastici|svastică|Ncfp-n|0	ă	tS	FALSE
a	a	v	t	svat|=|Ncms-n|0	svaturi|svat|Ncfp-n|0		u r i_0	FALSE
a	a	r	S	sâmbraș|=|Ncms-n|1	sâmbrași|sâmbraș|Ncmp-n|1		i_0	FALSE
a	a	o_X	j	sârboaică|=|Ncfsrn|1	sârboaice|sârboaică|Ncfp-n|1	ă	e	FALSE
a	a	j	k	sâsâiac|=|Ncms-n|2	sâsâiace|sâsâiac|Ncfp-n|2		e	FALSE
a	a	k	r	săhăidăcar|=|Ncms-n|4	săhăidăcari|săhăidăcar|Ncmp-n|4		i_0	FALSE
a	a	k	r	săidăcar|=|Ncms-n|2	săidăcari|săidăcar|Ncmp-n|2		i_0	FALSE
a	a	b	t	sălbatică|=|Ncfsrn|1	sălbatice|sălbatică|Ncfp-n|1	ă	e	FALSE
a	a	n	l	săptămânal|=|Ncms-n|3	săptămânale|săptămânal|Ncfp-n|3		e	FALSE
a	a	n	r	săpunar|=|Ncms-n|2	săpunari|săpunar|Ncmp-n|2		i_0	FALSE
a	a	r	k	sărac|=|Afpms-n|1	săraci|sărac|Ncmp-n|1		tS	FALSE
a	a	r	k	săracă|=|Ncfsrn|1	sărace|săracă|Ncfp-n|1	ă	e	FALSE
a	a	m	n	sărman|=|Afpms-n|1	sărmani|sărman|Ncmp-n|1		i_0	FALSE
a	a	m	n	sărmană|=|Ncfsrn|1	sărmane|sărmană|Ncfp-n|1	ă	e	FALSE
a	a	o_X	k	sărăntoacă|=|Ncfsrn|2	sărăntoace|sărăntoacă|Ncfp-n|2	ă	e	FALSE
a	a	o_X	j	săsoaică|=|Ncfsrn|1	săsoaice|săsoaică|Ncfp-n|1	ă	e	FALSE
a	a	o_X	j	săsoaică|=|Ncfsrn|1	săsoaicele|săsoaică|Ncfp-n|1	ă	e l e	FALSE
a	a	t	b	tabac|=|Ncms-n|1	tabaci|tabac|Ncmp-n|1		tS	FALSE
a	a	t	b	tabac|=|Ncms-n|1	tabacuri|tabac|Ncfp-n|1		u r i_0	FALSE
a	a	t	b	tablă|=|Ncfsrn|0	table|tablă|Ncfp-n|0	ă	e	FALSE
a	a	t	b	tabs|=|Ncms-n|0	tabsuri|tabs|Ncfp-n|0		u r i_0	FALSE
a	a	t	b	tabără|=|Ncfsrn|0	tabăre|tabără|Ncfp-n|0	ă	e	FALSE
a	a	t	b	tabără|=|Ncfsrn|0	tabere|tabără|Ncfp-n|0	ă	e	FALSE
a	a	t	k	tac|=|Ncms-n|0	tacuri|tac|Ncfp-n|0		u r i_0	FALSE
a	a	t	k	tact|=|Ncms-n|0	tacturi|tact|Ncfp-n|0		u r i_0	FALSE
a	a	t	f	taft|=|Ncms-n|0	tafturi|taft|Ncfp-n|1		u r i_0	TRUE
a	a	t	g	tagmă|=|Ncfsrn|0	tagme|tagmă|Ncfp-n|0	ă	e	FALSE
a	a	t	h	taht|=|Ncms-n|0	tahturi|taht|Ncfp-n|0		u r i_0	FALSE
a	a	t	j	taifas|=|Ncms-n|1	taifasuri|taifas|Ncfp-n|0		u r i_0	TRUE
a	a	t	j	tainiță|=|Ncfsrn|0	tainițe|tainiță|Ncfp-n|0	ă	e	FALSE
a	a	t	j	taină|=|Ncfsrn|0	taine|taină|Ncfp-n|0	ă	e	FALSE
a	a	t	l	tal|=|Ncms-n|0	taluri|tal|Ncfp-n|0		u r i_0	FALSE
a	a	t	l	talaz|=|Ncms-n|1	talazuri|talaz|Ncfp-n|1		u r i_0	FALSE
a	a	t	l	taler|=|Ncms-n|0	talere|taler|Ncfp-n|0		e	FALSE
a	a	t	l	taler|=|Ncms-n|0	taleri|taler|Ncmp-n|0		i_0	FALSE
a	a	t	l	talie|=|Ncfsrn|0	talii|talie|Ncfp-n|0	e	j	FALSE
a	a	t	l	talisman|=|Ncms-n|2	talismane|talisman|Ncfp-n|2		e	FALSE
a	a	t	l	tală|=|Ncfsrn|0	tale|tală|Ncfp-n|0	ă	e	FALSE
a	a	t	n	tanc|=|Ncms-n|0	tancuri|tanc|Ncfp-n|0		u r i_0	FALSE
a	a	t	n	tangaj|=|Ncms-n|1	tangaje|tangaj|Ncfp-n|1		e	FALSE
a	a	t	p	tapaj|=|Ncms-n|1	tapaje|tapaj|Ncfp-n|1		e	FALSE
a	a	t	r	tar|=|Ncms-n|0	tari|tar|Ncmp-n|0		i_0	FALSE
a	a	t	r	tar|=|Ncms-n|0	taruri|tar|Ncfp-n|0		u r i_0	FALSE
a	a	t	r	tarabă|=|Ncfsrn|1	tarabe|tarabă|Ncfp-n|1	ă	e	FALSE
a	a	t	r	taraf|=|Ncms-n|1	tarafuri|taraf|Ncfp-n|1		u r i_0	FALSE
a	a	t	r	tarniță|=|Ncfsrn|0	tarnițe|tarniță|Ncfp-n|0	ă	e	FALSE
a	a	t	r	tarpan|=|Ncms-n|1	tarpani|tarpan|Ncmp-n|1		i_0	FALSE
a	a	t	r	tartă|=|Ncfsrn|0	tarte|tartă|Ncfp-n|0	ă	e	FALSE
a	a	t	r	tară|=|Ncfsrn|0	tare|tară|Ncfp-n|0	ă	e	FALSE
a	a	t	t	tatuaj|=|Ncms-n|2	tatuaje|tatuaj|Ncfp-n|2		e	FALSE
a	a	t	t	tată|=|Ncms-n|0	tați|tată|Ncmp-n|0	ă	i_0	FALSE
a	a	t	u	taur|=|Ncms-n|0	tauri|taur|Ncmp-n|0		i_0	FALSE
a	a	t	u	taurocefal|=|Ncms-n|4	taurocefali|taurocefal|Ncmp-n|4		i_0	FALSE
a	a	t	v	tavan|=|Ncms-n|1	tavane|tavan|Ncfp-n|1		e	FALSE
a	a	t	v	tavan|=|Ncms-n|1	tavanuri|tavan|Ncfp-n|1		u r i_0	FALSE
a	a	t	k	taxă|=|Ncfsrn|0	taxe|taxă|Ncfp-n|0	ă	e	FALSE
a	a	e_X	n	teanc|=|Ncms-n|0	teancuri|teanc|Ncfp-n|0		u r i_0	FALSE
a	a	e_X	s	teasc|=|Ncms-n|0	teascuri|teasc|Ncfp-n|0		u r i_0	FALSE
a	a	e_X	t	teatru|=|Ncms-n|0	teatre|teatru|Ncfp-n|0	u	e	FALSE
a	a	r	t	tehnocrat|=|Ncms-n|2	tehnocrați|tehnocrat|Ncmp-n|2		i_0	FALSE
a	a	d	k	tehnoredacție|=|Ncfsrn|3	tehnoredacții|tehnoredacție|Ncfp-n|3	e	j	FALSE
a	a	l	l	telal|=|Ncms-n|1	telali|telal|Ncmp-n|1		i_0	FALSE
a	a	e	s	telecineast|=|Ncms-n|4	telecineaști|telecineast|Ncmp-n|4		i_0	FALSE
a	a	e	s	telecineastă|=|Ncfsrn|4	telecineaste|telecineastă|Ncfp-n|4	ă	e	FALSE
a	a	k	ts	telecomunicație|=|Ncfsrn|5	telecomunicații|telecomunicație|Ncfp-n|5	e	j	FALSE
a	a	k	r	telecronicar|=|Ncms-n|4	telecronicari|telecronicar|Ncmp-n|4		i_0	FALSE
a	a	r	m	telegramă|=|Ncfsrn|2	telegrame|telegramă|Ncfp-n|2	ă	e	FALSE
a	a	n	l	telejurnal|=|Ncms-n|3	telejurnale|telejurnal|Ncfp-n|3		e	FALSE
a	a	k	w	telescaun|=|Ncms-n|2	telescaune|telescaun|Ncfp-n|2		e	FALSE
a	a	m	t	tematică|=|Ncfsrn|1	tematici|tematică|Ncfp-n|1	ă	tS	FALSE
a	a	m	n	tenisman|=|Ncms-n|2	tenismani|tenisman|Ncmp-n|2		i_0	FALSE
a	a	t	k	tentacul|=|Ncms-n|1	tentacule|tentacul|Ncfp-n|1		e	FALSE
a	a	t	ts	tentație|=|Ncfsrn|1	tentații|tentație|Ncfp-n|1	e	j	FALSE
a	a	r	s	terasă|=|Ncfsrn|1	terase|terasă|Ncfp-n|1	ă	e	FALSE
a	a	r	l	termocentrală|=|Ncfsrn|3	termocentrale|termocentrală|Ncfp-n|3	ă	e	FALSE
a	a	t	n	tetanos|=|Ncms-n|1	tetanosuri|tetanos|Ncfp-n|1		u r i_0	FALSE
a	a	r	d	tetradrahmă|=|Ncfsrn|2	tetradrahme|tetradrahmă|Ncfp-n|2	ă	e	FALSE
a	a	r	e	tetraevanghel|=|Ncms-n|3	tetraevanghele|tetraevanghel|Ncfp-n|3		e	FALSE
a	a	r	r	tetrarh|=|Ncms-n|1	tetrarhi|tetrarh|Ncmp-n|1		i_0	FALSE
a	a	z	u	tezaur|=|Ncms-n|1	tezaure|tezaur|Ncfp-n|1		e	FALSE
a	a	o_X	s	ticăloasă|=|Ncfsrn|2	ticăloase|ticăloasă|Ncfp-n|2	ă	e	FALSE
a	a	o_X	j	tigroaică|=|Ncfsrn|1	tigroaice|tigroaică|Ncfp-n|1	ă	e	FALSE
a	a	o_X	j	tigroaică|=|Ncfsrn|1	tigroaicele|tigroaică|Ncfp-n|1	ă	e l e	FALSE
a	a	p	n	timpan|=|Ncms-n|1	timpane|timpan|Ncfp-n|1		e	FALSE
a	a	p	r	tipar|=|Ncms-n|1	tipare|tipar|Ncfp-n|1		e	FALSE
a	a	p	r	tipar|=|Ncms-n|1	tiparuri|tipar|Ncfp-n|1		u r i_0	FALSE
a	a	p	r	tiparniță|=|Ncfsrn|1	tiparnițe|tiparniță|Ncfp-n|1	ă	e	FALSE
a	a	r	d	tiradă|=|Ncfsrn|1	tirade|tiradă|Ncfp-n|1	ă	e	FALSE
a	a	r	Z	tiraj|=|Ncms-n|1	tiraje|tiraj|Ncfp-n|1		e	FALSE
a	a	r	n	tiran|=|Ncms-n|1	tirani|tiran|Ncmp-n|1		i_0	FALSE
a	a	r	n	tirană|=|Ncfsrn|1	tirane|tirană|Ncfp-n|1	ă	e	FALSE
a	a	t	n	titan|=|Ncms-n|1	titani|titan|Ncmp-n|1		i_0	FALSE
a	a	r	t	titrat|=|Ncms-n|1	titrați|titrat|Ncmp-n|1		i_0	FALSE
a	a	l	r	titular|=|Ncms-n|2	titulari|titular|Ncmp-n|2		i_0	FALSE
a	a	l	r	titulară|=|Ncfsrn|2	titulare|titulară|Ncfp-n|2	ă	e	FALSE
a	a	o_X	k	toacă|=|Ncfsrn|0	toace|toacă|Ncfp-n|0	ă	e	FALSE
a	a	o_X	m	toamnă|=|Ncfsrn|0	toamne|toamnă|Ncfp-n|0	ă	e	FALSE
a	a	o_X	n	toantă|=|Ncfsrn|0	toante|toantă|Ncfp-n|0	ă	e	FALSE
a	a	o_X	n	toană|=|Ncfsrn|0	toane|toană|Ncfp-n|0	ă	e	FALSE
a	a	b	S	tobaș|=|Ncms-n|1	tobași|tobaș|Ncmp-n|1		i_0	FALSE
a	a	g	n	tobogan|=|Ncms-n|2	tobogane|tobogan|Ncfp-n|2		e	FALSE
a	a	S	r	toboșar|=|Ncms-n|2	toboșari|toboșar|Ncmp-n|2		i_0	FALSE
a	a	l	r	tocilar|=|Ncms-n|2	tocilari|tocilar|Ncmp-n|2		i_0	FALSE
a	a	l	r	tocilară|=|Ncfsrn|2	tocilare|tocilară|Ncfp-n|2	ă	e	FALSE
a	a	o_X	r	tohoarcă|=|Ncfsrn|1	tohoarce|tohoarcă|Ncfp-n|1	ă	e	FALSE
a	a	r	n	toleranță|=|Ncfsrn|2	toleranțe|toleranță|Ncfp-n|2	ă	e	FALSE
a	a	r	t	tolerat|=|Ncms-n|2	tolerați|tolerat|Ncmp-n|2		i_0	FALSE
a	a	r	t	tolerată|=|Ncfsrn|2	tolerate|tolerată|Ncfp-n|2	ă	e	FALSE
a	a	k	n	toloșcană|=|Ncfsrn|2	toloșcane|toloșcană|Ncfp-n|2	ă	e	FALSE
a	a	r	f	tomograf|=|Ncms-n|2	tomografe|tomograf|Ncfp-n|2		e	FALSE
a	a	n	Z	tonaj|=|Ncms-n|1	tonaje|tonaj|Ncfp-n|1		e	FALSE
a	a	m	t	tonomat|=|Ncms-n|2	tonomate|tonomat|Ncfp-n|2		e	FALSE
a	a	g	n	topogan|=|Ncms-n|2	topogane|topogan|Ncfp-n|2		e	FALSE
a	a	n	d	tornadă|=|Ncfsrn|1	tornade|tornadă|Ncfp-n|1	ă	e	FALSE
a	a	r	t	torturat|=|Ncms-n|2	torturați|torturat|Ncmp-n|2		i_0	FALSE
a	a	t	l	total|=|Ncms-n|1	totaluri|total|Ncfp-n|1		u r i_0	FALSE
a	a	t	l	totalitar|=|Ncms-n|3	totalitari|totalitar|Ncmp-n|3		i_0	FALSE
a	a	v	r	tovarăș|=|Ncms-n|1	tovarăși|tovarăș|Ncmp-n|1		i_0	FALSE
a	a	v	r	tovarășă|=|Ncfsrn|1	tovarășe|tovarășă|Ncfp-n|1	ă	e	FALSE
a	a	m	n	toxicoman|=|Ncms-n|3	toxicomani|toxicoman|Ncmp-n|3		i_0	FALSE
a	a	r	k	trac|=|Ncms-n|0	traci|trac|Ncmp-n|0		tS	FALSE
a	a	r	k	trac|=|Ncms-n|0	tracuri|trac|Ncfp-n|0		u r i_0	FALSE
a	a	r	k	tract|=|Ncms-n|0	tracturi|tract|Ncfp-n|0		u r i_0	FALSE
a	a	r	f	traficant|=|Ncms-n|2	traficanți|traficant|Ncmp-n|2		i_0	FALSE
a	a	r	gZ	tragere|=|Ncfsrn|0	trageri|tragere|Ncfp-n|0	e	i_0	FALSE
a	a	r	j	trailer|=|Ncms-n|0	trailere|trailer|Ncfp-n|1		e	TRUE
a	a	r	j	training|=|Ncms-n|0	traininguri|training|Ncfp-n|0		u r i_0	FALSE
a	a	r	j	traistă|=|Ncfsrn|0	traiste|traistă|Ncfp-n|0	ă	e	FALSE
a	a	r	m	tramvai|=|Ncms-n|1	tramvaie|tramvai|Ncfp-n|1	i	j e	FALSE
a	a	r	m	tramă|=|Ncfsrn|0	trame|tramă|Ncfp-n|0	ă	e	FALSE
a	a	r	n	transatlantic|=|Afpms-n|2	transatlantice|transatlantic|Ncfp-n|2		e	FALSE
a	a	r	n	transferat|=|Ncms-n|2	transferați|transferat|Ncmp-n|2		i_0	FALSE
a	a	r	n	transferată|=|Ncfsrn|2	transferate|transferată|Ncfp-n|2	ă	e	FALSE
a	a	r	n	transfigurație|=|Ncfsrn|3	transfigurații|transfigurație|Ncfp-n|3	e	j	FALSE
a	a	r	n	transformat|=|Afpms-n|2	transformați|transformat|Ncmp-n|2		i_0	FALSE
a	a	r	n	transhumanță|=|Ncfsrn|2	transhumanțe|transhumanță|Ncfp-n|2	ă	e	FALSE
a	a	r	n	translare|=|Ncfsrn|1	translatări|translare|Ncfp-n|2	e	i_0	TRUE
a	a	r	n	translator|=|Ncms-n|1	translatori|translator|Ncmp-n|1		i_0	FALSE
a	a	r	n	transmodulație|=|Ncfsrn|3	transmodulații|transmodulație|Ncfp-n|3	e	j	FALSE
a	a	r	n	transpirație|=|Ncfsrn|2	transpirații|transpirație|Ncfp-n|2	e	j	FALSE
a	a	r	n	transplant|=|Ncms-n|1	transplante|transplant|Ncfp-n|1		e	FALSE
a	a	r	n	transplant|=|Ncms-n|1	transplanturi|transplant|Ncfp-n|1		u r i_0	FALSE
a	a	r	n	transversală|=|Ncfsrn|2	transversale|transversală|Ncfp-n|2	ă	e	FALSE
a	a	r	n	transă|=|Ncfsrn|0	transe|transă|Ncfp-n|0	ă	e	FALSE
a	a	r	n	tranzacție|=|Ncfsrn|1	tranzacții|tranzacție|Ncfp-n|1	e	j	FALSE
a	a	r	n	tranșă|=|Ncfsrn|0	tranșe|tranșă|Ncfp-n|0	ă	e	FALSE
a	a	r	s	tras|=|Ncms-n|0	trași|tras|Ncmp-n|0		i_0	FALSE
a	a	r	s	tras|=|Ncms-n|0	trasi|tras|Ncmp-n|0		i_0	FALSE
a	a	r	s	trasă|=|Ncfsrn|0	trase|trasă|Ncfp-n|0	ă	e	FALSE
a	a	r	t	tratat|=|Afpms-n|1	tratate|tratat|Ncfp-n|1		e	FALSE
a	a	r	t	trată|=|Ncfsrn|0	trate|trată|Ncfp-n|0	ă	e	FALSE
a	a	r	w	traumă|=|Ncfsrn|0	traume|traumă|Ncfp-n|0	ă	e	FALSE
a	a	r	v	travaliu|=|Ncms-n|1	travalii|travaliu|Ncfp-n|1	u	i	FALSE
a	a	e_X	s	treasc|=|Ncms-n|0	treascuri|treasc|Ncfp-n|0		u r i_0	FALSE
a	a	r	t	tremurat|=|Ncms-n|2	tremurați|tremurat|Ncmp-n|2		i_0	FALSE
a	a	i	d	triadă|=|Ncfsrn|1	triade|triadă|Ncfp-n|1	ă	e	FALSE
a	a	i	Z	triaj|=|Ncms-n|1	triaje|triaj|Ncfp-n|1		e	FALSE
a	a	i	l	trial|=|Ncms-n|1	triale|trial|Ncfp-n|1		e	FALSE
a	a	i	l	trial|=|Ncms-n|1	trialuri|trial|Ncfp-n|1		u r i_0	FALSE
a	a	i	n	triangulație|=|Ncfsrn|3	triangulații|triangulație|Ncfp-n|3	e	j	FALSE
a	a	n	l	tribunal|=|Ncms-n|2	tribunale|tribunal|Ncfp-n|2		e	FALSE
a	a	r	t	triceratops|=|Ncms-n|2	triceratopși|triceratops|Ncmp-n|2		i_0	FALSE
a	a	t	Z	tricotaj|=|Ncms-n|2	tricotaje|tricotaj|Ncfp-n|2		e	FALSE
a	a	s	l	triplusalt|=|Ncms-n|2	triplusalturi|triplusalt|Ncfp-n|2		u r i_0	FALSE
a	a	f	n	triptofan|=|Ncms-n|2	triptofani|triptofan|Ncmp-n|2		i_0	FALSE
a	a	o_X	k	troacar|=|Ncms-n|1	troacare|troacar|Ncfp-n|1		e	FALSE
a	a	o_X	k	troacă|=|Ncfsrn|0	troace|troacă|Ncfp-n|0	ă	e	FALSE
a	a	o_X	h	troahnă|=|Ncfsrn|0	troahne|troahnă|Ncfp-n|0	ă	e	FALSE
a	a	w	r	trotuar|=|Ncms-n|1	trotuare|trotuar|Ncfp-n|1		e	FALSE
a	a	k	Z	trucaj|=|Ncms-n|1	trucaje|trucaj|Ncfp-n|1		e	FALSE
a	a	ts	S	trâmbițaș|=|Ncms-n|2	trâmbițași|trâmbițaș|Ncmp-n|2		i_0	FALSE
a	a	o_X	j	trânjoaică|=|Ncfsrn|1	trânjoaice|trânjoaică|Ncfp-n|1	ă	e	FALSE
a	a	o_X	j	trânjoaică|=|Ncfsrn|1	trânjoaicele|trânjoaică|Ncfp-n|1	ă	e l e	FALSE
a	a	d	t	trădat|=|Afpms-n|1	trădați|trădat|Ncmp-n|1		i_0	FALSE
a	a	o_X	r	trăistioară|=|Ncfsrn|2	trăistioare|trăistioară|Ncfp-n|2	ă	e	FALSE
a	a	n	r	tunar|=|Ncms-n|1	tunari|tunar|Ncmp-n|1		i_0	FALSE
a	a	r	ts	turație|=|Ncfsrn|1	turații|turație|Ncfp-n|1	e	j	FALSE
a	a	b	n	turban|=|Ncms-n|1	turbane|turban|Ncfp-n|1		e	FALSE
a	a	b	n	turban|=|Ncms-n|1	turbanuri|turban|Ncfp-n|1		u r i_0	FALSE
a	a	b	t	turbat|=|Ncms-n|1	turbați|turbat|Ncmp-n|1		i_0	FALSE
a	a	t	p	turbostapler|=|Ncms-n|2	turbostaplere|turbostapler|Ncfp-n|2		e	FALSE
a	a	l	n	turbosuflantă|=|Ncfsrn|3	turbosuflante|turbosuflantă|Ncfp-n|3	ă	e	FALSE
a	a	t	t	turmentat|=|Afpms-n|2	turmentați|turmentat|Ncmp-n|2		i_0	FALSE
a	a	n	n	turnantă|=|Ncfsrn|1	turnante|turnantă|Ncfp-n|1	ă	e	FALSE
a	a	h	r	tâlhar|=|Ncms-n|1	tâlhari|tâlhar|Ncmp-n|1		i_0	FALSE
a	a	l	r	tâmplar|=|Ncms-n|1	tâmplari|tâmplar|Ncmp-n|1		i_0	FALSE
a	a	o_X	l	târcoală|=|Ncfsrn|1	târcoale|târcoală|Ncfp-n|1	ă	e	FALSE
a	a	g	d	tăgadă|=|Ncfsrn|1	tăgade|tăgadă|Ncfp-n|1	ă	e	FALSE
a	a	o_X	n	tărăboanță|=|Ncfsrn|2	tărăboanțe|tărăboanță|Ncfp-n|2	ă	e	FALSE
a	a	t	r	tătar|=|Ncms-n|1	tătari|tătar|Ncmp-n|1		i_0	FALSE
a	a	t	r	tătară|=|Ncfsrn|1	tătare|tătară|Ncfp-n|1	ă	e	FALSE
a	a	r	S	tătăraș|=|Ncms-n|2	tătărași|tătăraș|Ncmp-n|2		i_0	FALSE
a	a	g	S	ucigaș|=|Ncms-n|2	ucigași|ucigaș|Ncmp-n|2		i_0	FALSE
a	a	ts	r	ulițarnică|=|Ncfsrn|2	ulițarnice|ulițarnică|Ncfp-n|2	ă	e	FALSE
a	a	m	t	ultimatum|=|Ncms-n|2	ultimatumuri|ultimatum|Ncfp-n|2		u r i_0	FALSE
a	a	r	Z	ultraj|=|Ncms-n|1	ultraje|ultraj|Ncfp-n|1		e	FALSE
a	a	r	r	umbrar|=|Ncms-n|1	umbrare|umbrar|Ncfp-n|1		e	FALSE
a	a	r	d	unguligrad|=|Afpms-n|3	unguligrazi|unguligrad|Ncmp-n|3		i_0	FALSE
a	a	o_X	j	unguroaică|=|Ncfsrn|2	unguroaice|unguroaică|Ncfp-n|2	ă	e	FALSE
a	a	k	t	unicat|=|Ncms-n|2	unicate|unicat|Ncfp-n|2		e	FALSE
a	a	l	n	unigland|=|Ncms-n|2	uniglande|unigland|Ncfp-n|2		e	FALSE
a	a	i	d	universiadă|=|Ncfsrn|4	universiade|universiadă|Ncfp-n|4	ă	e	FALSE
a	a	t	r	universitară|=|Ncfsrn|4	universitare|universitară|Ncfp-n|4	ă	e	FALSE
a	a	r	g	uragan|=|Ncms-n|2	uragane|uragan|Ncfp-n|2		e	FALSE
a	a	r	n	uranofan|=|Ncms-n|3	uranofani|uranofan|Ncmp-n|3		i_0	FALSE
a	a	i	S	uriaș|=|Ncms-n|2	uriași|uriaș|Ncmp-n|2		i_0	FALSE
a	a	i	S	uriașă|=|Ncfsrn|2	uriașe|uriașă|Ncfp-n|2	ă	e	FALSE
a	a	m	S	urmaș|=|Afpms-n|1	urmași|urmaș|Ncmp-n|1		i_0	FALSE
a	a	k	t	uscat|=|Ncms-n|1	uscaturi|uscat|Ncfp-n|1		u r i_0	FALSE
a	a	k	t	uscat|=|Ncms-n|1	uscați|uscat|Ncmp-n|1		i_0	FALSE
a	a	l	Z	utilaj|=|Ncms-n|2	utilaje|utilaj|Ncfp-n|2		e	FALSE
a	a	z	n	uzanță|=|Ncfsrn|1	uzanțe|uzanță|Ncfp-n|1	ă	e	FALSE
a	a	v	k	vacanță|=|Ncfsrn|1	vacanțe|vacanță|Ncfp-n|1	ă	e	FALSE
a	a	v	k	vacarm|=|Ncms-n|1	vacarmuri|vacarm|Ncfp-n|1		u r i_0	FALSE
a	a	v	k	vacat|=|Ncms-n|0	vacaturi|vacat|Ncfp-n|0		u r i_0	FALSE
a	a	v	tS	vacs|=|Ncms-n|0	vacsuri|vacs|Ncfp-n|0		u r i_0	FALSE
a	a	v	k	vacă|=|Ncfsrn|0	vaci|vacă|Ncfp-n|0	ă	tS	FALSE
a	a	v	d	vad|=|Ncms-n|0	vaduri|vad|Ncfp-n|0		u r i_0	FALSE
a	a	v	l	val|=|Ncms-n|0	valuri|val|Ncfp-n|0		u r i_0	FALSE
a	a	v	l	valdrap|=|Ncmsvn|1	valdrapuri|valdrap|Ncfp-n|1		u r i_0	FALSE
a	a	v	l	vals|=|Ncms-n|0	valsuri|vals|Ncfp-n|0		u r i_0	FALSE
a	a	v	l	valtrap|=|Ncms-n|1	valtrapuri|valtrap|Ncfp-n|1		u r i_0	FALSE
a	a	v	l	valvă|=|Ncfsrn|0	valve|valvă|Ncfp-n|0	ă	e	FALSE
a	a	v	l	valț|=|Ncms-n|0	valțuri|valț|Ncfp-n|0		u r i_0	FALSE
a	a	v	m	vameș|=|Ncms-n|0	vameși|vameș|Ncmp-n|0		i_0	FALSE
a	a	v	n	vang|=|Ncms-n|0	vanguri|vang|Ncfp-n|0		u r i_0	FALSE
a	a	v	p	vaporaș|=|Ncms-n|2	vaporașe|vaporaș|Ncfp-n|2		e	FALSE
a	a	v	p	vaporizație|=|Ncfsrn|3	vaporizații|vaporizație|Ncfp-n|3	e	j	FALSE
a	a	v	r	var|=|Ncms-n|0	vari|var|Ncmp-n|0		i_0	FALSE
a	a	v	r	var|=|Ncms-n|0	varuri|var|Ncfp-n|0		u r i_0	FALSE
a	a	v	r	variabilă|=|Ncfsrn|2	variabile|variabilă|Ncfp-n|2	ă	e	FALSE
a	a	v	r	variantă|=|Ncfsrn|2	variante|variantă|Ncfp-n|2	ă	e	FALSE
a	a	v	r	variație|=|Ncfsrn|2	variații|variație|Ncfp-n|1	e	j	TRUE
a	a	v	s	vas|=|Ncms-n|0	vase|vas|Ncfp-n|0		e	FALSE
a	a	v	s	vascularizație|=|Ncfsrn|4	vascularizații|vascularizație|Ncfp-n|4	e	j	FALSE
a	a	v	t	vatman|=|Ncms-n|1	vatmani|vatman|Ncmp-n|1		i_0	FALSE
a	a	v	t	vatos|=|Ncms-n|0	vatoși|vatos|Ncmp-n|0		i_0	FALSE
a	a	v	t	vată|=|Ncfsrn|0	vate|vată|Ncfp-n|0	ă	e	FALSE
a	a	v	z	vază|=|Ncfsrn|0	vaze|vază|Ncfp-n|0	ă	e	FALSE
a	a	e_X	k	veac|=|Ncms-n|0	veacuri|veac|Ncfp-n|0		u r i_0	FALSE
a	a	t	l	vegetală|=|Ncfsrn|2	vegetale|vegetală|Ncfp-n|2	ă	e	FALSE
a	a	t	ts	vegetație|=|Ncfsrn|2	vegetații|vegetație|Ncfp-n|2	e	j	FALSE
a	a	e_X	t	veleat|=|Ncms-n|1	veleaturi|veleat|Ncfp-n|1		u r i_0	FALSE
a	a	l	ts	ventilație|=|Ncfsrn|2	ventilații|ventilație|Ncfp-n|2	e	j	FALSE
a	a	o_X	r	verișoară|=|Ncfsrn|2	verișoare|verișoară|Ncfp-n|2	ă	e	FALSE
a	a	s	Z	vernisaj|=|Ncms-n|2	vernisaje|vernisaj|Ncfp-n|2		e	FALSE
a	a	s	n	versant|=|Ncms-n|1	versante|versant|Ncfp-n|1		e	FALSE
a	a	s	n	versant|=|Ncms-n|1	versanți|versant|Ncmp-n|1		i_0	FALSE
a	a	k	l	verticală|=|Ncfsrn|2	verticale|verticală|Ncfp-n|2	ă	e	FALSE
a	a	i	r	vestiar|=|Ncms-n|2	vestiare|vestiar|Ncfp-n|2		e	FALSE
a	a	t	ts	vestimentație|=|Ncfsrn|3	vestimentații|vestimentație|Ncfp-n|3	e	j	FALSE
a	a	r	n	veteran|=|Ncms-n|2	veterani|veteran|Ncmp-n|2		i_0	FALSE
a	a	r	n	veterană|=|Ncfsrn|2	veterane|veterană|Ncfp-n|2	ă	e	FALSE
a	a	n	r	veterinară|=|Ncfsrn|3	veterinare|veterinară|Ncfp-n|3	ă	e	FALSE
a	a	r	ts	vibrație|=|Ncfsrn|1	vibrații|vibrație|Ncfp-n|1	e	j	FALSE
a	a	k	r	vicar|=|Ncms-n|1	vicari|vicar|Ncmp-n|1		i_0	FALSE
a	a	e	m	viceamiral|=|Ncms-n|4	viceamirali|viceamiral|Ncmp-n|4		i_0	FALSE
a	a	k	m	vicecampioană|=|Ncfsrn|3	vicecampioane|vicecampioană|Ncfp-n|3	ă	e	FALSE
a	a	m	r	viceprimar|=|Ncms-n|3	viceprimari|viceprimar|Ncmp-n|3		i_0	FALSE
a	a	k	m	videocameră|=|Ncfsrn|3	videocamere|videocameră|Ncfp-n|3	ă	e	FALSE
a	a	n	r	vinariță|=|Ncfsrn|1	vinarițe|vinariță|Ncfp-n|1	ă	e	FALSE
a	a	n	r	vinars|=|Ncms-n|1	vinarsuri|vinars|Ncfp-n|1		u r i_0	FALSE
a	a	r	d	vinograd|=|Ncmsvn|2	vinograduri|vinograd|Ncfp-n|2		u r i_0	FALSE
a	a	v	t	vinovat|=|Ncms-n|2	vinovați|vinovat|Ncmp-n|2		i_0	FALSE
a	a	v	t	vinovată|=|Ncfsrn|2	vinovate|vinovată|Ncfp-n|2	ă	e	FALSE
a	a	o_X	r	vioară|=|Ncfsrn|1	vioare|vioară|Ncfp-n|1	ă	e	FALSE
a	a	r	Z	viraj|=|Ncms-n|1	viraje|viraj|Ncfp-n|1		e	FALSE
a	a	r	Z	viraj|=|Ncms-n|1	virajuri|viraj|Ncfp-n|1		u r i_0	FALSE
a	a	n	n	virnanț|=|Ncms-n|1	virnanți|virnanț|Ncmp-n|1		i_0	FALSE
a	a	m	n	vitezoman|=|Ncms-n|3	vitezomani|vitezoman|Ncmp-n|3		i_0	FALSE
a	a	r	l	vitraliu|=|Ncms-n|1	vitralii|vitraliu|Ncfp-n|1	u	j	FALSE
a	a	n	r	vizionar|=|Ncms-n|3	vizionari|vizionar|Ncmp-n|3		i_0	FALSE
a	a	n	r	vizionară|=|Ncfsrn|3	vizionare|vizionară|Ncfp-n|3	ă	e	FALSE
a	a	g	n	vlăjgană|=|Ncfsrn|1	vlăjgane|vlăjgană|Ncfp-n|1	ă	e	FALSE
a	a	t	r	vlăstar|=|Ncms-n|1	vlăstare|vlăstar|Ncfp-n|1		e	FALSE
a	a	t	r	vlăstar|=|Ncms-n|1	vlăstari|vlăstar|Ncfp-n|1		i_0	FALSE
a	a	t	r	vlăstar|=|Ncms-n|1	vlăstari|vlăstar|Ncmp-n|1		i_0	FALSE
a	a	o_X	l	voal|=|Ncms-n|0	voaluri|voal|Ncfp-n|0		u r i_0	FALSE
a	a	k	b	vocabular|=|Ncms-n|3	vocabulare|vocabular|Ncfp-n|3		e	FALSE
a	a	k	l	vocală|=|Ncfsrn|1	vocale|vocală|Ncfp-n|1	ă	e	FALSE
a	a	k	ts	vocație|=|Ncfsrn|1	vocații|vocație|Ncfp-n|1	e	j	FALSE
a	a	j	Z	voiaj|=|Ncms-n|1	voiaje|voiaj|Ncfp-n|1		e	FALSE
a	a	j	Z	voiaj|=|Ncms-n|1	voiajuri|voiaj|Ncfp-n|1		u r i_0	FALSE
a	a	l	n	volan|=|Ncms-n|1	volane|volan|Ncfp-n|1		e	FALSE
a	a	t	Z	voltaj|=|Ncms-n|1	voltaje|voltaj|Ncfp-n|1		e	FALSE
a	a	t	r	voluntar|=|Ncms-n|2	voluntari|voluntar|Ncmp-n|2		i_0	FALSE
a	a	t	n	votant|=|Ncms-n|1	votante|votant|Ncfp-n|1		e	FALSE
a	a	t	n	votant|=|Ncms-n|1	votanți|votant|Ncmp-n|1		i_0	FALSE
a	a	r	f	vraf|=|Ncms-n|0	vrafuri|vraf|Ncfp-n|0		u r i_0	FALSE
a	a	r	j	vraiște|=|Ncf--n|0	vraiști|vraiște|Ncfp-n|0	e	i_0	FALSE
a	a	r	Z	vrajbă|=|Ncfsrn|0	vrajbe|vrajbă|Ncfp-n|0	ă	e	FALSE
a	a	r	v	vrav|=|Ncms-n|0	vravuri|vrav|Ncfp-n|0		u r i_0	FALSE
a	a	e_X	s	vreasc|=|Ncms-n|0	vreascuri|vreasc|Ncfp-n|0		u r i_0	FALSE
a	a	m	S	vrășmașă|=|Ncfsrn|1	vrășmașe|vrășmașă|Ncfp-n|1	ă	e	FALSE
a	a	k	n	vulcan|=|Ncms-n|1	vulcani|vulcan|Ncmp-n|1		i_0	FALSE
a	a	k	r	vutcar|=|Ncms-n|1	vutcari|vutcar|Ncmp-n|1		i_0	FALSE
a	a	n	t	vânat|=|Ncms-n|1	vânaturi|vânat|Ncfp-n|1		u r i_0	FALSE
a	a	l	S	vâslaș|=|Ncms-n|1	vâslași|vâslaș|Ncmp-n|1		i_0	FALSE
a	a	r	r	vădrar|=|Ncms-n|1	vădrari|vădrar|Ncmp-n|1		i_0	FALSE
a	a	t	f	vătaf|=|Ncms-n|1	vătafi|vătaf|Ncmp-n|1		i_0	FALSE
a	a	v	t	watt|=|Ncms-n|0	wați|watt|Ncmp-n|0		i_0	FALSE
a	a	i	n	yankeu|=|Ncms-n|1	yankei|yankeu|Ncmp-n|1	u	j	FALSE
a	a	z	h	zahar|=|Ncms-n|1	zaharuri|zahar|Ncfp-n|1		u r i_0	FALSE
a	a	z	h	zaharniță|=|Ncfsrn|1	zaharnițe|zaharniță|Ncfp-n|1	ă	e	FALSE
a	a	z	j	zaică|=|Ncfsrn|0	zaici|zaică|Ncfp-n|0	ă	tS	FALSE
a	a	z	r	zaraf|=|Ncms-n|1	zarafi|zaraf|Ncmp-n|1		i_0	FALSE
a	a	z	r	zarf|=|Ncms-n|0	zarfuri|zarf|Ncfp-n|0		u r i_0	FALSE
a	a	z	r	zarvă|=|Ncfsrn|0	zarve|zarvă|Ncfp-n|0	ă	e	FALSE
a	a	z	r	zarzăr|=|Ncms-n|0	zarzări|zarzăr|Ncmp-n|0		i_0	FALSE
a	a	z	r	zară|=|Ncfsrn|0	zare|zară|Ncfp-n|0	ă	e	FALSE
a	a	b	n	zbanț|=|Ncms-n|0	zbanțuri|zbanț|Ncfp-n|0		u r i_0	FALSE
a	a	b	t	zbatere|=|Ncfsrn|0	zbateri|zbatere|Ncfp-n|0	e	i_0	FALSE
a	a	m	t	zbuciumată|=|Ncfsrn|2	zbuciumate|zbuciumată|Ncfp-n|2	ă	e	FALSE
a	a	o_X	b	zdroabă|=|Ncfsrn|0	zdroabe|zdroabă|Ncfp-n|0	ă	e	FALSE
a	a	n	t	zdruncinat|=|Ncms-n|2	zdruncinați|zdruncinat|Ncmp-n|2		i_0	FALSE
a	a	n	t	zdruncinată|=|Ncfsrn|2	zdruncinate|zdruncinată|Ncfp-n|2	ă	e	FALSE
a	a	tS	f	zerdiceaf|=|Ncm--n|2	zerdiceafi|zerdiceaf|Ncmp-n|2		j	FALSE
a	a	ts	Z	zețaj|=|Ncms-n|1	zețaje|zețaj|Ncfp-n|1		e	FALSE
a	a	g	j	zgaibă|=|Ncfsrn|0	zgaibe|zgaibă|Ncfp-n|0	ă	e	FALSE
a	a	o_X	k	zglăvoacă|=|Ncfsrn|1	zglăvoace|zglăvoacă|Ncfp-n|1	ă	e	FALSE
a	a	o_X	j	zgripsoroaică|=|Ncfsrn|2	zgripsoroaice|zgripsoroaică|Ncfp-n|2	ă	e	FALSE
a	a	o_X	j	zgripsoroaică|=|Ncfsrn|2	zgripsoroaicele|zgripsoroaică|Ncfp-n|2	ă	e l e	FALSE
a	a	i	r	ziar|=|Ncms-n|1	ziare|ziar|Ncfp-n|1		e	FALSE
a	a	k	l	zicală|=|Ncfsrn|1	zicale|zicală|Ncfp-n|1	ă	e	FALSE
a	a	d	r	zidar|=|Ncms-n|1	zidari|zidar|Ncmp-n|1		i_0	FALSE
a	a	z	k	zigzac|=|Ncms-n|1	zigzacuri|zigzac|Ncfp-n|1		u r i_0	FALSE
a	a	z	g	zigzag|=|Ncms-n|1	zigzaguri|zigzag|Ncfp-n|1		u r i_0	FALSE
a	a	l	t	zlatiță|=|Ncfsrn|0	zlatițe|zlatiță|Ncfp-n|0	ă	e	FALSE
a	a	o_X	t	zloată|=|Ncfsrn|0	zloate|zloată|Ncfp-n|0	ă	e	FALSE
a	a	o_X	j	zmeoaică|=|Ncfsrn|1	zmeoaice|zmeoaică|Ncfp-n|1	ă	e	FALSE
a	a	o_X	j	zmeoaică|=|Ncfsrn|1	zmeoaicele|zmeoaică|Ncfp-n|1	ă	e l e	FALSE
a	a	n	m	znamie|=|Ncfsrn|0	znamii|znamie|Ncfp-n|0	e	j	FALSE
a	a	i	k	zodiac|=|Ncms-n|2	zodiace|zodiac|Ncfp-n|2		e	FALSE
a	a	p	r	zooparc|=|Ncms-n|2	zooparcuri|zooparc|Ncfp-n|2		u r i_0	FALSE
a	a	u	v	zuav|=|Ncms-n|1	zuavi|zuav|Ncmp-n|1		i_0	FALSE
a	a	r	v	zugrav|=|Ncms-n|1	zugravi|zugrav|Ncmp-n|1		i_0	FALSE
a	a	o_X	n	zvoană|=|Ncfsrn|0	zvoane|zvoană|Ncfp-n|0	ă	e	FALSE
a	a	z	n	zâzanie|=|Ncfsrn|1	zâzanii|zâzanie|Ncfp-n|1	e	j	FALSE
a	a	b	l	zăbală|=|Ncfsrn|1	zăbale|zăbală|Ncfp-n|1	ă	e	FALSE
a	a	b	v	zăbavă|=|Ncfsrn|1	zăbave|zăbavă|Ncfp-n|1	ă	e	FALSE
a	a	l	z	zăplaz|=|Ncms-n|1	zăplazuri|zăplaz|Ncfp-n|1		u r i_0	FALSE
a	a	r	t	împărat|=|Ncms-n|2	mpărați|împărat|Ncmp-ny|1		i_0	TRUE
a	a	r	t	împărat|=|Ncms-n|2	împărați|împărat|Ncmp-n|2		i_0	FALSE
a	a	S	n	împărtășanie|=|Ncfsrn|3	împărtășanii|împărtășanie|Ncfp-n|3	e	j	FALSE
a	a	n	i	înaintaș|=|Afpms-n|3	înaintași|înaintaș|Ncmp-n|2		i_0	TRUE
a	a	n	l	înalt|=|Ncms-n|1	înalturi|înalt|Ncfp-n|1		u r i_0	FALSE
a	a	n	ts	înclinație|=|Ncfsrn|2	nclinații|înclinație|Ncfp-ny|2	e	j	FALSE
a	a	n	ts	înclinație|=|Ncfsrn|2	înclinații|înclinație|Ncfp-n|2	e	j	FALSE
a	a	j	t	încuiată|=|Ncfsrn|2	încuiate|încuiată|Ncfp-n|2	ă	e	FALSE
a	a	z	ts	îndemnizație|=|Ncfsrn|3	îndemnizații|îndemnizație|Ncfp-n|3	e	j	FALSE
a	a	k	t	înecat|=|Ncms-n|2	necați|înecat|Ncmp-ny|1		i_0	TRUE
a	a	k	t	înecat|=|Ncms-n|2	înecați|înecat|Ncmp-n|2		i_0	FALSE
a	a	r	S	îngeraș|=|Ncms-n|2	îngerași|îngeraș|Ncmp-n|2		i_0	FALSE
a	a	ts	t	înghețată|=|Ncfsrn|2	nghețate|înghețată|Ncfp-ny|2	ă	e	FALSE
a	a	ts	t	înghețată|=|Ncfsrn|2	înghețate|înghețată|Ncfp-n|2	ă	e	FALSE
a	a	f	t	îngâmfat|=|Ncms-n|2	îngâmfați|îngâmfat|Ncmp-n|2		i_0	FALSE
a	a	o_X	r	întoarcere|=|Ncfsrn|1	întoarceri|întoarcere|Ncfp-n|1	e	i_0	FALSE
a	a	S	g	învălmășag|=|Ncms-n|3	învălmășaguri|învălmășag|Ncfp-n|3		u r i_0	FALSE
a	a	ts	t	învățat|=|Ncms-n|2	nvățați|învățat|Ncmp-ny|2		i_0	FALSE
a	a	ts	t	învățat|=|Ncms-n|2	învățați|învățat|Ncmp-n|2		i_0	FALSE
a	a	ts	t	învățată|=|Ncfsrn|2	învățate|învățată|Ncfp-n|2	ă	e	FALSE
a	a	S	f	șafar|=|Ncms-n|0	șafari|șafar|Ncmp-n|0		i_0	FALSE
a	a	S	g	șagă|=|Ncfsrn|0	șagi|șagă|Ncfp-n|0	ă	gZ	FALSE
a	a	S	h	șah|=|Ncms-n|0	șahi|șah|Ncmp-n|0		i_0	FALSE
a	a	S	h	șah|=|Ncms-n|0	șahuri|șah|Ncfp-n|0		u r i_0	FALSE
a	a	S	l	șal|=|Ncms-n|0	șaluri|șal|Ncfp-n|0		u r i_0	FALSE
a	a	S	l	șaltăr|=|Ncms-n|0	șaltăre|șaltăr|Ncfp-n|0		e	FALSE
a	a	S	m	șaman|=|Ncms-n|1	șamani|șaman|Ncmp-n|1		i_0	FALSE
a	a	S	m	șampanie|=|Ncfsrn|1	șampanii|șampanie|Ncfp-n|1	e	j	FALSE
a	a	S	n	șansă|=|Ncfsrn|0	șanse|șansă|Ncfp-n|0	ă	e	FALSE
a	a	S	n	șantaj|=|Ncms-n|1	șantaje|șantaj|Ncfp-n|1		e	FALSE
a	a	S	n	șantaj|=|Ncms-n|1	șantajuri|șantaj|Ncfp-n|1		u r i_0	FALSE
a	a	S	n	șantung|=|Ncmsvn|0	șantunguri|șantung|Ncfp-n|0		u r i_0	FALSE
a	a	S	n	șanț|=|Ncms-n|0	șanțuri|șanț|Ncfp-n|0		u r i_0	FALSE
a	a	S	r	șarg|=|Ncms-n|0	șargi|șarg|Ncmp-n|0		gZ	FALSE
a	a	S	r	șarm|=|Ncms-n|0	șarmuri|șarm|Ncfp-n|0		u r i_0	FALSE
a	a	S	t	șatră|=|Ncfsrn|0	șatre|șatră|Ncfp-n|0	ă	e	FALSE
a	a	o_X	p	șchioapă|=|Ncfsrn|0	șchioape|șchioapă|Ncfp-n|0	ă	e	FALSE
a	a	l	r	școlar|=|Afpms-n|1	școlari|școlar|Ncmp-n|1		i_0	FALSE
a	a	r	b	șcrabă|=|Ncfsrn|0	șcrabe|șcrabă|Ncfp-n|0	ă	e	FALSE
a	a	t	r	șeptar|=|Ncms-n|1	șeptari|șeptar|Ncmp-n|1		i_0	FALSE
a	a	p	S	șerpaș|=|Ncms-n|1	șerpași|șerpaș|Ncmp-n|1		i_0	FALSE
a	a	o_X	j	șerpoaică|=|Ncfsrn|1	șerpoaice|șerpoaică|Ncfp-n|1	ă	e	FALSE
a	a	f	r	șfară|=|Ncfsrn|0	șfare|șfară|Ncfp-n|0	ă	e	FALSE
a	a	f	r	șfarț|=|Ncms-n|0	șfarțuri|șfarț|Ncfp-n|0		u r i_0	FALSE
a	a	k	n	șicană|=|Ncfsrn|1	șicane|șicană|Ncfp-n|1	ă	e	FALSE
a	a	l	r	șindrilar|=|Ncms-n|2	șindrilari|șindrilar|Ncmp-n|2		i_0	FALSE
a	a	e_X	g	șireag|=|Ncms-n|1	șireaguri|șireag|Ncfp-n|1		u r i_0	FALSE
a	a	l	g	șlagăr|=|Ncms-n|0	șlagăre|șlagăr|Ncfp-n|0		e	FALSE
a	a	l	p	șlap|=|Ncms-n|0	șlapi|șlap|Ncmp-n|0		i_0	FALSE
a	a	e_X	h	șleah|=|Ncms-n|0	șleahuri|șleah|Ncfp-n|0		u r i_0	FALSE
a	a	e_X	h	șleahtic|=|Ncms-n|0	șleahtici|șleahtic|Ncmp-n|0		tS	FALSE
a	a	e_X		șleau|=|Ncms-n|0	șleauri|șleau|Ncfp-n|0	u	u r i_0	FALSE
a	a	m	l	șmal|=|Ncms-n|0	șmale|șmal|Ncfp-n|0		e	FALSE
a	a	n	p	șnapan|=|Ncms-n|1	șnapani|șnapan|Ncmp-n|1		i_0	FALSE
a	a	n	p	șnaps|=|Ncmsvn|0	șnapsuri|șnaps|Ncfp-n|0		u r i_0	FALSE
a	a	r	m	șnurceramică|=|Ncfsrn|2	șnurceramici|șnurceramică|Ncfp-n|2	ă	tS	FALSE
a	a	o_X	k	șoacăț|=|Ncms-n|0	șoacăți|șoacăț|Ncmp-n|0		i_0	FALSE
a	a	o_X	l	șoaldină|=|Ncfsrn|0	șoaldine|șoaldină|Ncfp-n|0	ă	e	FALSE
a	a	o_X	n	șoantă|=|Ncfsrn|0	șoante|șoantă|Ncfp-n|0	ă	e	FALSE
a	a	o_X	p	șoaptă|=|Ncfsrn|0	șoapte|șoaptă|Ncfp-n|0	ă	e	FALSE
a	a	o_X	r	șoarec|=|Ncms-n|0	șoareci|șoarec|Ncmp-n|0		tS	FALSE
a	a	o_X	r	șoarece|=|Ncms-n|0	șoareci|șoarece|Ncmp-n|0	e	tS	FALSE
a	a	l	n	șobolan|=|Ncms-n|2	șobolani|șobolan|Ncmp-n|2		i_0	FALSE
a	a	r	n	șofran|=|Ncms-n|1	șofrani|șofran|Ncmp-n|1		i_0	FALSE
a	a	m	r	șoimar|=|Ncms-n|1	șoimari|șoimar|Ncmp-n|1		i_0	FALSE
a	a	o_X	j	șoricioaică|=|Ncfsrn|2	șoricioaice|șoricioaică|Ncfp-n|2	ă	e	FALSE
a	a	p	k	șpaclu|=|Ncms-n|0	șpacluri|șpaclu|Ncfp-n|0	u	u r i_0	FALSE
a	a	p	g	șpagă|=|Ncfsrn|0	șpage|șpagă|Ncfp-n|0	ă	e	FALSE
a	a	p	j	șpais|=|Ncms-n|0	șpaisuri|șpais|Ncfp-n|0		u r i_0	FALSE
a	a	p	l	șpalt|=|Ncms-n|0	șpalturi|șpalt|Ncfp-n|0		u r i_0	FALSE
a	a	p	n	șpan|=|Ncms-n|0	șpani|șpan|Ncmp-n|0		i_0	FALSE
a	a	p	n	șpan|=|Ncms-n|0	șpanuri|șpan|Ncfp-n|0		u r i_0	FALSE
a	a	r	k	șperaclu|=|Ncms-n|1	șperacle|șperaclu|Ncfp-n|1	u	e	FALSE
a	a	r	j	șpraiț|=|Ncms-n|0	șpraițuri|șpraiț|Ncfp-n|0		u r i_0	FALSE
a	a	t	b	ștab|=|Ncms-n|0	ștabi|ștab|Ncmp-n|0		i_0	FALSE
a	a	t	b	ștab|=|Ncms-n|0	ștaburi|ștab|Ncfp-n|0		u r i_0	FALSE
a	a	t	f	ștafetar|=|Ncms-n|2	ștafetari|ștafetar|Ncmp-n|2		i_0	FALSE
a	a	t	j	ștaif|=|Ncms-n|0	ștaifuri|ștaif|Ncfp-n|0		u r i_0	FALSE
a	a	t	n	ștand|=|Ncms-n|0	ștanduri|ștand|Ncfp-n|0		u r i_0	FALSE
a	a	t	t	ștat|=|Ncms-n|0	ștate|ștat|Ncfp-n|0		e	FALSE
a	a	t	w	ștaufer|=|Ncms-n|0	ștaufere|ștaufer|Ncfp-n|0		e	FALSE
a	a	e_X	m	șteamp|=|Ncms-n|0	șteampuri|șteamp|Ncfp-n|0		u r i_0	FALSE
a	a	e_X	n	șteand|=|Ncms-n|0	șteanduri|șteand|Ncfp-n|0		u r i_0	FALSE
a	a	g	r	ștergar|=|Ncms-n|1	ștergare|ștergar|Ncfp-n|1		e	FALSE
a	a	o_X	l	știoalfă|=|Ncfsrn|0	știoalfe|știoalfă|Ncfp-n|0	ă	e	FALSE
a	a	r	f	ștraf|=|Ncms-n|0	ștrafuri|ștraf|Ncfp-n|0		u r i_0	FALSE
a	a	r	j	ștraif|=|Ncms-n|0	ștraifuri|ștraif|Ncfp-n|0		u r i_0	FALSE
a	a	r	n	ștrand|=|Ncms-n|0	ștranduri|ștrand|Ncfp-n|0		u r i_0	FALSE
a	a	r	s	ștras|=|Ncms-n|0	ștrasuri|ștras|Ncfp-n|0		u r i_0	FALSE
a	a	e_X	n	ștreang|=|Ncms-n|0	ștreanguri|ștreang|Ncfp-n|0		u r i_0	FALSE
a	a	v	b	șvab|=|Afpms-n|0	șvabi|șvab|Ncmp-n|0		i_0	FALSE
a	a	v	b	șvabă|=|Ncfsrn|0	șvabe|șvabă|Ncfp-n|0	ă	e	FALSE
a	a	v	r	șvarț|=|Ncms-n|0	șvarțuri|șvarț|Ncfp-n|0		u r i_0	FALSE
a	a	o_X	j	șvăboaică|=|Ncfsrn|1	șvăboaice|șvăboaică|Ncfp-n|1	ă	e	FALSE
a	a	o_X	j	șvăboaică|=|Ncfsrn|1	șvăboaicele|șvăboaică|Ncfp-n|1	ă	e l e	FALSE
a	a	ts	m	țambal|=|Ncms-n|1	țambale|țambal|Ncfp-n|1		e	FALSE
a	a	ts	m	țambal|=|Ncms-n|1	țambaluri|țambal|Ncfp-n|1		u r i_0	FALSE
a	a	ts	p	țap|=|Ncms-n|0	țapi|țap|Ncmp-n|0		i_0	FALSE
a	a	ts	p	țapinar|=|Ncms-n|2	țapinari|țapinar|Ncmp-n|2		i_0	FALSE
a	a	ts	r	țar|=|Ncms-n|0	țari|țar|Ncmp-n|0		i_0	FALSE
a	a	ts	r	țarc|=|Ncms-n|0	țarcuri|țarc|Ncfp-n|0		u r i_0	FALSE
a	a	ts	r	țarțam|=|Ncms-n|1	țarțamuri|țarțam|Ncfp-n|1		u r i_0	FALSE
a	a	p	r	țepar|=|Ncms-n|1	țepari|țepar|Ncmp-n|1		i_0	FALSE
a	a	g	n	țigan|=|Ncms-n|1	țigani|țigan|Ncmp-n|1		i_0	FALSE
a	a	l	r	țiglar|=|Ncms-n|1	țiglari|țiglar|Ncmp-n|1		i_0	FALSE
a	a	n	l	țignal|=|Ncms-n|1	țignale|țignal|Ncfp-n|1		e	FALSE
a	a	b	l	țimbal|=|Ncms-n|1	țimbale|țimbal|Ncfp-n|1		e	FALSE
a	a	b	l	țimbal|=|Ncms-n|1	țimbaluri|țimbal|Ncfp-n|1		u r i_0	FALSE
a	a	t	r	țintar|=|Ncms-n|1	țintare|țintar|Ncfp-n|1		e	FALSE
a	a	t	r	țintar|=|Ncms-n|1	țintari|țintar|Ncmp-n|1		i_0	FALSE
a	a	l	m	țircălam|=|Ncms-n|2	țircălame|țircălam|Ncfp-n|2		e	FALSE
a	a	l	m	țircălam|=|Ncms-n|2	țircălamuri|țircălam|Ncfp-n|2		u r i_0	FALSE
a	a	t	r	țiștar|=|Ncms-n|1	țiștari|țiștar|Ncmp-n|1		i_0	FALSE
a	a	o_X	p	țoapă|=|Ncfsrn|0	țoape|țoapă|Ncfp-n|0	ă	e	FALSE
a	a	h	w	țuhaus|=|Ncm--n|1	țuhausuri|țuhaus|Ncfp-n|1		u r i_0	FALSE
a	a	ts	r	țânțar|=|Ncms-n|1	țânțari|țânțar|Ncmp-n|1		i_0	FALSE
a	a	r	S	țânțăraș|=|Ncms-n|2	țânțărași|țânțăraș|Ncmp-n|2		i_0	FALSE
a	a	r	n	țăran|=|Ncms-n|1	țărani|țăran|Ncmp-n|1		i_0	FALSE
a	a	r	n	țărancă|=|Ncfsrn|1	țărance|țărancă|Ncfp-n|1	ă	e	FALSE
a	a	o_X	r	țărișoară|=|Ncfsrn|2	țărișoare|țărișoară|Ncfp-n|2	ă	e	FALSE
